instance,at_utc,elapsed_seconds,points,hv_ratio_to_complete,decisions,covered_combinations
6_2_1439_3_S_1-9,2026-09-30T23:05:53.761645-03:00,375.0,14,0.7918057674557448,96510,911650417196569299
6_2_1439_3_S_1-9,2026-09-30T23:07:23.77325-03:00,435.125,14,0.7918057674557448,111101,912966246675054790
6_2_1439_3_S_1-9,2026-09-30T23:08:23.783003-03:00,495.125,14,0.7918057674557448,126965,912968075269601505
6_2_1439_3_S_1-9,2026-09-30T23:09:23.794691-03:00,555.125,14,0.7918057674557448,142941,912970509771372129
6_2_1439_3_S_1-9,2026-09-30T23:10:23.804938-03:00,615.125,14,0.7918057674557448,158672,912972338146996743
6_2_1439_3_S_1-9,2026-09-30T23:11:23.815823-03:00,675.125,14,0.7918219190682512,174469,912975382570106954
6_2_1439_3_S_1-9,2026-09-30T23:12:23.82931-03:00,735.125,14,0.7918219190682512,190691,912978425751474014
6_2_1439_3_S_1-9,2026-09-30T23:13:23.844353-03:00,795.125,14,0.7918219190682512,206871,912980253616483769
6_2_1439_3_S_1-9,2026-09-30T23:14:23.85782-03:00,855.125,14,0.7918269036668545,223006,912982080386289426
6_2_1439_3_S_1-9,2026-09-30T23:15:23.873924-03:00,915.125,14,0.7918369653271043,241155,8317721126134633758
6_2_1439_3_S_1-9,2026-09-30T23:16:23.894517-03:00,975.125,14,0.7918369653271043,257532,8317725998567522019
6_2_1439_3_S_1-9,2026-09-30T23:17:23.915133-03:00,1035.125,14,0.7918369653271043,275235,8317733305283283621
6_2_1439_3_S_1-9,2026-09-30T23:18:23.933821-03:00,1095.125,14,0.7918369653271043,291193,8317735740734617475
7_2_1439_3_S_1-9,2026-09-30T23:05:53.761645-03:00,60.0,10,0.8613350509143108,79280,7428446865623081082096
7_2_1439_3_S_1-9,2026-09-30T23:07:23.77325-03:00,120.15600000000268,11,0.862599868311357,133710,7441274442889275016028
7_2_1439_3_S_1-9,2026-09-30T23:08:23.783003-03:00,180.15600000000268,10,0.8626086307431025,291288,7441339388536695895188
7_2_1439_3_S_1-9,2026-09-30T23:09:23.794691-03:00,240.15600000000268,11,0.8626375954480385,396665,7441384478867678932060
7_2_1439_3_S_1-9,2026-09-30T23:10:23.804938-03:00,300.1560000000027,15,0.8785464890778216,457748,7441473725585832715796
7_2_1439_3_S_1-9,2026-09-30T23:11:23.815823-03:00,360.1560000000027,15,0.8849275180020645,591427,7441474447460648069087
7_2_1439_3_S_1-9,2026-09-30T23:12:23.82931-03:00,420.1560000000027,15,0.8849275180020645,742758,7453161715208524334968
7_2_1439_3_S_1-9,2026-09-30T23:13:23.845358-03:00,480.1560000000027,15,0.8849275180020645,900528,7453176712767084724308
7_2_1439_3_S_1-9,2026-09-30T23:14:23.85782-03:00,540.1560000000027,15,0.8849275180020645,1122267,7453191784612835697394
7_2_1439_3_S_1-9,2026-09-30T23:15:23.873924-03:00,600.1560000000027,15,0.8849275180020645,1392397,7453221739597950804644
7_2_1439_3_S_1-9,2026-09-30T23:16:23.894517-03:00,660.1560000000027,15,0.8849275180020645,1666937,7453276806138117367266
7_2_1439_3_S_1-9,2026-09-30T23:17:23.915133-03:00,720.1560000000027,16,0.8849533184955369,1681018,7453286783544629549600
7_2_1439_3_S_1-9,2026-09-30T23:18:23.933821-03:00,780.1560000000027,15,0.8849581865131732,1695510,7453316820002715220664
6_2_1439_3_S_1-9,2026-10-01T02:18:28.375912+00:00,1095.125,14,0.7918369653271043,291193,8317735740734617475
6_2_1439_3_S_1-9,2026-10-01T02:19:58.446325+00:00,1155.25,14,0.7918369653271043,301956,8317737566409876528
6_2_1439_3_S_1-9,2026-10-01T02:20:58.488547+00:00,1215.25,14,0.7918369653271043,311498,8317738785375795098
6_2_1439_3_S_1-9,2026-10-01T02:21:58.510198+00:00,1275.25,14,0.7918369653271043,323335,8317741219803941817
6_2_1439_3_S_1-9,2026-10-01T02:22:58.539152+00:00,1335.25,14,0.7918369653271043,335429,8317743046866635382
6_2_1439_3_S_1-9,2026-10-01T02:23:58.564842+00:00,1395.25,14,0.7918369653271043,348599,8317746091361531799
6_2_1439_3_S_1-9,2026-10-01T02:24:58.617388+00:00,1455.25,14,0.7918369653271043,363794,8317748528052898571
6_2_1439_3_S_1-9,2026-10-01T02:25:28.642726+00:00,1515.25,14,0.7918369653271043,378252,8317750354750054781
6_2_1439_3_S_1-9,2026-10-01T02:26:28.694874+00:00,1575.25,14,0.7918369653271043,393655,8317752789033406026
6_2_1439_3_S_1-9,2026-10-01T02:27:28.734575+00:00,1635.25,14,0.7918369653271043,411554,8322767681371012947
6_2_1439_3_S_1-9,2026-10-01T02:28:28.781991+00:00,1695.25,14,0.7918369653271043,428165,8322773162557258902
6_2_1439_3_S_1-9,2026-10-01T02:29:28.831115+00:00,1755.25,14,0.7918369653271043,444659,8322778034334070230
6_2_1439_3_S_1-9,2026-10-01T02:30:28.879243+00:00,1815.25,14,0.7918369653271043,460036,8322781077661694280
6_2_1439_3_S_1-9,2026-10-01T02:31:28.933080+00:00,1875.25,14,0.7918369653271043,475322,8322783513404138163
6_2_1439_3_S_1-9,2026-10-01T02:32:28.983544+00:00,1935.25,14,0.7918369653271043,490109,8322785949146027931
6_2_1439_3_S_1-9,2026-10-01T02:33:29.036539+00:00,1995.25,14,0.7918369653271043,505553,8322788993860726856
6_2_1439_3_S_1-9,2026-10-01T02:34:29.076153+00:00,2055.25,14,0.7918369653271043,519581,8322792038429168685
6_2_1439_3_S_1-9,2026-10-01T02:35:29.123942+00:00,2115.25,14,0.7918369653271043,533544,8322793865637402098
6_2_1439_3_S_1-9,2026-10-01T02:36:29.170351+00:00,2175.25,14,0.7918369653271043,548111,8322795691969977482
6_2_1439_3_S_1-9,2026-10-01T02:37:29.219473+00:00,2235.25,14,0.7918369653271043,565230,8327809366143785346
6_2_1439_3_S_1-9,2026-10-01T02:38:29.278708+00:00,2295.25,14,0.7918369653271043,581087,8327814238723134309
6_2_1439_3_S_1-9,2026-10-01T02:39:29.332273+00:00,2355.25,14,0.7918369653271043,598284,8327821545658451298
6_2_1439_3_S_1-9,2026-10-01T02:40:29.390904+00:00,2415.25,14,0.7918369653271043,613279,8327823980962743189
6_2_1439_3_S_1-9,2026-10-01T02:41:29.431958+00:00,2475.25,14,0.7918369653271043,628385,8327826416631905829
6_2_1439_3_S_1-9,2026-10-01T02:42:29.482127+00:00,2535.25,14,0.7918369653271043,643405,8327828852520477762
6_2_1439_3_S_1-9,2026-10-01T02:43:29.525781+00:00,2595.25,14,0.7918369653271043,658789,8327831896139998242
6_2_1439_3_S_1-9,2026-10-01T02:44:29.582138+00:00,2655.25,14,0.7918369653271043,674137,8327835549389132096
6_2_1439_3_S_1-9,2026-10-01T02:45:29.658305+00:00,2715.25,14,0.7918369653271043,688758,8327837984473902129
6_2_1439_3_S_1-9,2026-10-01T02:46:29.713993+00:00,2775.25,14,0.7918369653271043,704131,8327839810879904007
6_2_1439_3_S_1-9,2026-10-01T02:47:29.788621+00:00,2835.25,14,0.7918369653271043,721831,8332853485784028210
6_2_1439_3_S_1-9,2026-10-01T02:48:29.876175+00:00,2895.25,14,0.7918369653271043,737294,8332858358363420618
6_2_1439_3_S_1-9,2026-10-01T02:49:29.967641+00:00,2955.25,14,0.7918369653271043,752899,8332865056618020765
6_2_1439_3_S_1-9,2026-10-01T02:50:30.062738+00:00,3015.25,14,0.7918369653271043,767952,8332867492506678891
6_2_1439_3_S_1-9,2026-10-01T02:51:30.150618+00:00,3075.25,14,0.7918369653271043,783085,8332870535980293534
6_2_1439_3_S_1-9,2026-10-01T02:52:30.242184+00:00,3135.25,14,0.7918369653271043,797812,8332872971868969512
6_2_1439_3_S_1-9,2026-10-01T02:53:30.303826+00:00,3195.25,14,0.7918369653271043,813152,8332876015780412019
6_2_1439_3_S_1-9,2026-10-01T02:54:30.365645+00:00,3255.25,14,0.7918369653271043,828716,8332879669392827511
6_2_1439_3_S_1-9,2026-10-01T02:55:30.418894+00:00,3315.25,14,0.7918369653271043,844688,8332882105208118204
6_2_1439_3_S_1-9,2026-10-01T02:56:30.473808+00:00,3375.25,14,0.7918369653271043,860780,8332883932709161749
6_2_1439_3_S_1-9,2026-10-01T02:57:30.528915+00:00,3435.25,14,0.7918369653271043,879981,8337898824170949033
6_2_1439_3_S_1-9,2026-10-01T02:58:30.584907+00:00,3495.25,14,0.7918369653271043,899270,8337906131835957600
6_2_1439_3_S_1-9,2026-10-01T02:59:30.642109+00:00,3555.25,14,0.7918369653271043,916577,8337911610249547557
6_2_1439_3_S_1-9,2026-10-01T03:00:30.700194+00:00,3615.25,14,0.7918369653271043,932412,8337914046939282543
6_2_1439_3_S_1-9,2026-10-01T03:01:30.760701+00:00,3675.25,14,0.7918369653271043,948558,8337917090997751305
6_2_1439_3_S_1-9,2026-10-01T03:02:30.821260+00:00,3735.25,14,0.7918369653271043,964896,8337920135857192881
6_2_1439_3_S_1-9,2026-10-01T03:03:30.882599+00:00,3795.25,14,0.7918369653271043,980914,8337923789762582454
6_2_1439_3_S_1-9,2026-10-01T03:04:30.944304+00:00,3855.25,14,0.7918369653271043,996921,8337926225724206377
6_2_1439_3_S_1-9,2026-10-01T03:05:31.008830+00:00,3915.25,14,0.7918369653271043,1012754,8337928659350840319
6_2_1439_3_S_1-9,2026-10-01T03:06:31.087781+00:00,3975.25,14,0.7918369653271043,1029963,8342942943883841370
6_2_1439_3_S_1-9,2026-10-01T03:07:31.152876+00:00,4035.25,14,0.7918369653271043,1049199,8342950251913217820
7_2_1439_3_S_1-9,2026-10-01T02:18:28.375912+00:00,780.1560000000027,15,0.8849581865131732,1695510,7453316820002715220664
7_2_1439_3_S_1-9,2026-10-01T02:19:58.448330+00:00,840.2810000000027,15,0.8849620809272822,1781000,7453366741781289861584
7_2_1439_3_S_1-9,2026-10-01T02:20:58.488547+00:00,900.2810000000027,15,0.8849620809272822,1856347,7453376752133401887616
7_2_1439_3_S_1-9,2026-10-01T02:21:58.512203+00:00,960.2810000000027,15,0.8849620809272822,1979867,7453386809219106322049
7_2_1439_3_S_1-9,2026-10-01T02:22:58.539152+00:00,1020.2810000000027,17,0.8905488731450574,2033797,7453416844474560343020
7_2_1439_3_S_1-9,2026-10-01T02:23:58.564842+00:00,1080.2810000000027,17,0.8905625114460805,2044346,7458392825556836250360
7_2_1439_3_S_1-9,2026-10-01T02:24:58.617388+00:00,1140.2810000000027,17,0.8905625114460805,2056515,7458397829535446617824
7_2_1439_3_S_1-9,2026-10-01T02:25:28.652748+00:00,1200.2810000000027,17,0.8905625114460805,2068229,7458402833512694671712
7_2_1439_3_S_1-9,2026-10-01T02:26:28.699347+00:00,1260.2810000000027,17,0.8905625114460805,2080690,7458412828281231257844
7_2_1439_3_S_1-9,2026-10-01T02:27:28.742843+00:00,1320.2810000000027,17,0.8905625114460805,2093284,7458417835254574105008
7_2_1439_3_S_1-9,2026-10-01T02:28:28.790099+00:00,1380.2810000000027,17,0.8905625114460805,2105558,7458427833036102364988
7_2_1439_3_S_1-9,2026-10-01T02:29:28.839403+00:00,1440.2810000000027,17,0.8905625114460805,2118148,7458432841806225071312
7_2_1439_3_S_1-9,2026-10-01T02:30:28.885252+00:00,1500.2810000000027,17,0.8905625114460805,2130606,7458442843763312563344
7_2_1439_3_S_1-9,2026-10-01T02:31:28.941109+00:00,1560.2810000000027,17,0.8905625114460805,2143040,7458457841941380597232
7_2_1439_3_S_1-9,2026-10-01T02:32:28.991564+00:00,1620.2810000000027,17,0.8905625114460805,2155106,7458467849293107295740
7_2_1439_3_S_1-9,2026-10-01T02:33:29.042799+00:00,1680.2810000000027,17,0.8905625114460805,2167647,7458492853609397549560
7_2_1439_3_S_1-9,2026-10-01T02:34:29.077157+00:00,1740.2810000000027,17,0.8905625114460805,2178991,7458592872695583276112
7_2_1439_3_S_1-9,2026-10-01T02:35:29.123942+00:00,1800.2810000000027,17,0.8905625114460805,2190282,7458607876844707253476
7_2_1439_3_S_1-9,2026-10-01T02:36:29.170351+00:00,1860.2810000000027,17,0.8905625114460805,2202288,7458622876221401546480
7_2_1439_3_S_1-9,2026-10-01T02:37:29.225485+00:00,1920.2810000000027,17,0.8905625114460805,2214111,7458632726538616319060
7_2_1439_3_S_1-9,2026-10-01T02:38:29.286739+00:00,1980.2810000000027,17,0.8905625114460805,2226224,7458642669615591274756
7_2_1439_3_S_1-9,2026-10-01T02:39:29.332273+00:00,2040.2810000000027,17,0.8905625114460805,2238217,7458647820504763818416
7_2_1439_3_S_1-9,2026-10-01T02:40:29.390904+00:00,2100.2810000000027,17,0.8905625114460805,2250292,7458657684466123261256
7_2_1439_3_S_1-9,2026-10-01T02:41:29.431958+00:00,2160.2810000000027,17,0.8905625114460805,2262444,7458662781222506820564
7_2_1439_3_S_1-9,2026-10-01T02:42:29.482127+00:00,2220.2810000000027,17,0.8905625114460805,2274619,7458667858348088196360
7_2_1439_3_S_1-9,2026-10-01T02:43:29.525781+00:00,2280.2810000000027,17,0.8905625114460805,2428727,72443242027159296156500
7_2_1439_3_S_1-9,2026-10-01T02:44:29.590163+00:00,2340.2810000000027,17,0.8905625114460805,2593654,72443347013679563368720
7_2_1439_3_S_1-9,2026-10-01T02:45:29.658305+00:00,2400.2810000000027,17,0.8905625114460805,2817122,72443372071319938241189
7_2_1439_3_S_1-9,2026-10-01T02:46:29.724027+00:00,2460.2810000000027,17,0.8905625114460805,3052022,72443417010685992371568
7_2_1439_3_S_1-9,2026-10-01T02:47:29.788621+00:00,2520.2810000000027,17,0.8905625114460805,3175114,72443517110645586376954
7_2_1439_3_S_1-9,2026-10-01T02:48:29.893414+00:00,2580.2810000000027,17,0.8905625114460805,3269935,72443537096610368718617
7_2_1439_3_S_1-9,2026-10-01T02:49:29.979677+00:00,2640.2810000000027,17,0.8905625114460805,3370312,72443567086938684952744
7_2_1439_3_S_1-9,2026-10-01T02:50:30.072768+00:00,2700.2810000000027,17,0.8905625114460805,3393160,72443577122453535252800
7_2_1439_3_S_1-9,2026-10-01T02:51:30.160654+00:00,2760.2810000000027,17,0.8905625114460805,3404674,72443587112429910374088
7_2_1439_3_S_1-9,2026-10-01T02:52:30.242184+00:00,2820.2810000000027,17,0.8905625114460805,3415920,72443592115811301145852
7_2_1439_3_S_1-9,2026-10-01T02:53:30.303826+00:00,2880.2810000000027,17,0.8905625114460805,3427529,72443597120385902639956
7_2_1439_3_S_1-9,2026-10-01T02:54:30.365645+00:00,2940.2810000000027,17,0.8905625114460805,3440020,72443602126758915267228
7_2_1439_3_S_1-9,2026-10-01T02:55:30.418894+00:00,3000.2810000000027,17,0.8905625114460805,3452880,72443612124526682291980
7_2_1439_3_S_1-9,2026-10-01T02:56:30.473808+00:00,3060.2810000000027,17,0.8905625114460805,3465760,72443622124123786305588
7_2_1439_3_S_1-9,2026-10-01T02:57:30.528915+00:00,3120.2810000000027,17,0.8905625114460805,3478663,72443632126687001957504
7_2_1439_3_S_1-9,2026-10-01T02:58:30.584907+00:00,3180.2810000000027,17,0.8905625114460805,3491551,72443642131645529182984
7_2_1439_3_S_1-9,2026-10-01T02:59:30.642109+00:00,3240.2810000000027,17,0.8905625114460805,3504447,72443657134593383143596
7_2_1439_3_S_1-9,2026-10-01T03:00:30.701198+00:00,3300.2810000000027,17,0.8905625114460805,3517144,72443672142350350179156
7_2_1439_3_S_1-9,2026-10-01T03:01:30.760701+00:00,3360.2810000000027,17,0.8905625114460805,3529930,72443777163004852522008
7_2_1439_3_S_1-9,2026-10-01T03:02:30.821260+00:00,3420.2810000000027,17,0.8905625114460805,3542780,72443797166933502869728
7_2_1439_3_S_1-9,2026-10-01T03:03:30.882599+00:00,3480.2810000000027,17,0.8905625114460805,3555664,72443812167515093975124
7_2_1439_3_S_1-9,2026-10-01T03:04:30.944304+00:00,3540.2810000000027,17,0.8905625114460805,3568535,72443822117747985168576
7_2_1439_3_S_1-9,2026-10-01T03:05:31.008830+00:00,3600.2810000000027,17,0.8905625114460805,3581224,72443832072721716036768
7_2_1439_3_S_1-9,2026-10-01T03:06:31.087781+00:00,3660.2810000000027,17,0.8905625114460805,3592340,72443841933709133432792
7_2_1439_3_S_1-9,2026-10-01T03:07:31.152876+00:00,3720.2810000000027,17,0.8905625114460805,3604650,72443847056639328928476
