instance,sha256,method,source,snapshot_source,status,pareto_proven,points,schedule_points_verified,elapsed_seconds,stop_reason,sweep_epsilons,minimum_makespan,minimum_energy,maximum_pareto_makespan,candidate_makespan,candidate_energy,candidate_verified,hypervolume,hv_ratio_to_complete,strictly_dominated_by_complete,exact_reference_matches
6_2_1439_3_S_1-9,c27aafe109609de23235d989af5593c4ebdf9faaa365649ab21ec4a8c3f07cc4,cp_sat_epsilon_constraint,data\baselines\6_2_1439_3_S_1-9_cpsat_complete.json,data\analysis\snapshot\data\baselines\6_2_1439_3_S_1-9_cpsat_complete.json,complete,True,43,0,1141.5292512000306,,0,94,134.099428,220,,,False,768094.9871182167,1.0,0,43
10_2_1439_3_S_1-9,d2b758d6fe2f6844905ffd376128f805c98bbcf357374dcc15006ef66f4a80a4,cp_sat_epsilon_constraint,data\experiments\2026-09-30\cpsat\10_2_1439_3_S_1-9.json,data\analysis\snapshot\data\experiments\2026-09-30\cpsat\10_2_1439_3_S_1-9.json,incomplete,False,6,6,630.5460000000021,solver_unknown,0,170,308.30386066666665,175,,,False,757386.8404290833,0.8346344646610263,0,6
8_2_1439_3_S_1-9,ed3975883e3979a98cac26779402dc2f7bf2de48d251ff47f6c3d42dd4a55c85,cp_sat_epsilon_constraint,data\experiments\2026-09-30\cpsat\8_2_1439_3_S_1-9.json,data\analysis\snapshot\data\experiments\2026-09-30\cpsat\8_2_1439_3_S_1-9.json,incomplete,False,16,16,630.3439999999973,solver_unknown,0,131,257.2132914,146,,,False,925403.4302074,0.9165131963292458,0,16
9_2_1439_3_S_1-9,e376a7011fe3fcc500fe007d7c91514d4f9b7673ccc9b9734ff640c4148ac60f,cp_sat_epsilon_constraint,data\experiments\2026-09-30\cpsat\9_2_1439_3_S_1-9.json,data\analysis\snapshot\data\experiments\2026-09-30\cpsat\9_2_1439_3_S_1-9.json,incomplete,False,14,14,630.7349999999933,solver_unknown,0,151,293.57681226666665,166,,,False,1033092.7336931666,0.8944078707142725,0,14
6_2_1439_3_S_1-9,c27aafe109609de23235d989af5593c4ebdf9faaa365649ab21ec4a8c3f07cc4,custom_exact_propagation,data\experiments\2026-09-30\custom_exact\6_2_1439_3_S_1-9.json,data\analysis\snapshot\data\experiments\2026-09-30\custom_exact\6_2_1439_3_S_1-9.json,incomplete,False,14,14,4095.25,em execução,0,110,249.2251105,149,,,False,608206.00368265,0.7918369653271043,14,0
7_2_1439_3_S_1-9,e3f61bc246a2052d69408afd7a18030ae4ce485f577859aeea52c948f2ae3305,custom_exact_propagation,data\experiments\2026-09-30\custom_exact\7_2_1439_3_S_1-9.json,data\analysis\snapshot\data\experiments\2026-09-30\custom_exact\7_2_1439_3_S_1-9.json,incomplete,False,17,17,3780.2810000000027,em execução,0,125,217.3272663,210,,,False,732309.0222038,0.8905625114460805,17,0
10_2_1439_3_S_1-9,d2b758d6fe2f6844905ffd376128f805c98bbcf357374dcc15006ef66f4a80a4,epsilon_exact_dp,data\experiments\2026-09-30\epsilon_exact\10_2_1439_3_S_1-9.json,data\analysis\snapshot\data\experiments\2026-09-30\epsilon_exact\10_2_1439_3_S_1-9.json,complete,True,97,97,103.39099999999598,horizon_reached,1271,170,185.976602,415,,,False,907447.35869095,1.0,0,97
7_2_1439_3_S_1-9,e3f61bc246a2052d69408afd7a18030ae4ce485f577859aeea52c948f2ae3305,epsilon_exact_dp,data\experiments\2026-09-30\epsilon_exact\7_2_1439_3_S_1-9.json,data\analysis\snapshot\data\experiments\2026-09-30\epsilon_exact\7_2_1439_3_S_1-9.json,complete,True,41,41,40.874999999992724,horizon_reached,1317,124,146.9928588,329,,,False,822299.40379445,1.0,0,41
8_2_1439_3_S_1-9,ed3975883e3979a98cac26779402dc2f7bf2de48d251ff47f6c3d42dd4a55c85,epsilon_exact_dp,data\experiments\2026-09-30\epsilon_exact\8_2_1439_3_S_1-9.json,data\analysis\snapshot\data\experiments\2026-09-30\epsilon_exact\8_2_1439_3_S_1-9.json,complete,True,57,57,54.8440000000046,horizon_reached,1310,131,190.7091432,215,,,False,1009700.0609634,1.0,0,57
9_2_1439_3_S_1-9,e376a7011fe3fcc500fe007d7c91514d4f9b7673ccc9b9734ff640c4148ac60f,epsilon_exact_dp,data\experiments\2026-09-30\epsilon_exact\9_2_1439_3_S_1-9.json,data\analysis\snapshot\data\experiments\2026-09-30\epsilon_exact\9_2_1439_3_S_1-9.json,complete,True,86,86,62.45300000000134,horizon_reached,1290,151,194.3279554,352,,,False,1155057.7398968334,1.0,0,86
7_2_1439_3_S_1-9,e3f61bc246a2052d69408afd7a18030ae4ce485f577859aeea52c948f2ae3305,cp_sat_epsilon_constraint,data\output\cpsat\7_2_1439_3_S_1-9.json,data\analysis\snapshot\data\output\cpsat\7_2_1439_3_S_1-9.json,complete,True,41,41,1260.2030000000004,,0,124,146.9928588,329,,,False,822299.40379445,1.0,0,41
6_2_1439_3_S_1-9,c27aafe109609de23235d989af5593c4ebdf9faaa365649ab21ec4a8c3f07cc4,epsilon_exact_dp,data\output\epsilon_exact\6_2_1439_3_S_1-9.json,data\analysis\snapshot\data\output\epsilon_exact\6_2_1439_3_S_1-9.json,complete,True,43,43,22.265000000000327,horizon_reached,1347,94,134.099428,220,,,False,768094.9871182167,1.0,0,43
