configuration,population_size,budget,seed,equal_baseline_points,approximate_strictly_dominated,approximate_points_dominating_baseline,approximate_front_size,baseline_points
pop20,20,2000,11,8,12,0,20,43
pop20,20,2000,29,9,11,0,20,43
pop20,20,2000,47,10,10,0,20,43
pop20,20,8000,11,12,8,0,20,43
pop20,20,8000,29,8,12,0,20,43
pop20,20,8000,47,16,4,0,20,43
pop50,50,2000,11,12,16,0,28,43
pop50,50,2000,29,16,16,0,32,43
pop50,50,2000,47,11,18,0,29,43
pop50,50,8000,11,30,9,0,39,43
pop50,50,8000,29,27,12,0,39,43
pop50,50,8000,47,29,11,0,40,43
pop100,100,2000,11,3,19,0,22,43
pop100,100,2000,29,3,12,0,15,43
pop100,100,2000,47,2,26,0,28,43
pop100,100,8000,11,24,14,0,38,43
pop100,100,8000,29,24,12,0,36,43
pop100,100,8000,47,23,15,0,38,43
mutation01,50,2000,11,4,13,0,17,43
mutation01,50,2000,29,2,20,0,22,43
mutation01,50,2000,47,2,15,0,17,43
mutation05,50,2000,11,4,21,0,25,43
mutation05,50,2000,29,11,19,0,30,43
mutation05,50,2000,47,11,13,0,24,43
crossover06,50,2000,11,13,16,0,29,43
crossover06,50,2000,29,17,17,0,34,43
crossover06,50,2000,47,16,12,0,28,43
