instance,population_size,seed,front_2000,front_8000,front_2000_covered_by_8000_percent,cmax_min_2000,cmax_min_8000,cmax_improved,tec_min_2000_units,tec_min_8000_units,tec_improved
50_10_1439_5_S_1-9.dat,20,11,14,20,100.0,69,69,False,37093599818,31625480966,True
50_10_1439_5_S_1-9.dat,20,29,11,14,100.0,70,70,False,39470103812,34593810866,True
50_10_1439_5_S_1-9.dat,20,47,16,18,100.0,69,69,False,39361829984,30598429136,True
50_10_1439_5_S_1-9.dat,50,11,9,19,100.0,67,67,False,37068645832,30708349346,True
50_10_1439_5_S_1-9.dat,50,29,13,19,100.0,68,68,False,35126399302,29064033394,True
50_10_1439_5_S_1-9.dat,50,47,12,16,100.0,67,67,False,34944780770,29121947302,True
50_10_1439_5_S_1-9.dat,100,11,19,22,100.0,68,65,True,32436953600,27997855780,True
50_10_1439_5_S_1-9.dat,100,29,13,23,100.0,67,67,False,33557687794,28932225988,True
50_10_1439_5_S_1-9.dat,100,47,12,18,100.0,65,65,False,36031812556,30305244012,True
14_2_1439_3_S_1-9_derivada.dat,20,11,20,20,65.0,203,202,True,7033473032,5802172988,True
14_2_1439_3_S_1-9_derivada.dat,20,29,20,20,90.0,205,205,False,7902181652,6004129180,True
14_2_1439_3_S_1-9_derivada.dat,20,47,20,20,75.0,206,206,False,7516347188,5680405284,True
14_2_1439_3_S_1-9_derivada.dat,50,11,30,50,93.33333333333333,202,202,False,8092774580,6160826008,True
14_2_1439_3_S_1-9_derivada.dat,50,29,44,50,88.63636363636364,203,203,False,7628365728,5844462408,True
14_2_1439_3_S_1-9_derivada.dat,50,47,46,50,91.30434782608695,205,205,False,8197368260,5660325880,True
14_2_1439_3_S_1-9_derivada.dat,100,11,23,100,100.0,202,202,False,7999608728,5986309516,True
14_2_1439_3_S_1-9_derivada.dat,100,29,30,100,100.0,207,207,False,8935689882,6052358488,True
14_2_1439_3_S_1-9_derivada.dat,100,47,41,100,100.0,208,208,False,8322428728,6434900188,True
6_2_1439_3_S_1-9.dat,20,11,20,20,75.0,94,94,False,8045965680,8045965680,False
6_2_1439_3_S_1-9.dat,20,29,20,20,50.0,94,94,False,8045965680,8045965680,False
6_2_1439_3_S_1-9.dat,20,47,20,20,80.0,94,94,False,8045965680,8045965680,False
6_2_1439_3_S_1-9.dat,50,11,28,39,100.0,94,94,False,8094776064,8045965680,True
6_2_1439_3_S_1-9.dat,50,29,32,39,100.0,94,94,False,8045965680,8045965680,False
6_2_1439_3_S_1-9.dat,50,47,29,40,100.0,94,94,False,8045965680,8045965680,False
6_2_1439_3_S_1-9.dat,100,11,22,38,100.0,94,94,False,8749648716,8045965680,True
6_2_1439_3_S_1-9.dat,100,29,15,36,100.0,94,94,False,9264611180,8045965680,True
6_2_1439_3_S_1-9.dat,100,47,28,38,100.0,94,94,False,8897564840,8045965680,True
250_10_1439_5_S_1-9.dat,20,11,12,10,100.0,377,368,True,244052953024,214421208378,True
250_10_1439_5_S_1-9.dat,20,29,11,18,100.0,369,364,True,237774878792,208378986438,True
250_10_1439_5_S_1-9.dat,20,47,7,10,100.0,371,371,False,240294940840,226301048942,True
250_10_1439_5_S_1-9.dat,50,11,8,14,100.0,362,356,True,224048572392,204901569398,True
250_10_1439_5_S_1-9.dat,50,29,8,14,100.0,365,365,False,230625416534,214772565666,True
250_10_1439_5_S_1-9.dat,50,47,20,22,100.0,366,362,True,223549783210,208698836494,True
250_10_1439_5_S_1-9.dat,100,11,9,20,100.0,367,349,True,215629717330,200891434794,True
250_10_1439_5_S_1-9.dat,100,29,13,24,100.0,376,355,True,214392993910,193478390006,True
250_10_1439_5_S_1-9.dat,100,47,14,10,100.0,362,347,True,220260311974,206531455296,True
