instance,instance_sha256,n,m,configuration,seed,population_size,crossover_probability,mutation_probability,max_evaluations,attempts,feasible_evaluations,rejected_evaluations,rejection_rate,pymoo_evaluations,post_search_validations,elapsed_seconds,milliseconds_per_evaluation,front_size,cmax_min,tec_min_exact,allocation_signatures,order_signatures,mode_signatures,wait_signatures,independent_front_revalidations,validation_status
6_2_1439_3_S_1-9.dat,c27aafe109609de23235d989af5593c4ebdf9faaa365649ab21ec4a8c3f07cc4,6,2,pop20,11,20,0.9,0.3,2000,2000,2000,0,0.0,2000,20,1.2818467409999812,0.6409233704999906,20,94,33524857/250000,4,9,14,1,20,viable_unique_exact_nondominated
6_2_1439_3_S_1-9.dat,c27aafe109609de23235d989af5593c4ebdf9faaa365649ab21ec4a8c3f07cc4,6,2,pop20,29,20,0.9,0.3,2000,2000,2000,0,0.0,2000,20,1.2787303740000198,0.6393651870000099,20,94,33524857/250000,5,9,16,1,20,viable_unique_exact_nondominated
6_2_1439_3_S_1-9.dat,c27aafe109609de23235d989af5593c4ebdf9faaa365649ab21ec4a8c3f07cc4,6,2,pop20,47,20,0.9,0.3,2000,2000,2000,0,0.0,2000,20,1.2700340050000705,0.6350170025000352,20,94,33524857/250000,5,6,16,1,20,viable_unique_exact_nondominated
6_2_1439_3_S_1-9.dat,c27aafe109609de23235d989af5593c4ebdf9faaa365649ab21ec4a8c3f07cc4,6,2,pop20,11,20,0.9,0.3,8000,8000,8000,0,0.0,8000,20,4.78679313400005,0.5983491417500062,20,94,33524857/250000,4,7,16,2,20,viable_unique_exact_nondominated
6_2_1439_3_S_1-9.dat,c27aafe109609de23235d989af5593c4ebdf9faaa365649ab21ec4a8c3f07cc4,6,2,pop20,29,20,0.9,0.3,8000,8000,8000,0,0.0,8000,20,4.895023006999963,0.6118778758749954,20,94,33524857/250000,5,9,16,2,20,viable_unique_exact_nondominated
6_2_1439_3_S_1-9.dat,c27aafe109609de23235d989af5593c4ebdf9faaa365649ab21ec4a8c3f07cc4,6,2,pop20,47,20,0.9,0.3,8000,8000,8000,0,0.0,8000,20,5.131299294000087,0.6414124117500108,20,94,33524857/250000,5,6,16,1,20,viable_unique_exact_nondominated
6_2_1439_3_S_1-9.dat,c27aafe109609de23235d989af5593c4ebdf9faaa365649ab21ec4a8c3f07cc4,6,2,pop50,11,50,0.9,0.3,2000,2000,2000,0,0.0,2000,50,1.9812192639999466,0.9906096319999733,28,94,10540073/78125,3,6,21,4,28,viable_unique_exact_nondominated
6_2_1439_3_S_1-9.dat,c27aafe109609de23235d989af5593c4ebdf9faaa365649ab21ec4a8c3f07cc4,6,2,pop50,29,50,0.9,0.3,2000,2000,2000,0,0.0,2000,50,1.9907229209999286,0.9953614604999643,32,94,33524857/250000,3,6,27,2,32,viable_unique_exact_nondominated
6_2_1439_3_S_1-9.dat,c27aafe109609de23235d989af5593c4ebdf9faaa365649ab21ec4a8c3f07cc4,6,2,pop50,47,50,0.9,0.3,2000,2000,2000,0,0.0,2000,50,1.9509869329999674,0.9754934664999837,29,94,33524857/250000,5,11,22,2,29,viable_unique_exact_nondominated
6_2_1439_3_S_1-9.dat,c27aafe109609de23235d989af5593c4ebdf9faaa365649ab21ec4a8c3f07cc4,6,2,pop50,11,50,0.9,0.3,8000,8000,8000,0,0.0,8000,50,7.864785930000039,0.9830982412500049,39,94,33524857/250000,4,5,29,7,39,viable_unique_exact_nondominated
6_2_1439_3_S_1-9.dat,c27aafe109609de23235d989af5593c4ebdf9faaa365649ab21ec4a8c3f07cc4,6,2,pop50,29,50,0.9,0.3,8000,8000,8000,0,0.0,8000,50,7.668797413999982,0.9585996767499978,39,94,33524857/250000,4,5,29,4,39,viable_unique_exact_nondominated
6_2_1439_3_S_1-9.dat,c27aafe109609de23235d989af5593c4ebdf9faaa365649ab21ec4a8c3f07cc4,6,2,pop50,47,50,0.9,0.3,8000,8000,8000,0,0.0,8000,50,7.408331231000034,0.9260414038750042,40,94,33524857/250000,5,8,30,2,40,viable_unique_exact_nondominated
6_2_1439_3_S_1-9.dat,c27aafe109609de23235d989af5593c4ebdf9faaa365649ab21ec4a8c3f07cc4,6,2,pop100,11,100,0.9,0.3,2000,2000,2000,0,0.0,2000,100,3.3459477619999234,1.6729738809999617,22,94,729137393/5000000,3,7,20,2,22,viable_unique_exact_nondominated
6_2_1439_3_S_1-9.dat,c27aafe109609de23235d989af5593c4ebdf9faaa365649ab21ec4a8c3f07cc4,6,2,pop100,29,100,0.9,0.3,2000,2000,2000,0,0.0,2000,100,3.2586086259999547,1.6293043129999774,15,94,463230559/3000000,3,6,15,1,15,viable_unique_exact_nondominated
6_2_1439_3_S_1-9.dat,c27aafe109609de23235d989af5593c4ebdf9faaa365649ab21ec4a8c3f07cc4,6,2,pop100,47,100,0.9,0.3,2000,2000,2000,0,0.0,2000,100,3.461701359000017,1.7308506795000085,28,94,222439121/1500000,4,6,25,3,28,viable_unique_exact_nondominated
6_2_1439_3_S_1-9.dat,c27aafe109609de23235d989af5593c4ebdf9faaa365649ab21ec4a8c3f07cc4,6,2,pop100,11,100,0.9,0.3,8000,8000,8000,0,0.0,8000,100,14.515574540999978,1.8144468176249973,38,94,33524857/250000,5,6,28,3,38,viable_unique_exact_nondominated
6_2_1439_3_S_1-9.dat,c27aafe109609de23235d989af5593c4ebdf9faaa365649ab21ec4a8c3f07cc4,6,2,pop100,29,100,0.9,0.3,8000,8000,8000,0,0.0,8000,100,14.459705205999967,1.8074631507499956,36,94,33524857/250000,5,9,26,3,36,viable_unique_exact_nondominated
6_2_1439_3_S_1-9.dat,c27aafe109609de23235d989af5593c4ebdf9faaa365649ab21ec4a8c3f07cc4,6,2,pop100,47,100,0.9,0.3,8000,8000,8000,0,0.0,8000,100,14.681319970000004,1.8351649962500005,38,94,33524857/250000,5,9,28,2,38,viable_unique_exact_nondominated
6_2_1439_3_S_1-9.dat,c27aafe109609de23235d989af5593c4ebdf9faaa365649ab21ec4a8c3f07cc4,6,2,mutation01,11,50,0.9,0.1,2000,2000,2000,0,0.0,2000,50,1.8120955650000496,0.9060477825000248,17,94,10540073/78125,3,4,13,1,17,viable_unique_exact_nondominated
6_2_1439_3_S_1-9.dat,c27aafe109609de23235d989af5593c4ebdf9faaa365649ab21ec4a8c3f07cc4,6,2,mutation01,29,50,0.9,0.1,2000,2000,2000,0,0.0,2000,50,1.820094508000011,0.9100472540000055,22,94,758029783/5000000,2,3,22,3,22,viable_unique_exact_nondominated
6_2_1439_3_S_1-9.dat,c27aafe109609de23235d989af5593c4ebdf9faaa365649ab21ec4a8c3f07cc4,6,2,mutation01,47,50,0.9,0.1,2000,2000,2000,0,0.0,2000,50,1.8267030570000315,0.9133515285000158,17,94,2257948349/15000000,4,6,17,1,17,viable_unique_exact_nondominated
6_2_1439_3_S_1-9.dat,c27aafe109609de23235d989af5593c4ebdf9faaa365649ab21ec4a8c3f07cc4,6,2,mutation05,11,50,0.9,0.5,2000,2000,2000,0,0.0,2000,50,1.7828197820000469,0.8914098910000234,25,94,33524857/250000,4,12,20,4,25,viable_unique_exact_nondominated
6_2_1439_3_S_1-9.dat,c27aafe109609de23235d989af5593c4ebdf9faaa365649ab21ec4a8c3f07cc4,6,2,mutation05,29,50,0.9,0.5,2000,2000,2000,0,0.0,2000,50,1.7882680820000587,0.8941340410000294,30,94,33524857/250000,5,11,24,6,30,viable_unique_exact_nondominated
6_2_1439_3_S_1-9.dat,c27aafe109609de23235d989af5593c4ebdf9faaa365649ab21ec4a8c3f07cc4,6,2,mutation05,47,50,0.9,0.5,2000,2000,2000,0,0.0,2000,50,1.8103057269999,0.90515286349995,24,94,33524857/250000,4,7,18,3,24,viable_unique_exact_nondominated
6_2_1439_3_S_1-9.dat,c27aafe109609de23235d989af5593c4ebdf9faaa365649ab21ec4a8c3f07cc4,6,2,crossover06,11,50,0.6,0.3,2000,2000,2000,0,0.0,2000,50,1.823026245000051,0.9115131225000255,29,94,33524857/250000,4,8,23,5,29,viable_unique_exact_nondominated
6_2_1439_3_S_1-9.dat,c27aafe109609de23235d989af5593c4ebdf9faaa365649ab21ec4a8c3f07cc4,6,2,crossover06,29,50,0.6,0.3,2000,2000,2000,0,0.0,2000,50,1.899162904999912,0.949581452499956,34,94,33524857/250000,5,9,24,5,34,viable_unique_exact_nondominated
6_2_1439_3_S_1-9.dat,c27aafe109609de23235d989af5593c4ebdf9faaa365649ab21ec4a8c3f07cc4,6,2,crossover06,47,50,0.6,0.3,2000,2000,2000,0,0.0,2000,50,1.8816224800000327,0.9408112400000164,28,94,33524857/250000,3,9,20,4,28,viable_unique_exact_nondominated
14_2_1439_3_S_1-9_derivada.dat,70ff0f54e92fbb4ee92af0eee49be2de8443a1580da898c97da2959e5253c8bb,14,2,pop20,11,20,0.9,0.3,2000,2000,2000,0,0.0,2000,20,1.4249669920000088,0.7124834960000044,20,203,879184129/7500000,6,15,19,3,20,viable_unique_exact_nondominated
14_2_1439_3_S_1-9_derivada.dat,70ff0f54e92fbb4ee92af0eee49be2de8443a1580da898c97da2959e5253c8bb,14,2,pop20,29,20,0.9,0.3,2000,2000,2000,0,0.0,2000,20,1.4249960099999726,0.7124980049999863,20,205,1975545413/15000000,11,18,16,1,20,viable_unique_exact_nondominated
14_2_1439_3_S_1-9_derivada.dat,70ff0f54e92fbb4ee92af0eee49be2de8443a1580da898c97da2959e5253c8bb,14,2,pop20,47,20,0.9,0.3,2000,2000,2000,0,0.0,2000,20,1.418257079,0.7091285395,20,206,1879086797/15000000,7,19,18,2,20,viable_unique_exact_nondominated
14_2_1439_3_S_1-9_derivada.dat,70ff0f54e92fbb4ee92af0eee49be2de8443a1580da898c97da2959e5253c8bb,14,2,pop20,11,20,0.9,0.3,8000,8000,8000,0,0.0,8000,20,5.746558582000034,0.7183198227500043,20,202,1450543247/15000000,12,18,15,4,20,viable_unique_exact_nondominated
14_2_1439_3_S_1-9_derivada.dat,70ff0f54e92fbb4ee92af0eee49be2de8443a1580da898c97da2959e5253c8bb,14,2,pop20,29,20,0.9,0.3,8000,8000,8000,0,0.0,8000,20,5.692336988999955,0.7115421236249944,20,205,300206459/3000000,7,14,18,2,20,viable_unique_exact_nondominated
14_2_1439_3_S_1-9_derivada.dat,70ff0f54e92fbb4ee92af0eee49be2de8443a1580da898c97da2959e5253c8bb,14,2,pop20,47,20,0.9,0.3,8000,8000,8000,0,0.0,8000,20,5.410869915000035,0.6763587393750043,20,206,473367107/5000000,10,19,14,3,20,viable_unique_exact_nondominated
14_2_1439_3_S_1-9_derivada.dat,70ff0f54e92fbb4ee92af0eee49be2de8443a1580da898c97da2959e5253c8bb,14,2,pop50,11,50,0.9,0.3,2000,2000,2000,0,0.0,2000,50,1.9953287510001019,0.9976643755000509,30,202,404638729/3000000,12,30,27,3,30,viable_unique_exact_nondominated
14_2_1439_3_S_1-9_derivada.dat,70ff0f54e92fbb4ee92af0eee49be2de8443a1580da898c97da2959e5253c8bb,14,2,pop50,29,50,0.9,0.3,2000,2000,2000,0,0.0,2000,50,2.0087716499999715,1.0043858249999857,44,203,79462143/625000,11,33,36,4,44,viable_unique_exact_nondominated
14_2_1439_3_S_1-9_derivada.dat,70ff0f54e92fbb4ee92af0eee49be2de8443a1580da898c97da2959e5253c8bb,14,2,pop50,47,50,0.9,0.3,2000,2000,2000,0,0.0,2000,50,1.987842156000056,0.993921078000028,46,205,409868413/3000000,11,35,35,5,46,viable_unique_exact_nondominated
14_2_1439_3_S_1-9_derivada.dat,70ff0f54e92fbb4ee92af0eee49be2de8443a1580da898c97da2959e5253c8bb,14,2,pop50,11,50,0.9,0.3,8000,8000,8000,0,0.0,8000,50,8.046705996000014,1.0058382495000018,50,202,770103251/7500000,11,38,43,4,50,viable_unique_exact_nondominated
14_2_1439_3_S_1-9_derivada.dat,70ff0f54e92fbb4ee92af0eee49be2de8443a1580da898c97da2959e5253c8bb,14,2,pop50,29,50,0.9,0.3,8000,8000,8000,0,0.0,8000,50,7.923175893000007,0.9903969866250009,50,203,243519267/2500000,12,38,42,7,50,viable_unique_exact_nondominated
14_2_1439_3_S_1-9_derivada.dat,70ff0f54e92fbb4ee92af0eee49be2de8443a1580da898c97da2959e5253c8bb,14,2,pop50,47,50,0.9,0.3,8000,8000,8000,0,0.0,8000,50,7.973368536000066,0.9966710670000083,50,205,141508147/1500000,11,33,39,6,50,viable_unique_exact_nondominated
14_2_1439_3_S_1-9_derivada.dat,70ff0f54e92fbb4ee92af0eee49be2de8443a1580da898c97da2959e5253c8bb,14,2,pop100,11,100,0.9,0.3,2000,2000,2000,0,0.0,2000,100,3.220999151000001,1.6104995755000004,23,202,999951091/7500000,10,20,23,3,23,viable_unique_exact_nondominated
14_2_1439_3_S_1-9_derivada.dat,70ff0f54e92fbb4ee92af0eee49be2de8443a1580da898c97da2959e5253c8bb,14,2,pop100,29,100,0.9,0.3,2000,2000,2000,0,0.0,2000,100,3.219649505999996,1.609824752999998,30,207,1489281647/10000000,11,25,29,5,30,viable_unique_exact_nondominated
14_2_1439_3_S_1-9_derivada.dat,70ff0f54e92fbb4ee92af0eee49be2de8443a1580da898c97da2959e5253c8bb,14,2,pop100,47,100,0.9,0.3,2000,2000,2000,0,0.0,2000,100,3.2552318589999913,1.6276159294999957,41,208,1040303591/7500000,12,37,32,7,41,viable_unique_exact_nondominated
14_2_1439_3_S_1-9_derivada.dat,70ff0f54e92fbb4ee92af0eee49be2de8443a1580da898c97da2959e5253c8bb,14,2,pop100,11,100,0.9,0.3,8000,8000,8000,0,0.0,8000,100,13.49171434199991,1.6864642927499884,100,202,1496577379/15000000,11,50,84,9,100,viable_unique_exact_nondominated
14_2_1439_3_S_1-9_derivada.dat,70ff0f54e92fbb4ee92af0eee49be2de8443a1580da898c97da2959e5253c8bb,14,2,pop100,29,100,0.9,0.3,8000,8000,8000,0,0.0,8000,100,13.413801771999943,1.6767252214999928,100,207,756544811/7500000,10,54,81,4,100,viable_unique_exact_nondominated
14_2_1439_3_S_1-9_derivada.dat,70ff0f54e92fbb4ee92af0eee49be2de8443a1580da898c97da2959e5253c8bb,14,2,pop100,47,100,0.9,0.3,8000,8000,8000,0,0.0,8000,100,13.454925896999953,1.6818657371249943,100,208,1608725047/15000000,15,52,89,8,100,viable_unique_exact_nondominated
14_2_1439_3_S_1-9_derivada.dat,70ff0f54e92fbb4ee92af0eee49be2de8443a1580da898c97da2959e5253c8bb,14,2,mutation01,11,50,0.9,0.1,2000,2000,2000,0,0.0,2000,50,2.0130753449999474,1.0065376724999737,40,202,4809679039/30000000,11,25,30,1,40,viable_unique_exact_nondominated
14_2_1439_3_S_1-9_derivada.dat,70ff0f54e92fbb4ee92af0eee49be2de8443a1580da898c97da2959e5253c8bb,14,2,mutation01,29,50,0.9,0.1,2000,2000,2000,0,0.0,2000,50,1.983315417999961,0.9916577089999805,42,209,4370934377/30000000,15,37,26,1,42,viable_unique_exact_nondominated
14_2_1439_3_S_1-9_derivada.dat,70ff0f54e92fbb4ee92af0eee49be2de8443a1580da898c97da2959e5253c8bb,14,2,mutation01,47,50,0.9,0.1,2000,2000,2000,0,0.0,2000,50,1.9102596330000097,0.9551298165000048,19,208,523081387/3750000,10,18,13,1,19,viable_unique_exact_nondominated
14_2_1439_3_S_1-9_derivada.dat,70ff0f54e92fbb4ee92af0eee49be2de8443a1580da898c97da2959e5253c8bb,14,2,mutation05,11,50,0.9,0.5,2000,2000,2000,0,0.0,2000,50,1.9663740829998915,0.9831870414999457,50,205,14058811/125000,11,43,45,8,50,viable_unique_exact_nondominated
14_2_1439_3_S_1-9_derivada.dat,70ff0f54e92fbb4ee92af0eee49be2de8443a1580da898c97da2959e5253c8bb,14,2,mutation05,29,50,0.9,0.5,2000,2000,2000,0,0.0,2000,50,1.9680935739999086,0.9840467869999543,49,208,630806421/5000000,13,28,42,5,49,viable_unique_exact_nondominated
14_2_1439_3_S_1-9_derivada.dat,70ff0f54e92fbb4ee92af0eee49be2de8443a1580da898c97da2959e5253c8bb,14,2,mutation05,47,50,0.9,0.5,2000,2000,2000,0,0.0,2000,50,1.9574072990000104,0.9787036495000052,50,208,1553038597/15000000,9,38,48,12,50,viable_unique_exact_nondominated
14_2_1439_3_S_1-9_derivada.dat,70ff0f54e92fbb4ee92af0eee49be2de8443a1580da898c97da2959e5253c8bb,14,2,crossover06,11,50,0.6,0.3,2000,2000,2000,0,0.0,2000,50,1.9625214160000723,0.9812607080000362,39,202,7925231/60000,8,23,38,3,39,viable_unique_exact_nondominated
14_2_1439_3_S_1-9_derivada.dat,70ff0f54e92fbb4ee92af0eee49be2de8443a1580da898c97da2959e5253c8bb,14,2,crossover06,29,50,0.6,0.3,2000,2000,2000,0,0.0,2000,50,1.9691468069999019,0.9845734034999509,40,208,438599393/3750000,13,37,33,3,40,viable_unique_exact_nondominated
14_2_1439_3_S_1-9_derivada.dat,70ff0f54e92fbb4ee92af0eee49be2de8443a1580da898c97da2959e5253c8bb,14,2,crossover06,47,50,0.6,0.3,2000,2000,2000,0,0.0,2000,50,1.9843712840000762,0.9921856420000381,46,207,347176769/3000000,13,40,40,7,46,viable_unique_exact_nondominated
50_10_1439_5_S_1-9.dat,c9147e6b8b3bcab1863b62202baffbeee4e1fce0791b4e6309397c4037406da7,50,10,pop20,11,20,0.9,0.3,2000,2000,2000,0,0.0,2000,20,2.890866914000071,1.4454334570000356,14,69,18546799909/60000000,7,13,13,8,14,viable_unique_exact_nondominated
50_10_1439_5_S_1-9.dat,c9147e6b8b3bcab1863b62202baffbeee4e1fce0791b4e6309397c4037406da7,50,10,pop20,29,20,0.9,0.3,2000,2000,2000,0,0.0,2000,20,2.8398804039999277,1.4199402019999638,11,70,9867525953/30000000,7,11,11,3,11,viable_unique_exact_nondominated
50_10_1439_5_S_1-9.dat,c9147e6b8b3bcab1863b62202baffbeee4e1fce0791b4e6309397c4037406da7,50,10,pop20,47,20,0.9,0.3,2000,2000,2000,0,0.0,2000,20,2.78644671699999,1.393223358499995,16,69,1230057187/3750000,9,16,16,8,16,viable_unique_exact_nondominated
50_10_1439_5_S_1-9.dat,c9147e6b8b3bcab1863b62202baffbeee4e1fce0791b4e6309397c4037406da7,50,10,pop20,11,20,0.9,0.3,8000,8000,8000,0,0.0,8000,20,11.11759603400003,1.389699504250004,20,69,15812740483/60000000,5,18,20,12,20,viable_unique_exact_nondominated
50_10_1439_5_S_1-9.dat,c9147e6b8b3bcab1863b62202baffbeee4e1fce0791b4e6309397c4037406da7,50,10,pop20,29,20,0.9,0.3,8000,8000,8000,0,0.0,8000,20,10.94754401099999,1.3684430013749989,14,70,17296905433/60000000,6,14,13,7,14,viable_unique_exact_nondominated
50_10_1439_5_S_1-9.dat,c9147e6b8b3bcab1863b62202baffbeee4e1fce0791b4e6309397c4037406da7,50,10,pop20,47,20,0.9,0.3,8000,8000,8000,0,0.0,8000,20,11.019485704999965,1.377435713124996,18,69,1912401821/7500000,9,17,18,7,18,viable_unique_exact_nondominated
50_10_1439_5_S_1-9.dat,c9147e6b8b3bcab1863b62202baffbeee4e1fce0791b4e6309397c4037406da7,50,10,pop50,11,50,0.9,0.3,2000,2000,2000,0,0.0,2000,50,3.705921627000066,1.852960813500033,9,67,4633580729/15000000,4,9,9,2,9,viable_unique_exact_nondominated
50_10_1439_5_S_1-9.dat,c9147e6b8b3bcab1863b62202baffbeee4e1fce0791b4e6309397c4037406da7,50,10,pop50,29,50,0.9,0.3,2000,2000,2000,0,0.0,2000,50,3.633749869999974,1.816874934999987,13,68,17563199651/60000000,8,13,13,1,13,viable_unique_exact_nondominated
50_10_1439_5_S_1-9.dat,c9147e6b8b3bcab1863b62202baffbeee4e1fce0791b4e6309397c4037406da7,50,10,pop50,47,50,0.9,0.3,2000,2000,2000,0,0.0,2000,50,3.6062771929999826,1.8031385964999913,12,67,3494478077/12000000,7,11,11,4,12,viable_unique_exact_nondominated
50_10_1439_5_S_1-9.dat,c9147e6b8b3bcab1863b62202baffbeee4e1fce0791b4e6309397c4037406da7,50,10,pop50,11,50,0.9,0.3,8000,8000,8000,0,0.0,8000,50,13.701617380000016,1.712702172500002,19,67,15354174673/60000000,4,17,19,8,19,viable_unique_exact_nondominated
50_10_1439_5_S_1-9.dat,c9147e6b8b3bcab1863b62202baffbeee4e1fce0791b4e6309397c4037406da7,50,10,pop50,29,50,0.9,0.3,8000,8000,8000,0,0.0,8000,50,13.634045574000083,1.7042556967500104,19,68,14532016697/60000000,6,16,18,5,19,viable_unique_exact_nondominated
50_10_1439_5_S_1-9.dat,c9147e6b8b3bcab1863b62202baffbeee4e1fce0791b4e6309397c4037406da7,50,10,pop50,47,50,0.9,0.3,8000,8000,8000,0,0.0,8000,50,13.636654222999937,1.7045817778749919,16,67,14560973651/60000000,6,14,16,3,16,viable_unique_exact_nondominated
50_10_1439_5_S_1-9.dat,c9147e6b8b3bcab1863b62202baffbeee4e1fce0791b4e6309397c4037406da7,50,10,pop100,11,100,0.9,0.3,2000,2000,2000,0,0.0,2000,100,5.731737615000043,2.8658688075000214,19,68,2534137/9375,18,19,19,3,19,viable_unique_exact_nondominated
50_10_1439_5_S_1-9.dat,c9147e6b8b3bcab1863b62202baffbeee4e1fce0791b4e6309397c4037406da7,50,10,pop100,29,100,0.9,0.3,2000,2000,2000,0,0.0,2000,100,5.542444418999935,2.7712222094999674,13,67,16778843897/60000000,13,13,13,1,13,viable_unique_exact_nondominated
50_10_1439_5_S_1-9.dat,c9147e6b8b3bcab1863b62202baffbeee4e1fce0791b4e6309397c4037406da7,50,10,pop100,47,100,0.9,0.3,2000,2000,2000,0,0.0,2000,100,5.710180316999981,2.8550901584999906,12,65,9007953139/30000000,10,12,12,2,12,viable_unique_exact_nondominated
50_10_1439_5_S_1-9.dat,c9147e6b8b3bcab1863b62202baffbeee4e1fce0791b4e6309397c4037406da7,50,10,pop100,11,100,0.9,0.3,8000,8000,8000,0,0.0,8000,100,20.782838169,2.597854771125,22,65,1399892789/6000000,8,21,22,5,22,viable_unique_exact_nondominated
50_10_1439_5_S_1-9.dat,c9147e6b8b3bcab1863b62202baffbeee4e1fce0791b4e6309397c4037406da7,50,10,pop100,29,100,0.9,0.3,8000,8000,8000,0,0.0,8000,100,21.035996947999934,2.6294996184999917,23,67,7233056497/30000000,10,23,22,4,23,viable_unique_exact_nondominated
50_10_1439_5_S_1-9.dat,c9147e6b8b3bcab1863b62202baffbeee4e1fce0791b4e6309397c4037406da7,50,10,pop100,47,100,0.9,0.3,8000,8000,8000,0,0.0,8000,100,20.961332332999973,2.6201665416249966,18,65,2525437001/10000000,12,18,18,6,18,viable_unique_exact_nondominated
50_10_1439_5_S_1-9.dat,c9147e6b8b3bcab1863b62202baffbeee4e1fce0791b4e6309397c4037406da7,50,10,mutation01,11,50,0.9,0.1,2000,2000,2000,0,0.0,2000,50,3.7163579030000164,1.8581789515000082,12,66,1205587431/4000000,10,11,12,1,12,viable_unique_exact_nondominated
50_10_1439_5_S_1-9.dat,c9147e6b8b3bcab1863b62202baffbeee4e1fce0791b4e6309397c4037406da7,50,10,mutation01,29,50,0.9,0.1,2000,2000,2000,0,0.0,2000,50,3.63807874500003,1.819039372500015,13,69,4329322879/15000000,13,13,10,2,13,viable_unique_exact_nondominated
50_10_1439_5_S_1-9.dat,c9147e6b8b3bcab1863b62202baffbeee4e1fce0791b4e6309397c4037406da7,50,10,mutation01,47,50,0.9,0.1,2000,2000,2000,0,0.0,2000,50,3.6182063629998993,1.8091031814999496,10,69,271830581/937500,8,10,10,1,10,viable_unique_exact_nondominated
50_10_1439_5_S_1-9.dat,c9147e6b8b3bcab1863b62202baffbeee4e1fce0791b4e6309397c4037406da7,50,10,mutation05,11,50,0.9,0.5,2000,2000,2000,0,0.0,2000,50,3.7059505199999876,1.8529752599999938,20,67,1088016387/4000000,13,20,19,3,20,viable_unique_exact_nondominated
50_10_1439_5_S_1-9.dat,c9147e6b8b3bcab1863b62202baffbeee4e1fce0791b4e6309397c4037406da7,50,10,mutation05,29,50,0.9,0.5,2000,2000,2000,0,0.0,2000,50,3.69479026099998,1.84739513049999,11,70,3295976059/12000000,6,11,11,7,11,viable_unique_exact_nondominated
50_10_1439_5_S_1-9.dat,c9147e6b8b3bcab1863b62202baffbeee4e1fce0791b4e6309397c4037406da7,50,10,mutation05,47,50,0.9,0.5,2000,2000,2000,0,0.0,2000,50,3.68847721599991,1.844238607999955,10,66,16938058721/60000000,6,10,10,4,10,viable_unique_exact_nondominated
50_10_1439_5_S_1-9.dat,c9147e6b8b3bcab1863b62202baffbeee4e1fce0791b4e6309397c4037406da7,50,10,crossover06,11,50,0.6,0.3,2000,2000,2000,0,0.0,2000,50,3.576374653999892,1.788187326999946,12,68,1195870549/4000000,9,12,12,1,12,viable_unique_exact_nondominated
50_10_1439_5_S_1-9.dat,c9147e6b8b3bcab1863b62202baffbeee4e1fce0791b4e6309397c4037406da7,50,10,crossover06,29,50,0.6,0.3,2000,2000,2000,0,0.0,2000,50,3.5715399220000563,1.7857699610000282,11,66,3032102991/10000000,3,9,11,1,11,viable_unique_exact_nondominated
50_10_1439_5_S_1-9.dat,c9147e6b8b3bcab1863b62202baffbeee4e1fce0791b4e6309397c4037406da7,50,10,crossover06,47,50,0.6,0.3,2000,2000,2000,0,0.0,2000,50,3.67890274399997,1.839451371999985,11,67,5748116779/20000000,4,9,11,3,11,viable_unique_exact_nondominated
250_10_1439_5_S_1-9.dat,9b1e592319e4dcdc8df7c50abe2b11aba12ca2ab27fd528ac1d0a262c02ca62c,250,10,pop20,11,20,0.9,0.3,2000,2000,2000,0,0.0,2000,20,8.869012077999969,4.434506038999984,12,377,3813327391/1875000,9,12,12,6,12,viable_unique_exact_nondominated
250_10_1439_5_S_1-9.dat,9b1e592319e4dcdc8df7c50abe2b11aba12ca2ab27fd528ac1d0a262c02ca62c,250,10,pop20,29,20,0.9,0.3,2000,2000,2000,0,0.0,2000,20,8.703752884000096,4.351876442000048,11,369,29721859849/15000000,7,11,10,2,11,viable_unique_exact_nondominated
250_10_1439_5_S_1-9.dat,9b1e592319e4dcdc8df7c50abe2b11aba12ca2ab27fd528ac1d0a262c02ca62c,250,10,pop20,47,20,0.9,0.3,2000,2000,2000,0,0.0,2000,20,8.764610032000064,4.382305016000032,7,371,6007373521/3000000,6,7,7,3,7,viable_unique_exact_nondominated
250_10_1439_5_S_1-9.dat,9b1e592319e4dcdc8df7c50abe2b11aba12ca2ab27fd528ac1d0a262c02ca62c,250,10,pop20,11,20,0.9,0.3,8000,8000,8000,0,0.0,8000,20,33.03483381000001,4.129354226250001,10,368,35736868063/20000000,6,9,10,3,10,viable_unique_exact_nondominated
250_10_1439_5_S_1-9.dat,9b1e592319e4dcdc8df7c50abe2b11aba12ca2ab27fd528ac1d0a262c02ca62c,250,10,pop20,29,20,0.9,0.3,8000,8000,8000,0,0.0,8000,20,32.326359034999996,4.0407948793749995,18,364,34729831073/20000000,6,18,18,2,18,viable_unique_exact_nondominated
250_10_1439_5_S_1-9.dat,9b1e592319e4dcdc8df7c50abe2b11aba12ca2ab27fd528ac1d0a262c02ca62c,250,10,pop20,47,20,0.9,0.3,8000,8000,8000,0,0.0,8000,20,33.18325840700004,4.147907300875005,10,371,113150524471/60000000,3,8,10,4,10,viable_unique_exact_nondominated
250_10_1439_5_S_1-9.dat,9b1e592319e4dcdc8df7c50abe2b11aba12ca2ab27fd528ac1d0a262c02ca62c,250,10,pop50,11,50,0.9,0.3,2000,2000,2000,0,0.0,2000,50,10.889205574000016,5.444602787000008,8,362,9335357183/5000000,5,8,7,1,8,viable_unique_exact_nondominated
250_10_1439_5_S_1-9.dat,9b1e592319e4dcdc8df7c50abe2b11aba12ca2ab27fd528ac1d0a262c02ca62c,250,10,pop50,29,50,0.9,0.3,2000,2000,2000,0,0.0,2000,50,10.600957284999822,5.300478642499911,8,365,115312708267/60000000,8,8,8,6,8,viable_unique_exact_nondominated
250_10_1439_5_S_1-9.dat,9b1e592319e4dcdc8df7c50abe2b11aba12ca2ab27fd528ac1d0a262c02ca62c,250,10,pop50,47,50,0.9,0.3,2000,2000,2000,0,0.0,2000,50,10.799290244999838,5.399645122499919,20,366,22354978321/12000000,19,20,20,5,20,viable_unique_exact_nondominated
250_10_1439_5_S_1-9.dat,9b1e592319e4dcdc8df7c50abe2b11aba12ca2ab27fd528ac1d0a262c02ca62c,250,10,pop50,11,50,0.9,0.3,8000,8000,8000,0,0.0,8000,50,37.21452337899996,4.651815422374995,14,356,102450784699/60000000,11,13,14,3,14,viable_unique_exact_nondominated
250_10_1439_5_S_1-9.dat,9b1e592319e4dcdc8df7c50abe2b11aba12ca2ab27fd528ac1d0a262c02ca62c,250,10,pop50,29,50,0.9,0.3,8000,8000,8000,0,0.0,8000,50,37.381883185000106,4.672735398125013,14,365,35795427611/20000000,9,14,14,1,14,viable_unique_exact_nondominated
250_10_1439_5_S_1-9.dat,9b1e592319e4dcdc8df7c50abe2b11aba12ca2ab27fd528ac1d0a262c02ca62c,250,10,pop50,47,50,0.9,0.3,8000,8000,8000,0,0.0,8000,50,38.018238741000005,4.7522798426250015,22,362,104349418247/60000000,12,22,20,8,22,viable_unique_exact_nondominated
250_10_1439_5_S_1-9.dat,9b1e592319e4dcdc8df7c50abe2b11aba12ca2ab27fd528ac1d0a262c02ca62c,250,10,pop100,11,100,0.9,0.3,2000,2000,2000,0,0.0,2000,100,14.12946184500015,7.064730922500075,9,367,21562971733/12000000,9,9,9,3,9,viable_unique_exact_nondominated
250_10_1439_5_S_1-9.dat,9b1e592319e4dcdc8df7c50abe2b11aba12ca2ab27fd528ac1d0a262c02ca62c,250,10,pop100,29,100,0.9,0.3,2000,2000,2000,0,0.0,2000,100,14.11757148300012,7.05878574150006,13,376,21439299391/12000000,13,13,13,3,13,viable_unique_exact_nondominated
250_10_1439_5_S_1-9.dat,9b1e592319e4dcdc8df7c50abe2b11aba12ca2ab27fd528ac1d0a262c02ca62c,250,10,pop100,47,100,0.9,0.3,2000,2000,2000,0,0.0,2000,100,14.275275866999891,7.137637933499946,14,362,110130155987/60000000,14,14,14,2,14,viable_unique_exact_nondominated
250_10_1439_5_S_1-9.dat,9b1e592319e4dcdc8df7c50abe2b11aba12ca2ab27fd528ac1d0a262c02ca62c,250,10,pop100,11,100,0.9,0.3,8000,8000,8000,0,0.0,8000,100,44.24185480599999,5.530231850749998,20,349,33481905799/20000000,13,19,20,5,20,viable_unique_exact_nondominated
250_10_1439_5_S_1-9.dat,9b1e592319e4dcdc8df7c50abe2b11aba12ca2ab27fd528ac1d0a262c02ca62c,250,10,pop100,29,100,0.9,0.3,8000,8000,8000,0,0.0,8000,100,43.93925735699986,5.492407169624983,24,355,96739195003/60000000,18,24,24,5,24,viable_unique_exact_nondominated
250_10_1439_5_S_1-9.dat,9b1e592319e4dcdc8df7c50abe2b11aba12ca2ab27fd528ac1d0a262c02ca62c,250,10,pop100,47,100,0.9,0.3,8000,8000,8000,0,0.0,8000,100,43.73437834200013,5.466797292750016,10,347,1075684663/625000,8,10,10,6,10,viable_unique_exact_nondominated
250_10_1439_5_S_1-9.dat,9b1e592319e4dcdc8df7c50abe2b11aba12ca2ab27fd528ac1d0a262c02ca62c,250,10,mutation01,11,50,0.9,0.1,2000,2000,2000,0,0.0,2000,50,10.562021402000028,5.281010701000014,12,363,23226463193/12000000,10,12,12,1,12,viable_unique_exact_nondominated
250_10_1439_5_S_1-9.dat,9b1e592319e4dcdc8df7c50abe2b11aba12ca2ab27fd528ac1d0a262c02ca62c,250,10,mutation01,29,50,0.9,0.1,2000,2000,2000,0,0.0,2000,50,10.28006282299998,5.14003141149999,11,374,3668833159/1875000,10,11,4,2,11,viable_unique_exact_nondominated
250_10_1439_5_S_1-9.dat,9b1e592319e4dcdc8df7c50abe2b11aba12ca2ab27fd528ac1d0a262c02ca62c,250,10,mutation01,47,50,0.9,0.1,2000,2000,2000,0,0.0,2000,50,10.525931236999895,5.262965618499948,20,374,36886591493/20000000,16,20,19,2,20,viable_unique_exact_nondominated
250_10_1439_5_S_1-9.dat,9b1e592319e4dcdc8df7c50abe2b11aba12ca2ab27fd528ac1d0a262c02ca62c,250,10,mutation05,11,50,0.9,0.5,2000,2000,2000,0,0.0,2000,50,10.331956120000086,5.165978060000043,5,360,107856244189/60000000,5,5,5,4,5,viable_unique_exact_nondominated
250_10_1439_5_S_1-9.dat,9b1e592319e4dcdc8df7c50abe2b11aba12ca2ab27fd528ac1d0a262c02ca62c,250,10,mutation05,29,50,0.9,0.5,2000,2000,2000,0,0.0,2000,50,10.369823573000076,5.184911786500038,13,374,7524401547/4000000,10,13,13,4,13,viable_unique_exact_nondominated
250_10_1439_5_S_1-9.dat,9b1e592319e4dcdc8df7c50abe2b11aba12ca2ab27fd528ac1d0a262c02ca62c,250,10,mutation05,47,50,0.9,0.5,2000,2000,2000,0,0.0,2000,50,10.38779171300007,5.193895856500035,12,370,10982998181/6000000,12,12,11,5,12,viable_unique_exact_nondominated
250_10_1439_5_S_1-9.dat,9b1e592319e4dcdc8df7c50abe2b11aba12ca2ab27fd528ac1d0a262c02ca62c,250,10,crossover06,11,50,0.6,0.3,2000,2000,2000,0,0.0,2000,50,10.211012251000056,5.105506125500028,11,362,24025733231/12000000,8,11,11,1,11,viable_unique_exact_nondominated
250_10_1439_5_S_1-9.dat,9b1e592319e4dcdc8df7c50abe2b11aba12ca2ab27fd528ac1d0a262c02ca62c,250,10,crossover06,29,50,0.6,0.3,2000,2000,2000,0,0.0,2000,50,9.942261915000017,4.971130957500009,8,365,58587165251/30000000,3,8,8,4,8,viable_unique_exact_nondominated
250_10_1439_5_S_1-9.dat,9b1e592319e4dcdc8df7c50abe2b11aba12ca2ab27fd528ac1d0a262c02ca62c,250,10,crossover06,47,50,0.6,0.3,2000,2000,2000,0,0.0,2000,50,10.412690653000027,5.2063453265000135,13,374,9366089647/5000000,12,12,13,4,13,viable_unique_exact_nondominated
