instance,configuration,front_size_median,cmax_min_median,tec_min_median_exact,rejection_rate_median,seconds_median,allocation_signatures_median,order_signatures_median,mode_signatures_median
14_2_1439_3_S_1-9_derivada.dat,crossover06,40,207,438599393/3750000,0.0,1.9691468069999019,13,37,38
14_2_1439_3_S_1-9_derivada.dat,mutation01,40,208,4370934377/30000000,0.0,1.983315417999961,11,25,26
14_2_1439_3_S_1-9_derivada.dat,mutation05,50,208,14058811/125000,0.0,1.9663740829998915,11,38,45
250_10_1439_5_S_1-9.dat,crossover06,11,365,58587165251/30000000,0.0,10.211012251000056,8,11,11
250_10_1439_5_S_1-9.dat,mutation01,12,374,23226463193/12000000,0.0,10.525931236999895,10,12,12
250_10_1439_5_S_1-9.dat,mutation05,12,370,10982998181/6000000,0.0,10.369823573000076,10,12,11
50_10_1439_5_S_1-9.dat,crossover06,11,67,1195870549/4000000,0.0,3.576374653999892,4,9,11
50_10_1439_5_S_1-9.dat,mutation01,12,69,271830581/937500,0.0,3.63807874500003,10,11,10
50_10_1439_5_S_1-9.dat,mutation05,11,67,3295976059/12000000,0.0,3.69479026099998,6,11,11
6_2_1439_3_S_1-9.dat,crossover06,29,94,33524857/250000,0.0,1.8816224800000327,4,9,23
6_2_1439_3_S_1-9.dat,mutation01,17,94,2257948349/15000000,0.0,1.820094508000011,3,4,17
6_2_1439_3_S_1-9.dat,mutation05,25,94,33524857/250000,0.0,1.7882680820000587,4,11,20
