instance,configuration,seed,population_size,max_evaluations,front_size,cmax_min,tec_min_exact,rejection_rate,elapsed_seconds,milliseconds_per_evaluation,allocation_signatures,order_signatures,mode_signatures
6_2_1439_3_S_1-9.dat,mutation01,11,50,2000,17,94,10540073/78125,0.0,1.8120955650000496,0.9060477825000248,3,4,13
6_2_1439_3_S_1-9.dat,mutation01,29,50,2000,22,94,758029783/5000000,0.0,1.820094508000011,0.9100472540000055,2,3,22
6_2_1439_3_S_1-9.dat,mutation01,47,50,2000,17,94,2257948349/15000000,0.0,1.8267030570000315,0.9133515285000158,4,6,17
6_2_1439_3_S_1-9.dat,mutation05,11,50,2000,25,94,33524857/250000,0.0,1.7828197820000469,0.8914098910000234,4,12,20
6_2_1439_3_S_1-9.dat,mutation05,29,50,2000,30,94,33524857/250000,0.0,1.7882680820000587,0.8941340410000294,5,11,24
6_2_1439_3_S_1-9.dat,mutation05,47,50,2000,24,94,33524857/250000,0.0,1.8103057269999,0.90515286349995,4,7,18
6_2_1439_3_S_1-9.dat,crossover06,11,50,2000,29,94,33524857/250000,0.0,1.823026245000051,0.9115131225000255,4,8,23
6_2_1439_3_S_1-9.dat,crossover06,29,50,2000,34,94,33524857/250000,0.0,1.899162904999912,0.949581452499956,5,9,24
6_2_1439_3_S_1-9.dat,crossover06,47,50,2000,28,94,33524857/250000,0.0,1.8816224800000327,0.9408112400000164,3,9,20
14_2_1439_3_S_1-9_derivada.dat,mutation01,11,50,2000,40,202,4809679039/30000000,0.0,2.0130753449999474,1.0065376724999737,11,25,30
14_2_1439_3_S_1-9_derivada.dat,mutation01,29,50,2000,42,209,4370934377/30000000,0.0,1.983315417999961,0.9916577089999805,15,37,26
14_2_1439_3_S_1-9_derivada.dat,mutation01,47,50,2000,19,208,523081387/3750000,0.0,1.9102596330000097,0.9551298165000048,10,18,13
14_2_1439_3_S_1-9_derivada.dat,mutation05,11,50,2000,50,205,14058811/125000,0.0,1.9663740829998915,0.9831870414999457,11,43,45
14_2_1439_3_S_1-9_derivada.dat,mutation05,29,50,2000,49,208,630806421/5000000,0.0,1.9680935739999086,0.9840467869999543,13,28,42
14_2_1439_3_S_1-9_derivada.dat,mutation05,47,50,2000,50,208,1553038597/15000000,0.0,1.9574072990000104,0.9787036495000052,9,38,48
14_2_1439_3_S_1-9_derivada.dat,crossover06,11,50,2000,39,202,7925231/60000,0.0,1.9625214160000723,0.9812607080000362,8,23,38
14_2_1439_3_S_1-9_derivada.dat,crossover06,29,50,2000,40,208,438599393/3750000,0.0,1.9691468069999019,0.9845734034999509,13,37,33
14_2_1439_3_S_1-9_derivada.dat,crossover06,47,50,2000,46,207,347176769/3000000,0.0,1.9843712840000762,0.9921856420000381,13,40,40
50_10_1439_5_S_1-9.dat,mutation01,11,50,2000,12,66,1205587431/4000000,0.0,3.7163579030000164,1.8581789515000082,10,11,12
50_10_1439_5_S_1-9.dat,mutation01,29,50,2000,13,69,4329322879/15000000,0.0,3.63807874500003,1.819039372500015,13,13,10
50_10_1439_5_S_1-9.dat,mutation01,47,50,2000,10,69,271830581/937500,0.0,3.6182063629998993,1.8091031814999496,8,10,10
50_10_1439_5_S_1-9.dat,mutation05,11,50,2000,20,67,1088016387/4000000,0.0,3.7059505199999876,1.8529752599999938,13,20,19
50_10_1439_5_S_1-9.dat,mutation05,29,50,2000,11,70,3295976059/12000000,0.0,3.69479026099998,1.84739513049999,6,11,11
50_10_1439_5_S_1-9.dat,mutation05,47,50,2000,10,66,16938058721/60000000,0.0,3.68847721599991,1.844238607999955,6,10,10
50_10_1439_5_S_1-9.dat,crossover06,11,50,2000,12,68,1195870549/4000000,0.0,3.576374653999892,1.788187326999946,9,12,12
50_10_1439_5_S_1-9.dat,crossover06,29,50,2000,11,66,3032102991/10000000,0.0,3.5715399220000563,1.7857699610000282,3,9,11
50_10_1439_5_S_1-9.dat,crossover06,47,50,2000,11,67,5748116779/20000000,0.0,3.67890274399997,1.839451371999985,4,9,11
250_10_1439_5_S_1-9.dat,mutation01,11,50,2000,12,363,23226463193/12000000,0.0,10.562021402000028,5.281010701000014,10,12,12
250_10_1439_5_S_1-9.dat,mutation01,29,50,2000,11,374,3668833159/1875000,0.0,10.28006282299998,5.14003141149999,10,11,4
250_10_1439_5_S_1-9.dat,mutation01,47,50,2000,20,374,36886591493/20000000,0.0,10.525931236999895,5.262965618499948,16,20,19
250_10_1439_5_S_1-9.dat,mutation05,11,50,2000,5,360,107856244189/60000000,0.0,10.331956120000086,5.165978060000043,5,5,5
250_10_1439_5_S_1-9.dat,mutation05,29,50,2000,13,374,7524401547/4000000,0.0,10.369823573000076,5.184911786500038,10,13,13
250_10_1439_5_S_1-9.dat,mutation05,47,50,2000,12,370,10982998181/6000000,0.0,10.38779171300007,5.193895856500035,12,12,11
250_10_1439_5_S_1-9.dat,crossover06,11,50,2000,11,362,24025733231/12000000,0.0,10.211012251000056,5.105506125500028,8,11,11
250_10_1439_5_S_1-9.dat,crossover06,29,50,2000,8,365,58587165251/30000000,0.0,9.942261915000017,4.971130957500009,3,8,8
250_10_1439_5_S_1-9.dat,crossover06,47,50,2000,13,374,9366089647/5000000,0.0,10.412690653000027,5.2063453265000135,12,12,13
