instance,population_size,max_evaluations,seeds,front_size_median,cmax_min_median,tec_min_median_exact,rejection_rate_median,seconds_median,ms_per_eval_median,allocation_signatures_median,order_signatures_median,mode_signatures_median
14_2_1439_3_S_1-9_derivada.dat,20,2000,3,20,205,1879086797/15000000,0.0,1.4249669920000088,0.7124834960000044,7,18,18
14_2_1439_3_S_1-9_derivada.dat,20,8000,3,20,205,1450543247/15000000,0.0,5.692336988999955,0.7115421236249944,10,18,15
14_2_1439_3_S_1-9_derivada.dat,50,2000,3,44,203,404638729/3000000,0.0,1.9953287510001019,0.9976643755000509,11,33,35
14_2_1439_3_S_1-9_derivada.dat,50,8000,3,50,203,243519267/2500000,0.0,7.973368536000066,0.9966710670000083,11,38,42
14_2_1439_3_S_1-9_derivada.dat,100,2000,3,30,207,1040303591/7500000,0.0,3.220999151000001,1.6104995755000004,11,25,29
14_2_1439_3_S_1-9_derivada.dat,100,8000,3,100,207,756544811/7500000,0.0,13.454925896999953,1.6818657371249943,11,52,84
250_10_1439_5_S_1-9.dat,20,2000,3,11,371,6007373521/3000000,0.0,8.764610032000064,4.382305016000032,7,11,10
250_10_1439_5_S_1-9.dat,20,8000,3,10,368,35736868063/20000000,0.0,33.03483381000001,4.129354226250001,6,9,10
250_10_1439_5_S_1-9.dat,50,2000,3,8,365,9335357183/5000000,0.0,10.799290244999838,5.399645122499919,8,8,8
250_10_1439_5_S_1-9.dat,50,8000,3,14,362,104349418247/60000000,0.0,37.381883185000106,4.672735398125013,11,14,14
250_10_1439_5_S_1-9.dat,100,2000,3,13,367,21562971733/12000000,0.0,14.12946184500015,7.064730922500075,13,13,13
250_10_1439_5_S_1-9.dat,100,8000,3,20,349,33481905799/20000000,0.0,43.93925735699986,5.492407169624983,13,19,20
50_10_1439_5_S_1-9.dat,20,2000,3,14,69,1230057187/3750000,0.0,2.8398804039999277,1.4199402019999638,7,13,13
50_10_1439_5_S_1-9.dat,20,8000,3,18,69,15812740483/60000000,0.0,11.019485704999965,1.377435713124996,6,17,18
50_10_1439_5_S_1-9.dat,50,2000,3,12,67,17563199651/60000000,0.0,3.633749869999974,1.816874934999987,7,11,11
50_10_1439_5_S_1-9.dat,50,8000,3,19,67,14560973651/60000000,0.0,13.636654222999937,1.7045817778749919,6,16,18
50_10_1439_5_S_1-9.dat,100,2000,3,13,67,16778843897/60000000,0.0,5.710180316999981,2.8550901584999906,13,13,13
50_10_1439_5_S_1-9.dat,100,8000,3,22,65,7233056497/30000000,0.0,20.961332332999973,2.6201665416249966,10,21,22
6_2_1439_3_S_1-9.dat,20,2000,3,20,94,33524857/250000,0.0,1.2787303740000198,0.6393651870000099,5,9,16
6_2_1439_3_S_1-9.dat,20,8000,3,20,94,33524857/250000,0.0,4.895023006999963,0.6118778758749954,5,7,16
6_2_1439_3_S_1-9.dat,50,2000,3,29,94,33524857/250000,0.0,1.9812192639999466,0.9906096319999733,3,6,22
6_2_1439_3_S_1-9.dat,50,8000,3,39,94,33524857/250000,0.0,7.668797413999982,0.9585996767499978,4,5,29
6_2_1439_3_S_1-9.dat,100,2000,3,22,94,222439121/1500000,0.0,3.3459477619999234,1.6729738809999617,3,6,20
6_2_1439_3_S_1-9.dat,100,8000,3,38,94,33524857/250000,0.0,14.515574540999978,1.8144468176249973,5,9,28
