instance,seed,max_evaluations,spea2_front,spea2_cmax_min,spea2_tec_min_exact,spea2_seconds,spea2_rejection_rate,vns_front,vns_cmax_min,vns_tec_min_exact,vns_seconds,vns_rejection_rate
6_2_1439_3_S_1-9.dat,11,2000,28,94,10540073/78125,1.9812192639999466,0.0,10,106,1676904631/10000000,0.19400590999975975,0.221
6_2_1439_3_S_1-9.dat,29,2000,32,94,33524857/250000,1.9907229209999286,0.0,4,122,732527003/5000000,0.19188209599997208,0.2105
6_2_1439_3_S_1-9.dat,47,2000,29,94,33524857/250000,1.9509869329999674,0.0,11,119,33524857/250000,0.19334283399984997,0.2025
6_2_1439_3_S_1-9.dat,11,8000,39,94,33524857/250000,7.864785930000039,0.0,17,106,33524857/250000,0.7833202350011561,0.2155
6_2_1439_3_S_1-9.dat,29,8000,39,94,33524857/250000,7.668797413999982,0.0,7,115,732527003/5000000,0.7736775060002401,0.21275
6_2_1439_3_S_1-9.dat,47,8000,40,94,33524857/250000,7.408331231000034,0.0,14,119,33524857/250000,0.7873021109990077,0.19975
14_2_1439_3_S_1-9_derivada.dat,11,2000,30,202,404638729/3000000,1.9953287510001019,0.0,8,289,2585965751/15000000,0.2850489890006429,0.1785
14_2_1439_3_S_1-9_derivada.dat,29,2000,44,203,79462143/625000,2.0087716499999715,0.0,14,276,551263573/3750000,0.2799533639990841,0.209
14_2_1439_3_S_1-9_derivada.dat,47,2000,46,205,409868413/3000000,1.987842156000056,0.0,13,267,407382699/2500000,0.28117047200066736,0.224
14_2_1439_3_S_1-9_derivada.dat,11,8000,50,202,770103251/7500000,8.046705996000014,0.0,13,254,1978935023/15000000,1.1246629390007001,0.214125
14_2_1439_3_S_1-9_derivada.dat,29,8000,50,203,243519267/2500000,7.923175893000007,0.0,13,269,357732983/2500000,1.1412267329997121,0.19975
14_2_1439_3_S_1-9_derivada.dat,47,8000,50,205,141508147/1500000,7.973368536000066,0.0,17,253,410029823/3000000,1.1330666869998822,0.194625
50_10_1439_5_S_1-9.dat,11,2000,9,67,4633580729/15000000,3.705921627000066,0.0,6,425,1784500537/1500000,1.436132215001635,0.1185
50_10_1439_5_S_1-9.dat,29,2000,13,68,17563199651/60000000,3.633749869999974,0.0,17,518,89188983997/60000000,1.4483277290000842,0.1475
50_10_1439_5_S_1-9.dat,47,2000,12,67,3494478077/12000000,3.6062771929999826,0.0,5,333,4945457131/5000000,1.4839672100006283,0.1065
50_10_1439_5_S_1-9.dat,11,8000,19,67,15354174673/60000000,13.701617380000016,0.0,11,410,5959434751/7500000,5.768728504999672,0.14325
50_10_1439_5_S_1-9.dat,29,8000,19,68,14532016697/60000000,13.634045574000083,0.0,3,464,5730716781/5000000,5.77434016999905,0.15525
50_10_1439_5_S_1-9.dat,47,8000,16,67,14560973651/60000000,13.636654222999937,0.0,7,281,11577568057/15000000,5.795708534000369,0.138375
250_10_1439_5_S_1-9.dat,11,2000,8,362,9335357183/5000000,10.889205574000016,0.0,3,1435,14820889273/1875000,4.413216371998715,0.432
250_10_1439_5_S_1-9.dat,29,2000,8,365,115312708267/60000000,10.600957284999822,0.0,9,1431,476308778407/60000000,5.004923457001496,0.257
250_10_1439_5_S_1-9.dat,47,2000,20,366,22354978321/12000000,10.799290244999838,0.0,4,1428,449460720611/60000000,4.593745113001205,0.393
250_10_1439_5_S_1-9.dat,11,8000,14,356,102450784699/60000000,37.21452337899996,0.0,3,1435,7851736021/1000000,16.229338650999125,0.506
250_10_1439_5_S_1-9.dat,29,8000,14,365,35795427611/20000000,37.381883185000106,0.0,7,1431,469629133853/60000000,17.565394696999647,0.396875
250_10_1439_5_S_1-9.dat,47,8000,22,362,104349418247/60000000,38.018238741000005,0.0,5,1428,36916904767/5000000,16.20487723699989,0.495375
