attempt,instance,at_utc,elapsed_seconds,status,points,candidate_decisions,covered_combinations,complete_assignments,valid_schedules,invalid_setups,propagation_pruned_combinations,setup_pruned_combinations,dominance_pruned_combinations
1,6_2_1439_3_S_1-9,2026-09-30T23:05:53.761645-03:00,375.0,incomplete,14,96510,911650417196569299,59,59,0,908196773160786863,0,3453644035782377
1,6_2_1439_3_S_1-9,2026-09-30T23:07:23.77325-03:00,435.125,incomplete,14,111101,912966246675054790,59,59,0,908196948088215236,0,4769298586839495
1,6_2_1439_3_S_1-9,2026-09-30T23:08:23.783003-03:00,495.125,incomplete,14,126965,912968075269601505,59,59,0,908197079067465048,0,4770996202136398
1,6_2_1439_3_S_1-9,2026-09-30T23:09:23.794691-03:00,555.125,incomplete,14,142941,912970509771372129,59,59,0,908197255375191527,0,4773254396180543
1,6_2_1439_3_S_1-9,2026-09-30T23:10:23.804938-03:00,615.125,incomplete,14,158672,912972338146996743,59,59,0,908197389730553658,0,4774948416443026
1,6_2_1439_3_S_1-9,2026-09-30T23:11:23.815823-03:00,675.125,incomplete,14,174469,912975382570106954,64,64,0,908197570209142344,0,4777812360964546
1,6_2_1439_3_S_1-9,2026-09-30T23:12:23.82931-03:00,735.125,incomplete,14,190691,912978425751474014,64,64,0,908197799283244884,0,4780626468229066
1,6_2_1439_3_S_1-9,2026-09-30T23:13:23.844353-03:00,795.125,incomplete,14,206871,912980253616483769,64,64,0,908197936914680486,0,4782316701803219
1,6_2_1439_3_S_1-9,2026-09-30T23:14:23.85782-03:00,855.125,incomplete,14,223006,912982080386289426,65,65,0,908198074611425797,0,4784005774863564
1,6_2_1439_3_S_1-9,2026-09-30T23:15:23.873924-03:00,915.125,incomplete,14,241155,8317721126134633758,69,69,0,908454365036665047,0,7409266761097968642
1,6_2_1439_3_S_1-9,2026-09-30T23:16:23.894517-03:00,975.125,incomplete,14,257532,8317725998567522019,69,69,0,908454698632943938,0,7409271299934578012
1,6_2_1439_3_S_1-9,2026-09-30T23:17:23.915133-03:00,1035.125,incomplete,14,275235,8317733305283283621,69,69,0,908455208009296711,0,7409278097273986841
1,6_2_1439_3_S_1-9,2026-09-30T23:18:23.933821-03:00,1095.125,incomplete,14,291193,8317735740734617475,69,69,0,908455383445323361,0,7409280357289294045
2,7_2_1439_3_S_1-9,2026-09-30T23:05:53.761645-03:00,60.0,incomplete,10,79280,7428446865623081082096,50,50,0,7419233409564648788897,0,9213456058432293149
2,7_2_1439_3_S_1-9,2026-09-30T23:07:23.77325-03:00,120.15600000000268,incomplete,11,133710,7441274442889275016028,60,60,0,7419234428363242188555,0,22040014526032827413
2,7_2_1439_3_S_1-9,2026-09-30T23:08:23.783003-03:00,180.15600000000268,incomplete,10,291288,7441339388536695895188,64,64,0,7419238212854395405032,0,22101175682300490092
2,7_2_1439_3_S_1-9,2026-09-30T23:09:23.794691-03:00,240.15600000000268,incomplete,11,396665,7441384478867678932060,72,72,0,7419241354049444062463,0,22143124818234869525
2,7_2_1439_3_S_1-9,2026-09-30T23:10:23.804938-03:00,300.1560000000027,incomplete,15,457748,7441473725585832715796,90,90,0,7419246295694536397018,0,22227429891296318688
2,7_2_1439_3_S_1-9,2026-09-30T23:11:23.815823-03:00,360.1560000000027,incomplete,15,591427,7441474447460648069087,98,98,0,7419246300221262556938,0,22228147239385512051
2,7_2_1439_3_S_1-9,2026-09-30T23:12:23.82931-03:00,420.1560000000027,incomplete,15,742758,7453161715208524334968,98,98,0,7419247385377284920462,0,33914329831239414408
2,7_2_1439_3_S_1-9,2026-09-30T23:13:23.845358-03:00,480.1560000000027,incomplete,15,900528,7453176712767084724308,98,98,0,7419248478409542147022,0,33928234357542577188
2,7_2_1439_3_S_1-9,2026-09-30T23:14:23.85782-03:00,540.1560000000027,incomplete,15,1122267,7453191784612835697394,98,98,0,7419249583778524246750,0,33942200834311450546
2,7_2_1439_3_S_1-9,2026-09-30T23:15:23.873924-03:00,600.1560000000027,incomplete,15,1392397,7453221739597950804644,98,98,0,7419251790466836589818,0,33969949131114214728
2,7_2_1439_3_S_1-9,2026-09-30T23:16:23.894517-03:00,660.1560000000027,incomplete,15,1666937,7453276806138117367266,98,98,0,7419255893789581128749,0,34020912348536238419
2,7_2_1439_3_S_1-9,2026-09-30T23:17:23.915133-03:00,720.1560000000027,incomplete,16,1681018,7453286783544629549600,106,106,0,7419256644321180978009,0,34030139223448571485
2,7_2_1439_3_S_1-9,2026-09-30T23:18:23.933821-03:00,780.1560000000027,incomplete,15,1695510,7453316820002715220664,108,108,0,7419258153396032462861,0,34058666606682757695
3,6_2_1439_3_S_1-9,2026-10-01T02:18:28.375912+00:00,1095.125,incomplete,14,291193,8317735740734617475,69,69,0,908455383445323361,0,7409280357289294045
3,6_2_1439_3_S_1-9,2026-10-01T02:19:58.446325+00:00,1155.25,incomplete,14,301956,8317737566409876528,69,69,0,908455516491010693,0,7409282049918865766
3,6_2_1439_3_S_1-9,2026-10-01T02:20:58.488547+00:00,1215.25,incomplete,14,311498,8317738785375795098,69,69,0,908455605058306761,0,7409283180317488268
3,6_2_1439_3_S_1-9,2026-10-01T02:21:58.510198+00:00,1275.25,incomplete,14,323335,8317741219803941817,69,69,0,908455782561178847,0,7409285437242762901
3,6_2_1439_3_S_1-9,2026-10-01T02:22:58.539152+00:00,1335.25,incomplete,14,335429,8317743046866635382,69,69,0,908455914982771209,0,7409287131883864104
3,6_2_1439_3_S_1-9,2026-10-01T02:23:58.564842+00:00,1395.25,incomplete,14,348599,8317746091361531799,69,69,0,908456145010688048,0,7409289946350843682
3,6_2_1439_3_S_1-9,2026-10-01T02:24:58.617388+00:00,1455.25,incomplete,14,363794,8317748528052898571,69,69,0,908456329203569417,0,7409292198849329085
3,6_2_1439_3_S_1-9,2026-10-01T02:25:28.642726+00:00,1515.25,incomplete,14,378252,8317750354750054781,69,69,0,908456467442484152,0,7409293887307570560
3,6_2_1439_3_S_1-9,2026-10-01T02:26:28.694874+00:00,1575.25,incomplete,14,393655,8317752789033406026,69,69,0,908456651815447333,0,7409296137217958624
3,6_2_1439_3_S_1-9,2026-10-01T02:27:28.734575+00:00,1635.25,incomplete,14,411554,8322767681371012947,69,69,0,908714800854443730,0,7414052880516569148
3,6_2_1439_3_S_1-9,2026-10-01T02:28:28.781991+00:00,1695.25,incomplete,14,428165,8322773162557258902,69,69,0,908715179627656432,0,7414057982929602401
3,6_2_1439_3_S_1-9,2026-10-01T02:29:28.831115+00:00,1755.25,incomplete,14,444659,8322778034334070230,69,69,0,908715525787587184,0,7414062508546482977
3,6_2_1439_3_S_1-9,2026-10-01T02:30:28.879243+00:00,1815.25,incomplete,14,460036,8322781077661694280,69,69,0,908715745820304259,0,7414065331841389952
3,6_2_1439_3_S_1-9,2026-10-01T02:31:28.933080+00:00,1875.25,incomplete,14,475322,8322783513404138163,69,69,0,908715923467545707,0,7414067589936592387
3,6_2_1439_3_S_1-9,2026-10-01T02:32:28.983544+00:00,1935.25,incomplete,14,490109,8322785949146027931,69,69,0,908716101990118030,0,7414069847155909832
3,6_2_1439_3_S_1-9,2026-10-01T02:33:29.036539+00:00,1995.25,incomplete,14,505553,8322788993860726856,69,69,0,908716330238516484,0,7414072663622210303
3,6_2_1439_3_S_1-9,2026-10-01T02:34:29.076153+00:00,2055.25,incomplete,14,519581,8322792038429168685,69,69,0,908716561443266148,0,7414075476985902468
3,6_2_1439_3_S_1-9,2026-10-01T02:35:29.123942+00:00,2115.25,incomplete,14,533544,8322793865637402098,69,69,0,908716700326166578,0,7414077165311235451
3,6_2_1439_3_S_1-9,2026-10-01T02:36:29.170351+00:00,2175.25,incomplete,14,548111,8322795691969977482,69,69,0,908716839305350743,0,7414078852664626670
3,6_2_1439_3_S_1-9,2026-10-01T02:37:29.219473+00:00,2235.25,incomplete,14,565230,8327809366143785346,69,69,0,908976742711905917,0,7418832623431879360
3,6_2_1439_3_S_1-9,2026-10-01T02:38:29.278708+00:00,2295.25,incomplete,14,581087,8327814238723134309,69,69,0,908977079828330030,0,7418837158894804210
3,6_2_1439_3_S_1-9,2026-10-01T02:39:29.332273+00:00,2355.25,incomplete,14,598284,8327821545658451298,69,69,0,908977594482698824,0,7418843951175752405
3,6_2_1439_3_S_1-9,2026-10-01T02:40:29.390904+00:00,2415.25,incomplete,14,613279,8327823980962743189,69,69,0,908977771664568610,0,7418846209298174510
3,6_2_1439_3_S_1-9,2026-10-01T02:41:29.431958+00:00,2475.25,incomplete,14,628385,8327826416631905829,69,69,0,908977949748073094,0,7418848466883832666
3,6_2_1439_3_S_1-9,2026-10-01T02:42:29.482127+00:00,2535.25,incomplete,14,643405,8327828852520477762,69,69,0,908978128723395289,0,7418850723797082404
3,6_2_1439_3_S_1-9,2026-10-01T02:43:29.525781+00:00,2595.25,incomplete,14,658789,8327831896139998242,69,69,0,908978354871275936,0,7418853541268722237
3,6_2_1439_3_S_1-9,2026-10-01T02:44:29.582138+00:00,2655.25,incomplete,14,674137,8327835549389132096,69,69,0,908978633610170879,0,7418856915778961148
3,6_2_1439_3_S_1-9,2026-10-01T02:45:29.658305+00:00,2715.25,incomplete,14,688758,8327837984473902129,69,69,0,908978819531081999,0,7418859164942820061
3,6_2_1439_3_S_1-9,2026-10-01T02:46:29.713993+00:00,2775.25,incomplete,14,704131,8327839810879904007,69,69,0,908978959174969045,0,7418860851704934893
3,6_2_1439_3_S_1-9,2026-10-01T02:47:29.788621+00:00,2835.25,incomplete,14,721831,8332853485784028210,69,69,0,909240691973628552,0,7423612793810399589
3,6_2_1439_3_S_1-9,2026-10-01T02:48:29.876175+00:00,2895.25,incomplete,14,737294,8332858358363420618,69,69,0,909241030843564380,0,7423617327519856169
3,6_2_1439_3_S_1-9,2026-10-01T02:49:29.967641+00:00,2955.25,incomplete,14,752899,8332865056618020765,69,69,0,909241504368069504,0,7423623552249951192
3,6_2_1439_3_S_1-9,2026-10-01T02:50:30.062738+00:00,3015.25,incomplete,14,767952,8332867492506678891,69,69,0,909241682438349495,0,7423625810068329327
3,6_2_1439_3_S_1-9,2026-10-01T02:51:30.150618+00:00,3075.25,incomplete,14,783085,8332870535980293534,69,69,0,909241905128967524,0,7423628630851325941
3,6_2_1439_3_S_1-9,2026-10-01T02:52:30.242184+00:00,3135.25,incomplete,14,797812,8332872971868969512,69,69,0,909242084982261721,0,7423630886886707722
3,6_2_1439_3_S_1-9,2026-10-01T02:53:30.303826+00:00,3195.25,incomplete,14,813152,8332876015780412019,69,69,0,909242312247860616,0,7423633703532551334
3,6_2_1439_3_S_1-9,2026-10-01T02:54:30.365645+00:00,3255.25,incomplete,14,828716,8332879669392827511,69,69,0,909242592333314070,0,7423637077059513372
3,6_2_1439_3_S_1-9,2026-10-01T02:55:30.418894+00:00,3315.25,incomplete,14,844688,8332882105208118204,69,69,0,909242779192317907,0,7423639326015800228
3,6_2_1439_3_S_1-9,2026-10-01T02:56:30.473808+00:00,3375.25,incomplete,14,860780,8332883932709161749,69,69,0,909242919586567590,0,7423641013122594090
3,6_2_1439_3_S_1-9,2026-10-01T02:57:30.528915+00:00,3435.25,incomplete,14,879981,8337898824170949033,69,69,0,909506566359379871,0,7428392257811569093
3,6_2_1439_3_S_1-9,2026-10-01T02:58:30.584907+00:00,3495.25,incomplete,14,899270,8337906131835957600,69,69,0,909507079923520633,0,7428399051912436898
3,6_2_1439_3_S_1-9,2026-10-01T02:59:30.642109+00:00,3555.25,incomplete,14,916577,8337911610249547557,69,69,0,909507476884361032,0,7428404133365186456
3,6_2_1439_3_S_1-9,2026-10-01T03:00:30.700194+00:00,3615.25,incomplete,14,932412,8337914046939282543,69,69,0,909507656774530793,0,7428406390164751681
3,6_2_1439_3_S_1-9,2026-10-01T03:01:30.760701+00:00,3675.25,incomplete,14,948558,8337917090997751305,69,69,0,909507881524168715,0,7428409209473582521
3,6_2_1439_3_S_1-9,2026-10-01T03:02:30.821260+00:00,3735.25,incomplete,14,964896,8337920135857192881,69,69,0,909508109960899267,0,7428412025896293545
3,6_2_1439_3_S_1-9,2026-10-01T03:03:30.882599+00:00,3795.25,incomplete,14,980914,8337923789762582454,69,69,0,909508391386716635,0,7428415398375865750
3,6_2_1439_3_S_1-9,2026-10-01T03:04:30.944304+00:00,3855.25,incomplete,14,996921,8337926225724206377,69,69,0,909508579136438662,0,7428417646587767646
3,6_2_1439_3_S_1-9,2026-10-01T03:05:31.008830+00:00,3915.25,incomplete,14,1012754,8337928659350840319,69,69,0,909508766992082877,0,7428419892358757373
3,6_2_1439_3_S_1-9,2026-10-01T03:06:31.087781+00:00,3975.25,incomplete,14,1029963,8342942943883841370,69,69,0,909774196666033324,0,7433168747217807977
3,6_2_1439_3_S_1-9,2026-10-01T03:07:31.152876+00:00,4035.25,incomplete,14,1049199,8342950251913217820,69,69,0,909774712889227452,0,7433175539023990299
3,6_2_1439_3_S_1-9,2026-10-01T03:08:31.217603+00:00,4095.25,incomplete,14,1066682,8342955730618568218,69,69,0,909775111847624596,0,7433180618770943553
3,6_2_1439_3_S_1-9,2026-10-01T03:09:31.285705+00:00,4155.25,incomplete,14,1082380,8342958167309882886,69,69,0,909775292617072748,0,7433182874692810069
3,6_2_1439_3_S_1-9,2026-10-01T03:10:31.354054+00:00,4215.25,incomplete,14,1098353,8342961211659343571,69,69,0,909775518485438850,0,7433185693173904652
3,6_2_1439_3_S_1-9,2026-10-01T03:11:31.421760+00:00,4275.25,incomplete,14,1114971,8342964256738101906,69,69,0,909775748041749295,0,7433188508696352542
3,6_2_1439_3_S_1-9,2026-10-01T03:12:31.491909+00:00,4335.25,incomplete,14,1130785,8342967910643797662,69,69,0,909776030782737396,0,7433191879861060197
3,6_2_1439_3_S_1-9,2026-10-01T03:13:31.562028+00:00,4395.25,incomplete,14,1146788,8342970953169311504,69,69,0,909776266413813656,0,7433194686755497779
3,6_2_1439_3_S_1-9,2026-10-01T03:14:31.633114+00:00,4455.25,incomplete,14,1162652,8342972781179986950,69,69,0,909776408226196437,0,7433196372953790444
3,6_2_1439_3_S_1-9,2026-10-01T03:15:31.705294+00:00,4515.25,incomplete,14,1183165,8347988892264007602,69,69,0,910043795991175387,0,7437945096272832146
3,6_2_1439_3_S_1-9,2026-10-01T03:16:31.777287+00:00,4575.25,incomplete,14,1204195,8347998631876473108,69,69,0,910044496553497049,0,7437954135322975990
3,6_2_1439_3_S_1-9,2026-10-01T03:17:31.851352+00:00,4635.25,incomplete,14,1220629,8348001069005805998,69,69,0,910044677799131419,0,7437956391206674510
3,6_2_1439_3_S_1-9,2026-10-01T03:18:31.926626+00:00,4695.25,incomplete,14,1237235,8348004113865956925,69,69,0,910044904353912171,0,7437959209512044685
3,6_2_1439_3_S_1-9,2026-10-01T03:19:32.001226+00:00,4755.25,incomplete,14,1254025,8348007159017929662,69,69,0,910045134509291003,0,7437962024508638590
3,6_2_1439_3_S_1-9,2026-10-01T03:20:32.077852+00:00,4815.25,incomplete,14,1270434,8348011420435163901,69,69,0,910045462964673569,0,7437965957470490263
3,6_2_1439_3_S_1-9,2026-10-01T03:21:32.234405+00:00,4875.25,incomplete,14,1286475,8348014464274658583,69,69,0,910045699719931051,0,7437968764554727463
3,6_2_1439_3_S_1-9,2026-10-01T03:22:32.312336+00:00,4935.25,incomplete,14,1302505,8348016291847454946,69,69,0,910045842098520520,0,7437970449748934357
3,6_2_1439_3_S_1-9,2026-10-01T03:23:32.391970+00:00,4995.25,incomplete,14,1322663,8353031185134137040,69,69,0,910314978320933109,0,7442716206813203862
3,6_2_1439_3_S_1-9,2026-10-01T03:24:32.472127+00:00,5055.25,incomplete,14,1345291,8353041536782999773,69,69,0,910315721205227579,0,7442725815577772125
3,6_2_1439_3_S_1-9,2026-10-01T03:25:32.553190+00:00,5115.25,incomplete,14,1362031,8353045188353356809,69,69,0,910315993718349048,0,7442729194635007692
3,6_2_1439_3_S_1-9,2026-10-01T03:26:32.635981+00:00,5175.25,incomplete,14,1378684,8353048233213636678,69,69,0,910316221374517566,0,7442732011839119043
3,6_2_1439_3_S_1-9,2026-10-01T03:27:32.720212+00:00,5235.25,incomplete,14,1395886,8353051278949735512,69,69,0,910316452672532616,0,7442734826277202827
3,6_2_1439_3_S_1-9,2026-10-01T03:28:32.804721+00:00,5295.25,incomplete,14,1412288,8353055540513926935,69,69,0,910316782676269338,0,7442738757837657528
3,6_2_1439_3_S_1-9,2026-10-01T03:29:32.892896+00:00,5355.25,incomplete,14,1428256,8353058584570721247,69,69,0,910317020547025322,0,7442741564023695856
3,6_2_1439_3_S_1-9,2026-10-01T03:30:32.979054+00:00,5415.25,incomplete,14,1444018,8353060412217191979,69,69,0,910317163591599154,0,7442743248625592756
3,6_2_1439_3_S_1-9,2026-10-01T03:31:33.064995+00:00,5475.25,incomplete,14,1465138,8358076522207333383,69,69,0,910588216285922363,0,7447488305921410951
3,6_2_1439_3_S_1-9,2026-10-01T03:32:33.155628+00:00,5535.25,incomplete,14,1488217,8358086872615376850,69,69,0,910588967103655640,0,7447497905511721141
3,6_2_1439_3_S_1-9,2026-10-01T03:33:33.245773+00:00,5595.25,incomplete,14,1504797,8358089310182905181,69,69,0,910589150145587209,0,7447500160037317903
3,6_2_1439_3_S_1-9,2026-10-01T03:34:33.337823+00:00,5655.25,incomplete,14,1521977,8358092962919627697,69,69,0,910589426043128003,0,7447503536876499625
3,6_2_1439_3_S_1-9,2026-10-01T03:35:33.430216+00:00,5715.25,incomplete,14,1539385,8358096616168700940,69,69,0,910589703818112118,0,7447506912350588753
3,6_2_1439_3_S_1-9,2026-10-01T03:36:33.521506+00:00,5775.25,incomplete,14,1555508,8358100270731192476,69,69,0,910589990564661371,0,7447510280166531036
3,6_2_1439_3_S_1-9,2026-10-01T03:37:33.614428+00:00,5835.25,incomplete,14,1571581,8358103313839969891,69,69,0,910590229536479560,0,7447513084303490262
3,6_2_1439_3_S_1-9,2026-10-01T03:38:33.709205+00:00,5895.25,incomplete,14,1587463,8358105749436824902,69,69,0,910590421050531012,0,7447515328386293821
3,6_2_1439_3_S_1-9,2026-10-01T03:39:33.803475+00:00,5955.25,incomplete,12,1612000,8363124296847289496,72,72,0,910863471348816006,0,7452260825498473418
3,6_2_1439_3_S_1-9,2026-10-01T03:40:33.898424+00:00,6015.25,incomplete,12,1632922,8363132211294383616,72,72,0,910864054637021957,0,7452268156657361587
3,6_2_1439_3_S_1-9,2026-10-01T03:41:33.993165+00:00,6075.25,incomplete,12,1650005,8363135257249328325,72,72,0,910864284116506998,0,7452270973132821255
3,6_2_1439_3_S_1-9,2026-10-01T03:42:34.090062+00:00,6135.25,incomplete,12,1667615,8363138909913966975,72,72,0,910864562037390795,0,7452274347876576108
3,6_2_1439_3_S_1-9,2026-10-01T03:43:34.188296+00:00,6195.25,incomplete,12,1684626,8363143172062293846,72,72,0,910864895023212733,0,7452278277039081041
3,6_2_1439_3_S_1-9,2026-10-01T03:44:34.288216+00:00,6255.25,incomplete,12,1700566,8363146217359590426,72,72,0,910865135130367009,0,7452281082229223345
3,6_2_1439_3_S_1-9,2026-10-01T03:45:34.388128+00:00,6315.25,incomplete,12,1716758,8363148652081216364,72,72,0,910865327395377675,0,7452283324685838617
3,6_2_1439_3_S_1-9,2026-10-01T03:46:34.488117+00:00,6375.25,incomplete,11,1738702,8368164763457262289,75,75,0,911140040607444097,0,7457024722849818117
3,6_2_1439_3_S_1-9,2026-10-01T03:47:34.589461+00:00,6435.25,incomplete,11,1762581,8368175114449689115,76,76,0,911140798928453426,0,7457034315521235613
3,6_2_1439_3_S_1-9,2026-10-01T03:48:34.691921+00:00,6495.25,incomplete,11,1779928,8368178767114916777,76,76,0,911141076139755288,0,7457037690975161413
3,6_2_1439_3_S_1-9,2026-10-01T03:49:34.794987+00:00,6555.25,incomplete,11,1797264,8368182420363613155,76,76,0,911141355367126340,0,7457041064996486739
3,6_2_1439_3_S_1-9,2026-10-01T03:50:34.899293+00:00,6615.25,incomplete,11,1814797,8368186074779327046,76,76,0,911141639000318030,0,7457044435779008940
3,6_2_1439_3_S_1-9,2026-10-01T03:51:35.003128+00:00,6675.25,incomplete,11,1830954,8368189728684629613,76,76,0,911141928349144550,0,7457047800335484987
3,6_2_1439_3_S_1-9,2026-10-01T03:52:35.108565+00:00,6735.25,incomplete,11,1847141,8368192163770084234,76,76,0,911142121445451502,0,7457050042324632656
3,6_2_1439_3_S_1-9,2026-10-01T03:53:35.215108+00:00,6795.25,incomplete,11,1868040,8373207664788517551,76,76,0,911418624967965562,0,7461789039820551913
3,6_2_1439_3_S_1-9,2026-10-01T03:54:35.322997+00:00,6855.25,incomplete,11,1893256,8373219233214556742,76,76,0,911419475081662880,0,7461799758132893786
3,6_2_1439_3_S_1-9,2026-10-01T03:55:35.430387+00:00,6915.25,incomplete,11,1910668,8373222279606364914,76,76,0,911419706334550665,0,7461802573271814173
3,6_2_1439_3_S_1-9,2026-10-01T03:56:35.539991+00:00,6975.25,incomplete,11,1928597,8373225932418037019,76,76,0,911419986240226473,0,7461805946177810470
3,6_2_1439_3_S_1-9,2026-10-01T03:57:35.653160+00:00,7035.25,incomplete,11,1946616,8373230194491544062,76,76,0,911420319177139965,0,7461809875314404021
3,6_2_1439_3_S_1-9,2026-10-01T03:58:35.771713+00:00,7095.25,incomplete,11,1962841,8373233848470778287,76,76,0,911420609846914083,0,7461813238623864128
3,6_2_1439_3_S_1-9,2026-10-01T03:59:35.889126+00:00,7155.25,incomplete,11,1978992,8373236283629137998,76,76,0,911420803825548416,0,7461815479803589506
3,6_2_1439_3_S_1-9,2026-10-01T04:00:36.002791+00:00,7215.25,incomplete,11,1998777,8378250568381105362,78,78,0,911699049194547324,0,7466551519186557960
3,6_2_1439_3_S_1-9,2026-10-01T04:01:36.117526+00:00,7275.25,incomplete,10,2024935,8378263353073423301,79,79,0,911699991602883579,0,7466563361470539643
3,6_2_1439_3_S_1-9,2026-10-01T04:02:36.231554+00:00,7335.25,incomplete,10,2042452,8378266399393026530,79,79,0,911700223945608583,0,7466566175447417868
3,6_2_1439_3_S_1-9,2026-10-01T04:03:36.348244+00:00,7395.25,incomplete,10,2060697,8378270052568099803,79,79,0,911700505193005161,0,7466569547375094563
3,6_2_1439_3_S_1-9,2026-10-01T04:04:36.465186+00:00,7455.25,incomplete,10,2078952,8378274314715393228,79,79,0,911700839668463986,0,7466573475046929163
3,6_2_1439_3_S_1-9,2026-10-01T04:05:36.581173+00:00,7515.25,incomplete,10,2095184,8378277968694662384,79,79,0,911701131651692819,0,7466576837042969486
3,6_2_1439_3_S_1-9,2026-10-01T04:06:36.698372+00:00,7575.25,incomplete,10,2110121,8378280403196090310,79,79,0,911701326450154339,0,7466579076745935892
3,6_2_1439_3_S_1-9,2026-10-01T04:07:36.827630+00:00,7635.25,incomplete,12,2126750,8381152580432260629,90,90,0,911981097417504274,0,7469171483014756265
3,6_2_1439_3_S_1-9,2026-10-01T04:08:36.946346+00:00,7695.25,incomplete,16,2154970,8381986163945684829,125,125,0,911981535732745365,0,7470004628212939339
3,6_2_1439_3_S_1-9,2026-10-01T04:09:37.067156+00:00,7755.25,incomplete,16,2178820,8381993470953352911,125,125,0,911982073564983284,0,7470011397388369502
3,6_2_1439_3_S_1-9,2026-10-01T04:10:37.188732+00:00,7815.25,incomplete,17,2204047,8382000777669405228,139,139,0,911982616927637969,0,7470018160741767120
3,6_2_1439_3_S_1-9,2026-10-01T04:11:37.310935+00:00,7875.25,incomplete,17,2221712,8383309299994188483,139,139,0,911982898116271035,0,7471326401877917309
3,6_2_1439_3_S_1-9,2026-10-01T04:12:37.435644+00:00,7935.25,incomplete,17,2239479,8383312345365322596,139,139,0,911983132935280364,0,7471329212430042093
3,6_2_1439_3_S_1-9,2026-10-01T04:13:37.566071+00:00,7995.25,incomplete,18,2257502,8383316607512745003,144,144,0,911983420237934961,0,7471333187274809898
3,6_2_1439_3_S_1-9,2026-10-01T04:14:37.691689+00:00,8055.25,incomplete,18,2273389,8383319652810810830,145,145,0,911983664858363116,0,7471335987952447569
3,6_2_1439_3_S_1-9,2026-10-01T04:15:37.818256+00:00,8115.25,incomplete,18,2289251,8383322696211912749,145,145,0,911983909388403479,0,7471338786823509125
3,6_2_1439_3_S_1-9,2026-10-01T04:16:37.946074+00:00,8175.25,incomplete,18,2305169,8383325132464544811,147,147,0,911984105368665729,0,7471341027095878935
3,6_2_1439_3_S_1-9,2026-10-01T04:17:38.074772+00:00,8235.25,incomplete,18,2348463,14844817988374030041,150,150,0,912546771935593148,0,13932271216438436743
3,6_2_1439_3_S_1-9,2026-10-01T04:18:38.204155+00:00,8295.25,incomplete,18,2374582,14844827728497470163,150,150,0,912547505386382147,0,13932280223111087866
3,6_2_1439_3_S_1-9,2026-10-01T04:19:38.339563+00:00,8355.25,incomplete,18,2393175,14844831383059388290,150,150,0,912547789344076925,0,13932283593715311215
3,6_2_1439_3_S_1-9,2026-10-01T04:20:38.471215+00:00,8415.25,incomplete,18,2411961,14844836254106081271,150,150,0,912548173207180485,0,13932288080898900636
3,6_2_1439_3_S_1-9,2026-10-01T04:21:38.603916+00:00,8475.25,incomplete,18,2427915,14844840515670494175,150,150,0,912548516854695013,0,13932291998815799012
3,6_2_1439_3_S_1-9,2026-10-01T04:22:38.739262+00:00,8535.25,incomplete,18,2443842,14844842950974632310,150,150,0,912548713563191137,0,13932294237411441023
3,6_2_1439_3_S_1-9,2026-10-01T04:23:38.874172+00:00,8595.25,incomplete,18,2478644,14854900137568853670,150,150,0,913114639476098859,0,13941785498092754661
3,6_2_1439_3_S_1-9,2026-10-01T04:24:39.009425+00:00,8655.25,incomplete,18,2512743,14854914751219343346,150,150,0,913115734606984577,0,13941799016612358619
3,6_2_1439_3_S_1-9,2026-10-01T04:25:39.145591+00:00,8715.25,incomplete,18,2531120,14854918405781637513,150,150,0,913116019227600322,0,13941802386554037041
3,6_2_1439_3_S_1-9,2026-10-01T04:26:39.310642+00:00,8775.25,incomplete,18,2551246,14854923277120303839,150,150,0,913116401525702548,0,13941806875594601141
3,6_2_1439_3_S_1-9,2026-10-01T04:27:39.453007+00:00,8835.25,incomplete,18,2567134,14854928147364613896,150,150,0,913116795958752476,0,13941811351405861270
3,6_2_1439_3_S_1-9,2026-10-01T04:28:39.593779+00:00,8895.25,incomplete,18,2582998,14854930583471322267,150,150,0,913116993537615607,0,13941813589933706510
3,6_2_1439_3_S_1-9,2026-10-01T04:29:39.735142+00:00,8955.25,incomplete,11,2605369,14861159010313188942,171,171,0,913567350166238772,0,13947591660146949999
3,6_2_1439_3_S_1-9,2026-10-01T04:30:39.877971+00:00,9015.25,incomplete,11,2621048,14861179103910009831,171,171,0,913567452633899373,0,13947611651276110287
3,6_2_1439_3_S_1-9,2026-10-01T04:31:40.020366+00:00,9075.25,incomplete,11,2637568,14861180931920480958,171,171,0,913567557169671851,0,13947613374750808936
3,6_2_1439_3_S_1-9,2026-10-01T04:32:40.164091+00:00,9135.25,incomplete,11,2655468,14861183367590625912,171,171,0,913567699527410861,0,13947615668063214880
3,6_2_1439_3_S_1-9,2026-10-01T04:33:40.312860+00:00,9195.25,incomplete,13,2679135,14862099761161907311,207,207,0,913568027617976912,0,13948531733543930192
3,6_2_1439_3_S_1-9,2026-10-01T04:34:40.458292+00:00,9255.25,incomplete,12,2711364,14862112546947839349,219,219,0,913568709967156495,0,13948543836980682635
3,6_2_1439_3_S_1-9,2026-10-01T04:35:40.603727+00:00,9315.25,incomplete,14,2746478,14864313107828856903,234,234,0,913570375184046288,0,13950742732644810381
3,6_2_1439_3_S_1-9,2026-10-01T04:36:40.750841+00:00,9375.25,incomplete,20,2764141,14864337464666859015,246,246,0,913572123075255354,0,13950765341591603415
3,6_2_1439_3_S_1-9,2026-10-01T04:37:40.902470+00:00,9435.25,incomplete,20,2779781,14865006035285322551,246,246,0,913572158070294222,0,13951433877215028083
3,6_2_1439_3_S_1-9,2026-10-01T04:38:41.060549+00:00,9495.25,incomplete,20,2795351,14865006643748157897,246,246,0,913572193280432778,0,13951434450467724873
3,6_2_1439_3_S_1-9,2026-10-01T04:39:41.209030+00:00,9555.25,incomplete,20,2810972,14865006646446942185,246,246,0,913572193461766358,0,13951434452985175581
3,6_2_1439_3_S_1-9,2026-10-01T04:40:41.361318+00:00,9615.25,incomplete,20,2826575,14865007255054581440,246,246,0,913572228885328101,0,13951435026169253093
3,6_2_1439_3_S_1-9,2026-10-01T04:41:41.516262+00:00,9675.25,incomplete,20,2842070,14865007863954562283,246,246,0,913572264533431758,0,13951435599421130279
3,6_2_1439_3_S_1-9,2026-10-01T04:42:41.671191+00:00,9735.25,incomplete,20,2857712,14865008473290593310,246,246,0,913572300415777795,0,13951436172874815269
3,6_2_1439_3_S_1-9,2026-10-01T04:43:41.827383+00:00,9795.25,incomplete,20,2873327,14865009689483967506,246,246,0,913572372625103354,0,13951437316858863906
3,6_2_1439_3_S_1-9,2026-10-01T04:44:41.983396+00:00,9855.25,incomplete,20,2888832,14865010299329698893,246,246,0,913572409155136289,0,13951437890174562358
3,6_2_1439_3_S_1-9,2026-10-01T04:45:42.160944+00:00,9915.25,incomplete,20,2904325,14865011517055652765,246,246,0,913572482694178846,0,13951439034361473673
3,6_2_1439_3_S_1-9,2026-10-01T04:46:42.318914+00:00,9975.25,incomplete,20,2920013,14865012735511493478,246,246,0,913572556689392801,0,13951440178822100431
3,6_2_1439_3_S_1-9,2026-10-01T04:47:42.479014+00:00,10035.25,incomplete,20,2935620,14865014561476539956,246,246,0,913572667665070494,0,13951441893811469216
3,6_2_1439_3_S_1-9,2026-10-01T04:48:42.641689+00:00,10095.25,incomplete,20,2951322,14865015779348988099,246,246,0,913572741690927059,0,13951443037658060794
3,6_2_1439_3_S_1-9,2026-10-01T04:49:42.803121+00:00,10155.25,incomplete,20,2966491,14865016996196865267,246,246,0,913572815697929402,0,13951444180498935619
3,6_2_1439_3_S_1-9,2026-10-01T04:50:42.968037+00:00,10215.25,incomplete,20,2981967,14865017605536119175,246,246,0,913572852785931092,0,13951444752750187837
3,6_2_1439_3_S_1-9,2026-10-01T04:51:43.131499+00:00,10275.25,incomplete,20,2997611,14865018214724963645,246,246,0,913572889879787410,0,13951445324845175989
3,6_2_1439_3_S_1-9,2026-10-01T04:52:43.299246+00:00,10335.25,incomplete,20,3013150,14865018823625457317,246,246,0,913572926969935430,0,13951445896655521641
3,6_2_1439_3_S_1-9,2026-10-01T04:53:43.465128+00:00,10395.25,incomplete,20,3028865,14865019433253855558,246,246,0,913572964122461697,0,13951446469131393615
3,6_2_1439_3_S_1-9,2026-10-01T04:54:43.632182+00:00,10455.25,incomplete,20,3044493,14865020649959092529,246,246,0,913573038225819250,0,13951447611733273033
3,6_2_1439_3_S_1-9,2026-10-01T04:55:43.801283+00:00,10515.25,incomplete,20,3065246,28519377588056978649,246,246,0,913741806724809202,0,27605635781332169201
3,6_2_1439_3_S_1-9,2026-10-01T04:56:43.971190+00:00,10575.25,incomplete,20,3116370,28519429345428357336,246,246,0,913745277548769242,0,27605684067879587848
3,6_2_1439_3_S_1-9,2026-10-01T04:57:44.141222+00:00,10635.25,incomplete,20,3132454,28519439087152932432,246,246,0,913745994914099077,0,27605693092238833109
3,6_2_1439_3_S_1-9,2026-10-01T04:58:44.313524+00:00,10695.25,incomplete,20,3148078,28519439695616229360,246,246,0,913746030123249047,0,27605693665492980067
3,6_2_1439_3_S_1-9,2026-10-01T04:59:44.485433+00:00,10755.25,incomplete,20,3163656,28519440304298022387,246,246,0,913746065552048556,0,27605694238745973585
3,6_2_1439_3_S_1-9,2026-10-01T08:00:11.083841+00:00,21590.171000000002,incomplete,20,3173064,28519440912247055463,246,246,0,913746101137123875,0,27605694811109931342
4,7_2_1439_3_S_1-9,2026-10-01T02:18:28.375912+00:00,780.1560000000027,incomplete,15,1695510,7453316820002715220664,108,108,0,7419258153396032462861,0,34058666606682757695
4,7_2_1439_3_S_1-9,2026-10-01T02:19:58.448330+00:00,840.2810000000027,incomplete,15,1781000,7453366741781289861584,110,110,0,7419261229225557609402,0,34105512555732252072
4,7_2_1439_3_S_1-9,2026-10-01T02:20:58.488547+00:00,900.2810000000027,incomplete,15,1856347,7453376752133401887616,110,110,0,7419262010288984601908,0,34114741844417285598
4,7_2_1439_3_S_1-9,2026-10-01T02:21:58.512203+00:00,960.2810000000027,incomplete,15,1979867,7453386809219106322049,110,110,0,7419262799455990937043,0,34124009763115384896
4,7_2_1439_3_S_1-9,2026-10-01T02:22:58.539152+00:00,1020.2810000000027,incomplete,17,2033797,7453416844474560343020,114,114,0,7419265178510064503877,0,34151665964495839029
4,7_2_1439_3_S_1-9,2026-10-01T02:23:58.564842+00:00,1080.2810000000027,incomplete,17,2044346,7458392825556836250360,118,118,0,7419265575388654918477,0,39127250168181331765
4,7_2_1439_3_S_1-9,2026-10-01T02:24:58.617388+00:00,1140.2810000000027,incomplete,17,2056515,7458397829535446617824,118,118,0,7419265974244869668145,0,39131855290576949561
4,7_2_1439_3_S_1-9,2026-10-01T02:25:28.652748+00:00,1200.2810000000027,incomplete,17,2068229,7458402833512694671712,118,118,0,7419266374846252183869,0,39136458666442487725
4,7_2_1439_3_S_1-9,2026-10-01T02:26:28.699347+00:00,1260.2810000000027,incomplete,17,2080690,7458412828281231257844,118,118,0,7419267179941659026921,0,39145648339572230805
4,7_2_1439_3_S_1-9,2026-10-01T02:27:28.742843+00:00,1320.2810000000027,incomplete,17,2093284,7458417835254574105008,118,118,0,7419267586054019663657,0,39150249200554441233
4,7_2_1439_3_S_1-9,2026-10-01T02:28:28.790099+00:00,1380.2810000000027,incomplete,17,2105558,7458427833036102364988,118,118,0,7419268401883472099733,0,39159431152630265137
4,7_2_1439_3_S_1-9,2026-10-01T02:29:28.839403+00:00,1440.2810000000027,incomplete,17,2118148,7458432841806225071312,118,118,0,7419268813403564048829,0,39164028402661022365
4,7_2_1439_3_S_1-9,2026-10-01T02:30:28.885252+00:00,1500.2810000000027,incomplete,17,2130606,7458442843763312563344,118,118,0,7419269640080195954109,0,39173203683116609117
4,7_2_1439_3_S_1-9,2026-10-01T02:31:28.941109+00:00,1560.2810000000027,incomplete,17,2143040,7458457841941380597232,118,118,0,7419270892641235277625,0,39186949300145319489
4,7_2_1439_3_S_1-9,2026-10-01T02:32:28.991564+00:00,1620.2810000000027,incomplete,17,2155106,7458467849293107295740,118,118,0,7419271737243258964917,0,39196112049848330705
4,7_2_1439_3_S_1-9,2026-10-01T02:33:29.042799+00:00,1680.2810000000027,incomplete,17,2167647,7458492853609397549560,118,118,0,7419273877693553034433,0,39218975915844515009
4,7_2_1439_3_S_1-9,2026-10-01T02:34:29.077157+00:00,1740.2810000000027,incomplete,17,2178991,7458592872695583276112,118,118,0,7419282751987887319293,0,39310120707695956701
4,7_2_1439_3_S_1-9,2026-10-01T02:35:29.123942+00:00,1800.2810000000027,incomplete,17,2190282,7458607876844707253476,118,118,0,7419284096046215622321,0,39323780798491631037
4,7_2_1439_3_S_1-9,2026-10-01T02:36:29.170351+00:00,1860.2810000000027,incomplete,17,2202288,7458622876221401546480,118,118,0,7419285440184473690277,0,39337436036927856085
4,7_2_1439_3_S_1-9,2026-10-01T02:37:29.225485+00:00,1920.2810000000027,incomplete,17,2214111,7458632726538616319060,118,118,0,7419286442459125065209,0,39346284079491253733
4,7_2_1439_3_S_1-9,2026-10-01T02:38:29.286739+00:00,1980.2810000000027,incomplete,17,2226224,7458642669615591274756,118,118,0,7419287463885759093789,0,39355205729832180849
4,7_2_1439_3_S_1-9,2026-10-01T02:39:29.332273+00:00,2040.2810000000027,incomplete,17,2238217,7458647820504763818416,118,118,0,7419287997698203012101,0,39359822806560806197
4,7_2_1439_3_S_1-9,2026-10-01T02:40:29.390904+00:00,2100.2810000000027,incomplete,17,2250292,7458657684466123261256,118,118,0,7419289020195570063105,0,39368664270553198033
4,7_2_1439_3_S_1-9,2026-10-01T02:41:29.431958+00:00,2160.2810000000027,incomplete,17,2262444,7458662781222506820564,118,118,0,7419289553014140742149,0,39373228208366078297
4,7_2_1439_3_S_1-9,2026-10-01T02:42:29.482127+00:00,2220.2810000000027,incomplete,17,2274619,7458667858348088196360,118,118,0,7419290086016864794441,0,39377772331223401801
4,7_2_1439_3_S_1-9,2026-10-01T02:43:29.525781+00:00,2280.2810000000027,incomplete,17,2428727,72443242027159296156500,118,118,0,7421084586943079901365,0,65022157440216216255017
4,7_2_1439_3_S_1-9,2026-10-01T02:44:29.590163+00:00,2340.2810000000027,incomplete,17,2593654,72443347013679563368720,118,118,0,7421092024971140296677,0,65022254988708423071925
4,7_2_1439_3_S_1-9,2026-10-01T02:45:29.658305+00:00,2400.2810000000027,incomplete,17,2817122,72443372071319938241189,118,118,0,7421093857764470612152,0,65022278213555467628919
4,7_2_1439_3_S_1-9,2026-10-01T02:46:29.724027+00:00,2460.2810000000027,incomplete,17,3052022,72443417010685992371568,118,118,0,7421097176869734879099,0,65022319833816257492351
4,7_2_1439_3_S_1-9,2026-10-01T02:47:29.788621+00:00,2520.2810000000027,incomplete,17,3175114,72443517110645586376954,118,118,0,7421104741266581693324,0,65022412369379004683512
4,7_2_1439_3_S_1-9,2026-10-01T02:48:29.893414+00:00,2580.2810000000027,incomplete,17,3269935,72443537096610368718617,118,118,0,7421106300029966581278,0,65022430796580402137221
4,7_2_1439_3_S_1-9,2026-10-01T02:49:29.979677+00:00,2640.2810000000027,incomplete,17,3370312,72443567086938684952744,118,118,0,7421108666099777870681,0,65022458420838907081945
4,7_2_1439_3_S_1-9,2026-10-01T02:50:30.072768+00:00,2700.2810000000027,incomplete,17,3393160,72443577122453535252800,118,118,0,7421109467123171765471,0,65022467655330363487211
4,7_2_1439_3_S_1-9,2026-10-01T02:51:30.160654+00:00,2760.2810000000027,incomplete,17,3404674,72443587112429910374088,118,118,0,7421110264901824405375,0,65022476847528085968595
4,7_2_1439_3_S_1-9,2026-10-01T02:52:30.242184+00:00,2820.2810000000027,incomplete,17,3415920,72443592115811301145852,118,118,0,7421110667234964866887,0,65022481448576336278847
4,7_2_1439_3_S_1-9,2026-10-01T02:53:30.303826+00:00,2880.2810000000027,incomplete,17,3427529,72443597120385902639956,118,118,0,7421111071430083901815,0,65022486048955818738023
4,7_2_1439_3_S_1-9,2026-10-01T02:54:30.365645+00:00,2940.2810000000027,incomplete,17,3440020,72443602126758915267228,118,118,0,7421111477557735454451,0,65022490649201179812659
4,7_2_1439_3_S_1-9,2026-10-01T02:55:30.418894+00:00,3000.2810000000027,incomplete,17,3452880,72443612124526682291980,118,118,0,7421112293500759450395,0,65022499831025922841467
4,7_2_1439_3_S_1-9,2026-10-01T02:56:30.473808+00:00,3060.2810000000027,incomplete,17,3465760,72443622124123786305588,118,118,0,7421113116589793138719,0,65022509007533993166751
4,7_2_1439_3_S_1-9,2026-10-01T02:57:30.528915+00:00,3120.2810000000027,incomplete,17,3478663,72443632126687001957504,118,118,0,7421113946927037686335,0,65022518179759964271051
4,7_2_1439_3_S_1-9,2026-10-01T02:58:30.584907+00:00,3180.2810000000027,incomplete,17,3491551,72443642131645529182984,118,118,0,7421114784456271285159,0,65022527347189257897707
4,7_2_1439_3_S_1-9,2026-10-01T02:59:30.642109+00:00,3240.2810000000027,incomplete,17,3504447,72443657134593383143596,118,118,0,7421116053324513165307,0,65022541081268869978171
4,7_2_1439_3_S_1-9,2026-10-01T03:00:30.701198+00:00,3300.2810000000027,incomplete,17,3517144,72443672142350350179156,118,118,0,7421117338316694937775,0,65022554804033655241263
4,7_2_1439_3_S_1-9,2026-10-01T03:01:30.760701+00:00,3360.2810000000027,incomplete,17,3529930,72443777163004852522008,118,118,0,7421126663965507521151,0,65022650499039345000739
4,7_2_1439_3_S_1-9,2026-10-01T03:02:30.821260+00:00,3420.2810000000027,incomplete,17,3542780,72443797166933502869728,118,118,0,7421128462957013158399,0,65022668703976489711211
4,7_2_1439_3_S_1-9,2026-10-01T03:03:30.882599+00:00,3480.2810000000027,incomplete,17,3555664,72443812167515093975124,118,118,0,7421129812615765674655,0,65022682354899328300351
4,7_2_1439_3_S_1-9,2026-10-01T03:04:30.944304+00:00,3540.2810000000027,incomplete,17,3568535,72443822117747985168576,118,118,0,7421130830192836644595,0,65022691287555148523863
4,7_2_1439_3_S_1-9,2026-10-01T03:05:31.008830+00:00,3600.2810000000027,incomplete,17,3581224,72443832072721716036768,118,118,0,7421131855558138232755,0,65022700217163577803895
4,7_2_1439_3_S_1-9,2026-10-01T03:06:31.087781+00:00,3660.2810000000027,incomplete,17,3592340,72443841933709133432792,118,118,0,7421132878266474373155,0,65022709055442659059519
4,7_2_1439_3_S_1-9,2026-10-01T03:07:31.152876+00:00,3720.2810000000027,incomplete,17,3604650,72443847056639328928476,118,118,0,7421133413327866062499,0,65022713643311462865859
4,7_2_1439_3_S_1-9,2026-10-01T03:08:31.217603+00:00,3780.2810000000027,incomplete,17,3617571,72443852173026076631616,118,118,0,7421133951002765764387,0,65022718222023310867111
4,7_2_1439_3_S_1-9,2026-10-01T03:09:31.285705+00:00,3840.2810000000027,incomplete,17,3678976,72484390149197153098244,118,118,0,7422938821818232124097,0,65061451327378920974029
4,7_2_1439_3_S_1-9,2026-10-01T03:10:31.354054+00:00,3900.2810000000027,incomplete,17,3869337,72484565180648949894748,118,118,0,7422951120158098488268,0,65061614060490851406362
4,7_2_1439_3_S_1-9,2026-10-01T03:11:31.422766+00:00,3960.2810000000027,incomplete,17,4084048,72484595173375231334124,118,118,0,7422953328692045436455,0,65061641844683185897551
4,7_2_1439_3_S_1-9,2026-10-01T03:12:31.491909+00:00,4020.2810000000027,incomplete,17,4296337,72484695173889593129374,118,118,0,7422960813755039939013,0,65061734360134553190243
4,7_2_1439_3_S_1-9,2026-10-01T03:13:31.562028+00:00,4080.2810000000027,incomplete,17,4417360,72484755151553258378696,118,118,0,7422965460617273494014,0,65061789690935984884564
4,7_2_1439_3_S_1-9,2026-10-01T03:14:31.633114+00:00,4140.281000000003,incomplete,17,4463172,72484785228732279876564,118,118,0,7422967850878368315204,0,65061817377853911561242
4,7_2_1439_3_S_1-9,2026-10-01T03:15:31.705294+00:00,4200.281000000003,incomplete,17,4476000,72484790233307745024212,118,118,0,7422968251671604421324,0,65061821981636140602770
4,7_2_1439_3_S_1-9,2026-10-01T03:16:31.777287+00:00,4260.281000000003,incomplete,17,4488603,72484800225702607730624,118,118,0,7422969056765411088812,0,65061831168937196641694
4,7_2_1439_3_S_1-9,2026-10-01T03:17:31.851352+00:00,4320.281000000003,incomplete,17,4501493,72484805232079744813400,118,118,0,7422969462945548788148,0,65061835769134196025134
4,7_2_1439_3_S_1-9,2026-10-01T03:18:31.926626+00:00,4380.281000000003,incomplete,17,4514411,72484815228659804896224,118,118,0,7422970278904205426884,0,65061844949755599469222
4,7_2_1439_3_S_1-9,2026-10-01T03:19:32.001226+00:00,4440.281000000003,incomplete,17,4527299,72484820236834053537944,118,118,0,7422970690484055591640,0,65061849546349997946186
4,7_2_1439_3_S_1-9,2026-10-01T03:20:32.077852+00:00,4500.281000000003,incomplete,17,4540251,72484830237579412222544,118,118,0,7422971517285633704696,0,65061858720293778517730
4,7_2_1439_3_S_1-9,2026-10-01T03:21:32.234405+00:00,4560.281000000003,incomplete,17,4553183,72484840240151233938680,118,118,0,7422972351225533286524,0,65061867888925700652038
4,7_2_1439_3_S_1-9,2026-10-01T03:22:32.312336+00:00,4620.281000000003,incomplete,17,4566138,72484850245120885914160,118,118,0,7422973192363168494992,0,65061877052757717419050
4,7_2_1439_3_S_1-9,2026-10-01T03:23:32.391970+00:00,4680.281000000003,incomplete,17,4578899,72484865248065533276832,118,118,0,7422974466628570683056,0,65061890781436962593658
4,7_2_1439_3_S_1-9,2026-10-01T03:24:32.472127+00:00,4740.281000000003,incomplete,17,4591894,72484890252995131252432,118,118,0,7422976625126539150884,0,65061913627868592101430
4,7_2_1439_3_S_1-9,2026-10-01T03:25:32.554196+00:00,4800.281000000003,incomplete,17,4604762,72484995271265634913492,118,118,0,7422986022653208211232,0,65062009248612426702142
4,7_2_1439_3_S_1-9,2026-10-01T03:26:32.635981+00:00,4860.281000000003,incomplete,17,4617645,72485010276016104128700,118,118,0,7422987377751505383592,0,65062022898264598744990
4,7_2_1439_3_S_1-9,2026-10-01T03:27:32.720212+00:00,4920.281000000003,incomplete,17,4630503,72485025089236611893184,118,118,0,7422988771472805486464,0,65062036317763806406602
4,7_2_1439_3_S_1-9,2026-10-01T03:28:32.804721+00:00,4980.281000000003,incomplete,17,4643275,72485035096558972599712,118,118,0,7422989802884937203652,0,65062045293674035395942
4,7_2_1439_3_S_1-9,2026-10-01T03:29:32.893402+00:00,5040.281000000003,incomplete,17,4656021,72485045045584257661276,118,118,0,7422990835455171415480,0,65062054210129086245678
4,7_2_1439_3_S_1-9,2026-10-01T03:30:32.979054+00:00,5100.281000000003,incomplete,17,4668738,72485050202422239877768,118,118,0,7422991374575624209156,0,65062058827846615668494
4,7_2_1439_3_S_1-9,2026-10-01T03:31:33.064995+00:00,5160.281000000003,incomplete,17,4681692,72485060082443666840104,118,118,0,7422992409260872937976,0,65062067673182793902010
4,7_2_1439_3_S_1-9,2026-10-01T03:32:33.155628+00:00,5220.281000000003,incomplete,17,4694626,72485065187529153029884,118,118,0,7422992948166450536988,0,65062072239362702492778
4,7_2_1439_3_S_1-9,2026-10-01T03:33:33.245773+00:00,5280.281000000003,incomplete,17,4858421,72525788209617766233132,118,118,0,7424824665514085641708,0,65100963544103680591306
4,7_2_1439_3_S_1-9,2026-10-01T03:34:33.338827+00:00,5340.281000000003,incomplete,17,5085771,72525833216079246958656,118,118,0,7424828001879908203158,0,65101005214199338755380
4,7_2_1439_3_S_1-9,2026-10-01T03:35:33.431219+00:00,5400.281000000003,incomplete,17,5260998,72525963256044297735372,118,118,0,7424837925633649925910,0,65101125330410647809344
4,7_2_1439_3_S_1-9,2026-10-01T03:36:33.521506+00:00,5460.281000000003,incomplete,17,5300888,72525993339222730210748,118,118,0,7424840320124391804123,0,65101153019098338406507
4,7_2_1439_3_S_1-9,2026-10-01T03:37:33.614428+00:00,5520.281000000003,incomplete,17,5313792,72525998343810086923640,118,118,0,7424840722723564654959,0,65101157621086522268563
4,7_2_1439_3_S_1-9,2026-10-01T03:38:33.709205+00:00,5580.281000000003,incomplete,17,5326563,72526008336791828048048,118,118,0,7424841531471891254939,0,65101166805319936792991
4,7_2_1439_3_S_1-9,2026-10-01T03:39:33.803475+00:00,5640.281000000003,incomplete,17,5339532,72526013343749715646624,118,118,0,7424841939518701689059,0,65101171404231013957447
4,7_2_1439_3_S_1-9,2026-10-01T03:40:33.898424+00:00,5700.281000000003,incomplete,17,5352476,72526023340338041728072,118,118,0,7424842759072662508627,0,65101180581265379219327
4,7_2_1439_3_S_1-9,2026-10-01T03:41:33.993165+00:00,5760.281000000003,incomplete,17,5365274,72526028348512290268080,118,118,0,7424843172463731542635,0,65101185176048558725327
4,7_2_1439_3_S_1-9,2026-10-01T03:42:34.090062+00:00,5820.281000000003,incomplete,17,5378205,72526038349262843189572,118,118,0,7424844002865092648159,0,65101194346397750541295
4,7_2_1439_3_S_1-9,2026-10-01T03:43:34.188296+00:00,5880.281000000003,incomplete,17,5391188,72526048351844586106088,118,118,0,7424844840407232202955,0,65101203511437353903015
4,7_2_1439_3_S_1-9,2026-10-01T03:44:34.288216+00:00,5940.281000000003,incomplete,17,5404049,72526063351208389767728,118,118,0,7424846109283262323511,0,65101217241925127444099
4,7_2_1439_3_S_1-9,2026-10-01T03:45:34.388128+00:00,6000.281000000003,incomplete,17,5417047,72526078356542237270636,118,118,0,7424847394399241398907,0,65101230962142995871611
4,7_2_1439_3_S_1-9,2026-10-01T03:46:34.488117+00:00,6060.281000000003,incomplete,17,5430038,72526103364473345144012,118,118,0,7424849570878014736243,0,65101253793595330407651
4,7_2_1439_3_S_1-9,2026-10-01T03:47:34.589461+00:00,6120.281000000003,incomplete,17,5442951,72526203384135229664936,118,118,0,7424858567684824363139,0,65101344816450405301679
4,7_2_1439_3_S_1-9,2026-10-01T03:48:34.691921+00:00,6180.281000000003,incomplete,17,5455860,72526223383288401477192,118,118,0,7424860381077543023207,0,65101363002210858453867
4,7_2_1439_3_S_1-9,2026-10-01T03:49:34.794987+00:00,6240.281000000003,incomplete,17,5468309,72526233275336273602260,118,118,0,7424861335577106421367,0,65101371939759167180775
4,7_2_1439_3_S_1-9,2026-10-01T03:50:34.899293+00:00,6300.281000000003,incomplete,17,5481154,72526243279612017783524,118,118,0,7424862369946726209703,0,65101380909665291573703
4,7_2_1439_3_S_1-9,2026-10-01T03:51:35.003128+00:00,6360.281000000003,incomplete,17,5494059,72526253229232163459800,118,118,0,7424863405135348575835,0,65101389824096814883847
4,7_2_1439_3_S_1-9,2026-10-01T03:52:35.108565+00:00,6420.281000000003,incomplete,17,5507011,72526258391423666755744,118,118,0,7424863947949456884151,0,65101394443474209871475
4,7_2_1439_3_S_1-9,2026-10-01T03:53:35.215108+00:00,6480.281000000003,incomplete,17,5520018,72526268268471865765788,118,118,0,7424864984700727053051,0,65101403283771138712619
4,7_2_1439_3_S_1-9,2026-10-01T03:54:35.322997+00:00,6540.281000000003,incomplete,17,5532862,72526273369986768613580,118,118,0,7424865525690128709599,0,65101407844296639903863
4,7_2_1439_3_S_1-9,2026-10-01T03:55:35.430387+00:00,6600.281000000003,incomplete,17,5748941,72567036395072100241100,118,118,0,7426714165460086954795,0,65140322229612013286187
4,7_2_1439_3_S_1-9,2026-10-01T03:56:35.539991+00:00,6660.281000000003,incomplete,17,5939778,72567196448133025245152,118,118,0,7426726466392940310321,0,65140469981740084934713
4,7_2_1439_3_S_1-9,2026-10-01T03:57:35.653160+00:00,6720.281000000003,incomplete,17,5952730,72567206443497072097492,118,118,0,7426727272058324474789,0,65140479171438747622585
4,7_2_1439_3_S_1-9,2026-10-01T03:58:35.771713+00:00,6780.281000000003,incomplete,17,5965628,72567211448689540977576,118,118,0,7426727678246535462413,0,65140483770443005515045
4,7_2_1439_3_S_1-9,2026-10-01T03:59:35.889126+00:00,6840.281000000003,incomplete,17,5978531,72567216455050288781992,118,118,0,7426728086306396308973,0,65140488368743892472901
4,7_2_1439_3_S_1-9,2026-10-01T04:00:36.002791+00:00,6900.281000000003,incomplete,17,5990974,72567226449842278748308,118,118,0,7426728905794406966029,0,65140497544047871782161
4,7_2_1439_3_S_1-9,2026-10-01T04:01:36.117526+00:00,6960.281000000003,incomplete,17,6003881,72567231458000565505492,118,118,0,7426729319251349191993,0,65140502138749216313381
4,7_2_1439_3_S_1-9,2026-10-01T04:02:36.232102+00:00,7020.281000000003,incomplete,17,6016811,72567241456990624900192,118,118,0,7426730149595584388417,0,65140511307395040511657
4,7_2_1439_3_S_1-9,2026-10-01T04:03:36.348244+00:00,7080.281000000003,incomplete,17,6029746,72567251458946217327536,118,118,0,7426730987198036514701,0,65140520471748180812717
4,7_2_1439_3_S_1-9,2026-10-01T04:04:36.465186+00:00,7140.281000000003,incomplete,17,6042643,72567261463295293038292,118,118,0,7426731831997551188465,0,65140529631297741849709
4,7_2_1439_3_S_1-9,2026-10-01T04:05:36.581173+00:00,7200.281000000003,incomplete,17,6055567,72567276464467254478736,118,118,0,7426733111665242461189,0,65140543352802012017429
4,7_2_1439_3_S_1-9,2026-10-01T04:06:36.698372+00:00,7260.281000000003,incomplete,17,6067529,72567291469824270000336,118,118,0,7426734407392596846497,0,65140557062431673153721
4,7_2_1439_3_S_1-9,2026-10-01T04:07:36.828634+00:00,7320.281000000003,incomplete,17,6079917,72567396489870649958500,118,118,0,7426743826534989721517,0,65140652663335660236865
4,7_2_1439_3_S_1-9,2026-10-01T04:08:36.947350+00:00,7380.281000000003,incomplete,17,6092791,72567421491809070610888,118,118,0,7426746101794543044065,0,65140675390014527566705
4,7_2_1439_3_S_1-9,2026-10-01T04:09:37.067156+00:00,7440.281000000003,incomplete,17,6105566,72567436492970413479576,118,118,0,7426747467699333834605,0,65140689025271079644853
4,7_2_1439_3_S_1-9,2026-10-01T04:10:37.188732+00:00,7500.281000000003,incomplete,17,6118005,72567446320104994011936,118,118,0,7426748480478353901289,0,65140697839626640110529
4,7_2_1439_3_S_1-9,2026-10-01T04:11:37.310935+00:00,7560.281000000003,incomplete,17,6130849,72567456306011072751852,118,118,0,7426749519798076006109,0,65140706786212996745625
4,7_2_1439_3_S_1-9,2026-10-01T04:12:37.435644+00:00,7620.281000000003,incomplete,17,6143749,72567461493186454998840,118,118,0,7426750065125136394037,0,65140711428061318604685
4,7_2_1439_3_S_1-9,2026-10-01T04:13:37.566071+00:00,7680.281000000003,incomplete,17,6156691,72567471391649312685880,118,118,0,7426751104167907402617,0,65140720287481405283145
4,7_2_1439_3_S_1-9,2026-10-01T04:14:37.691689+00:00,7740.281000000003,incomplete,17,6169648,72567481263344417120316,118,118,0,7426752148897638999077,0,65140729114446778121121
4,7_2_1439_3_S_1-9,2026-10-01T04:15:37.818256+00:00,7800.281000000003,incomplete,17,6227524,72608229505000183020936,118,118,0,7428613662809906019695,0,65179615842190277001123
4,7_2_1439_3_S_1-9,2026-10-01T04:16:37.946074+00:00,7860.281000000003,incomplete,17,6453146,72608404558617560073973,118,118,0,7428627092749509953281,0,65179777465868050120574
4,7_2_1439_3_S_1-9,2026-10-01T04:17:38.074772+00:00,7920.281000000003,incomplete,17,6465975,72608414553381324132892,118,118,0,7428627901951848051332,0,65179786651429476081442
4,7_2_1439_3_S_1-9,2026-10-01T04:18:38.204155+00:00,7980.281000000003,incomplete,17,6478649,72608419558564181924008,118,118,0,7428628309942043941908,0,65179791248622137981982
4,7_2_1439_3_S_1-9,2026-10-01T04:19:38.340567+00:00,8040.281000000003,incomplete,17,6491623,72608424564936678583256,118,118,0,7428628719806665022004,0,65179795845130013561134
4,7_2_1439_3_S_1-9,2026-10-01T04:20:38.471215+00:00,8100.281000000003,incomplete,17,6504588,72608434560910398182396,118,118,0,7428629543014098860924,0,65179805017896299321354
4,7_2_1439_3_S_1-9,2026-10-01T04:21:38.603916+00:00,8160.281000000003,incomplete,17,6517589,72608439569081947472396,118,118,0,7428629958281354329444,0,65179809610800593142834
4,7_2_1439_3_S_1-9,2026-10-01T04:22:38.739262+00:00,8220.281000000003,incomplete,17,6530575,72608449568651546001452,118,118,0,7428630792283849934112,0,65179818776367696067222
4,7_2_1439_3_S_1-9,2026-10-01T04:23:38.874172+00:00,8280.281000000003,incomplete,17,6543333,72608459570031954839608,118,118,0,7428631633427206213728,0,65179827936604748625762
4,7_2_1439_3_S_1-9,2026-10-01T04:24:39.009425+00:00,8340.281000000003,incomplete,17,6556336,72608469574395274900640,118,118,0,7428632481830663468484,0,65179837092564611432038
4,7_2_1439_3_S_1-9,2026-10-01T04:25:39.145591+00:00,8400.281000000003,incomplete,17,6569306,72608484576145998760228,118,118,0,7428633766954914221424,0,65179850809191084538686
4,7_2_1439_3_S_1-9,2026-10-01T04:26:39.310642+00:00,8460.281000000003,incomplete,17,6582312,72608504580680680022684,118,118,0,7428635504985336159260,0,65179869075695343863306
4,7_2_1439_3_S_1-9,2026-10-01T04:27:39.453007+00:00,8520.281000000003,incomplete,17,6595318,72608609601945584031384,118,118,0,7428644981689908271284,0,65179964620255675759982
4,7_2_1439_3_S_1-9,2026-10-01T04:28:39.594790+00:00,8580.281000000003,incomplete,17,6608238,72608629606474073855548,118,118,0,7428646809520710910164,0,65179982796953362945266
4,7_2_1439_3_S_1-9,2026-10-01T04:29:39.735142+00:00,8640.281000000003,incomplete,17,6621189,72608644607654372603204,118,118,0,7428648180830591171004,0,65179996426823781432082
4,7_2_1439_3_S_1-9,2026-10-01T04:30:39.877971+00:00,8700.281000000003,incomplete,17,6633994,72608654585843596120732,118,118,0,7428649215052480746528,0,65180005370791115374086
4,7_2_1439_3_S_1-9,2026-10-01T04:31:40.021369+00:00,8760.281000000003,incomplete,17,6646860,72608664557473465529836,118,118,0,7428650255650885201696,0,65180014301822580328022
4,7_2_1439_3_S_1-9,2026-10-01T04:32:40.164091+00:00,8820.281000000003,incomplete,17,6659789,72608674484490008955740,118,118,0,7428651297989313414804,0,65180023186500695540818
4,7_2_1439_3_S_1-9,2026-10-01T04:33:40.312860+00:00,8880.281000000003,incomplete,17,6672780,72608684380572572040796,118,118,0,7428652345181270299020,0,65180032035391301741658
4,7_2_1439_3_S_1-9,2026-10-01T04:34:40.458292+00:00,8940.281000000003,incomplete,17,6685773,72608689493986234832620,118,118,0,7428652889435337649312,0,65180036604550897183190
4,7_2_1439_3_S_1-9,2026-10-01T04:35:40.603727+00:00,9000.281000000003,incomplete,17,6839748,72649487636709371914344,118,118,0,7430532103574797187452,0,65218955533134574726774
4,7_2_1439_3_S_1-9,2026-10-01T04:36:40.751844+00:00,9060.281000000003,incomplete,17,6878463,72649617671878287380756,118,118,0,7430542199063320214190,0,65219075472814967166448
4,7_2_1439_3_S_1-9,2026-10-01T04:37:40.902470+00:00,9120.281000000003,incomplete,17,6891386,72649627664261320990044,118,118,0,7430543015078989988846,0,65219084649182331001080
4,7_2_1439_3_S_1-9,2026-10-01T04:38:41.060549+00:00,9180.281000000003,incomplete,17,6904215,72649632670629987166896,118,118,0,7430543426732396034338,0,65219089243897591132440
4,7_2_1439_3_S_1-9,2026-10-01T04:39:41.210035+00:00,9240.281000000003,incomplete,17,6917091,72649642666604054290512,118,118,0,7430544253556082784750,0,65219098413047971505644
4,7_2_1439_3_S_1-9,2026-10-01T04:40:41.362321+00:00,9300.281000000003,incomplete,17,6929997,72649647674775398300268,118,118,0,7430544670607819868706,0,65219103004167578431444
4,7_2_1439_3_S_1-9,2026-10-01T04:41:41.517268+00:00,9360.281000000003,incomplete,17,6942807,72649657674339081318736,118,118,0,7430545508216473918094,0,65219112166122607400524
4,7_2_1439_3_S_1-9,2026-10-01T04:42:41.671191+00:00,9420.281000000003,incomplete,17,6955708,72649667676305568804956,118,118,0,7430546353021346271458,0,65219121323284222533380
4,7_2_1439_3_S_1-9,2026-10-01T04:43:41.827383+00:00,9480.281000000003,incomplete,17,6968682,72649677680673449233696,118,118,0,7430547205020416072402,0,65219130475653033161176
4,7_2_1439_3_S_1-9,2026-10-01T04:44:41.983396+00:00,9540.281000000003,incomplete,17,6981513,72649687686857983258128,118,118,0,7430548064160718424318,0,65219139622697264833692
4,7_2_1439_3_S_1-9,2026-10-01T04:45:42.160944+00:00,9600.281000000003,incomplete,17,6994357,72649707688991492496528,118,118,0,7430549802191064112058,0,65219157886800428384352
4,7_2_1439_3_S_1-9,2026-10-01T04:46:42.319919+00:00,9660.281000000003,incomplete,17,7007370,72649812709664459059492,118,118,0,7430559296893751925050,0,65219253412770707134324
4,7_2_1439_3_S_1-9,2026-10-01T04:47:42.479014+00:00,9720.281000000003,incomplete,17,7020243,72649837712185109679576,118,118,0,7430561590196604427946,0,65219276121988505251512
4,7_2_1439_3_S_1-9,2026-10-01T04:48:42.642694+00:00,9780.281000000003,incomplete,17,7033179,72649852713939975336564,118,118,0,7430562966958496371202,0,65219289746981478965244
4,7_2_1439_3_S_1-9,2026-10-01T04:49:42.803121+00:00,9840.281000000003,incomplete,17,7045628,72649862583300454051964,118,118,0,7430563991063621666662,0,65219298592236832385184
4,7_2_1439_3_S_1-9,2026-10-01T04:50:42.968037+00:00,9900.281000000003,incomplete,17,7058414,72649872568612520531532,118,118,0,7430565036790102883846,0,65219307531822417647568
4,7_2_1439_3_S_1-9,2026-10-01T04:51:43.131499+00:00,9960.281000000003,incomplete,17,7071362,72649882510499562671416,118,118,0,7430566085105218096458,0,65219316425394344574840
4,7_2_1439_3_S_1-9,2026-10-01T04:52:43.299246+00:00,10020.281000000003,incomplete,17,7084300,72649887659603720357528,118,118,0,7430566632311747410942,0,65219321027291972946468
4,7_2_1439_3_S_1-9,2026-10-01T04:53:43.465128+00:00,10080.281000000003,incomplete,17,7097300,72649897535461709462844,118,118,0,7430567683019736457138,0,65219329852441973005588
4,7_2_1439_3_S_1-9,2026-10-01T04:54:43.632182+00:00,10140.281000000003,incomplete,17,7202744,72690705744369174101591,118,118,0,7432461629078359532418,0,65258244115290814569055
4,7_2_1439_3_S_1-9,2026-10-01T04:55:43.802288+00:00,10200.281000000003,incomplete,17,7225668,72690830770769954163876,118,118,0,7432471386057497836356,0,65258359384712456327402
4,7_2_1439_3_S_1-9,2026-10-01T04:56:43.971190+00:00,10260.281000000003,incomplete,17,7238563,72690835777120512112616,118,118,0,7432471797765772081208,0,65258363979354740031290
4,7_2_1439_3_S_1-9,2026-10-01T04:57:44.141222+00:00,10320.281000000003,incomplete,17,7251525,72690840783505282308048,118,118,0,7432472211234418078160,0,65258368572270864229770
4,7_2_1439_3_S_1-9,2026-10-01T04:58:44.313524+00:00,10380.281000000003,incomplete,17,7264422,72690850779487410370420,118,118,0,7432473041648395692732,0,65258377737839014677570
4,7_2_1439_3_S_1-9,2026-10-01T04:59:44.485433+00:00,10440.281000000003,incomplete,17,7277343,72690855787666513369908,118,118,0,7432473460517891329168,0,65258382327148622040622
4,7_2_1439_3_S_1-9,2026-10-01T08:00:11.085588+00:00,21275.171000000002,incomplete,17,7285047,72690860789238171013508,118,118,0,7432473880440375007372,0,65258386908797796006018
