n,configuration,seed,front_size,distinct_assignments,distinct_sequences,distinct_mode_vectors,cmax_min,cmax_max,tec_min,tec_max
6,reference,11,10,1,1,10,106,135,167.6904631,204.603316
6,reference,29,4,2,2,3,122,208,146.5054006,162.9821334
6,reference,47,11,5,5,8,119,221,134.099428,200.3324074
6,initial_1,11,8,4,4,5,122,215,137.9635834,183.5538379
6,initial_1,29,5,2,2,5,120,136,149.7626544,172.64951633333334
6,initial_1,47,13,4,5,10,114,219,134.9129344,200.0902924
6,initial_12,11,7,4,5,4,110,218,134.9129344,202.98544976666668
6,initial_12,29,15,1,2,15,96,137,151.6059566,248.1759455
6,initial_12,47,7,1,1,7,104,132,159.9443972,227.2507531
6,candidates_25,11,13,2,2,13,106,147,152.742283,204.603316
6,candidates_25,29,7,2,2,5,121,208,146.5054006,164.97285673333334
6,candidates_25,47,11,5,5,8,119,221,134.099428,200.3324074
6,candidates_250,11,8,1,1,8,106,135,167.6904631,204.603316
6,candidates_250,29,7,2,2,6,115,208,146.5054006,197.28606266666668
6,candidates_250,47,11,5,5,8,119,221,134.099428,200.3324074
6,shake_1,11,10,1,1,10,106,135,167.6904631,204.603316
6,shake_1,29,4,2,2,3,122,208,146.5054006,162.9821334
6,shake_1,47,11,5,5,8,119,221,134.099428,200.3324074
6,shake_50,11,10,1,1,10,106,135,167.6904631,204.603316
6,shake_50,29,4,2,2,3,122,208,146.5054006,162.9821334
6,shake_50,47,11,5,5,8,119,221,134.099428,200.3324074
6,budget_500,11,9,1,1,9,135,166,189.1741341,230.6629605
6,budget_500,29,6,1,1,6,137,161,170.3133756,197.0573985
6,budget_500,47,7,1,1,7,119,153,155.5411324,200.3324074
6,budget_8000,11,17,4,6,14,106,220,134.099428,204.603316
6,budget_8000,29,7,3,3,6,115,208,146.5054006,197.28606266666668
6,budget_8000,47,14,5,6,9,119,221,134.099428,200.3324074
14,reference,11,8,2,2,8,289,303,172.39771673333334,316.1263273
14,reference,29,14,8,8,7,276,432,147.00361946666666,185.19322546666666
14,reference,47,13,2,2,13,267,326,162.9530796,180.34124086666668
14,initial_1,11,16,8,8,9,282,431,115.01215746666666,161.27549166666665
14,initial_1,29,14,8,8,7,276,432,147.00361946666666,185.19322546666666
14,initial_1,47,14,2,3,13,372,429,230.40524253333334,316.5745090666667
14,initial_12,11,10,5,5,8,263,390,144.95048426666668,178.05567526666667
14,initial_12,29,14,8,8,7,276,432,147.00361946666666,185.19322546666666
14,initial_12,47,16,4,5,14,283,363,148.98035393333333,169.76027733333333
14,candidates_25,11,23,7,10,17,236,353,140.9012454,211.36585696666666
14,candidates_25,29,12,5,6,9,271,1042,138.8868486,181.8186804
14,candidates_25,47,11,5,7,6,264,364,139.08914913333334,203.78711943333334
14,candidates_250,11,11,3,3,11,289,462,201.6349861,316.1263273
14,candidates_250,29,11,2,2,10,291,437,162.22135426666668,190.66825266666666
14,candidates_250,47,5,1,2,5,317,339,215.8826468,233.0566708
14,shake_1,11,4,2,2,4,289,306,170.35749433333334,316.1263273
14,shake_1,29,14,8,8,7,276,432,147.00361946666666,185.19322546666666
14,shake_1,47,13,2,2,13,267,326,162.9530796,180.34124086666668
14,shake_50,11,3,2,2,3,289,303,172.39771673333334,316.1263273
14,shake_50,29,14,8,8,7,276,432,147.00361946666666,185.19322546666666
14,shake_50,47,13,2,2,13,267,326,162.9530796,180.34124086666668
14,budget_500,11,11,3,3,11,298,462,201.6349861,318.7497778333333
14,budget_500,29,10,1,1,10,299,343,192.81823386666667,205.88598746666668
14,budget_500,47,6,1,2,6,323,345,216.13014213333332,234.1703998
14,budget_8000,11,13,4,5,10,254,347,131.92900153333332,169.20825513333332
14,budget_8000,29,13,7,7,3,269,443,143.0931932,185.19322546666666
14,budget_8000,47,17,6,10,12,253,398,136.67660766666665,205.24949403333332
50,reference,11,6,2,2,6,425,435,1189.6670246666667,1373.211716
50,reference,29,17,1,3,17,518,590,1486.4830666166667,1575.0051529166667
50,reference,47,5,1,2,5,333,353,989.0914262,1005.7704595333333
50,initial_1,11,8,2,2,8,419,467,1130.8669757666667,1507.49434435
50,initial_1,29,16,1,2,16,586,641,1120.2160679,1138.8024294
50,initial_1,47,8,2,2,8,329,348,1007.6054222166666,1269.7473679666666
50,initial_12,11,14,2,2,14,425,474,1239.5427146666666,1537.6675227
50,initial_12,29,3,1,1,3,375,388,1114.8586009833334,1165.0245599666666
50,initial_12,47,20,2,3,20,343,554,969.5769572,1322.4270186833332
50,candidates_25,11,6,4,4,6,412,504,973.5831534,1273.2435085666666
50,candidates_25,29,10,2,4,10,464,503,1242.3846067333334,1261.8571091333333
50,candidates_25,47,6,4,4,5,336,372,687.0954683333333,1219.2198505833333
50,candidates_250,11,1,1,1,1,453,453,1497.5649391833333,1497.5649391833333
50,candidates_250,29,2,2,2,2,565,627,1505.9235560333334,1740.6734177333333
50,candidates_250,47,2,1,1,2,343,355,1154.7193385166668,1165.7275005166666
50,shake_1,11,5,1,3,5,425,458,1200.7881736666666,1230.2051461666667
50,shake_1,29,2,2,2,2,499,594,1493.56143315,1497.4444197166667
50,shake_1,47,10,1,2,10,332,358,992.4530584666667,1004.5098474333333
50,shake_50,11,9,1,1,9,405,451,1204.4605201833333,1281.5512812666666
50,shake_50,29,16,1,3,16,517,592,1500.9938256166668,1575.0051529166667
50,shake_50,47,9,4,4,7,340,434,958.3293703666667,1031.8914398333334
50,budget_500,11,10,1,1,10,425,486,1317.8830581666666,1373.211716
50,budget_500,29,14,2,2,14,529,627,1505.9235560333334,1652.42276925
50,budget_500,47,6,1,1,6,341,364,1025.0304387666667,1039.496541
50,budget_8000,11,11,4,4,9,410,441,794.5913001333333,927.1702459333334
50,budget_8000,29,3,2,2,3,464,471,1146.1433562,1361.3405485333333
50,budget_8000,47,7,1,1,7,281,299,771.8378704666667,777.6292612666666
250,reference,11,3,2,3,3,1435,1440,7904.474278933333,8225.967444258333
250,reference,29,9,1,1,9,1431,1440,7938.479640116667,7959.42919015
250,reference,47,4,2,3,4,1428,1439,7491.012010183334,8132.721850916667
250,initial_1,11,4,1,1,4,1436,1440,8520.186959358334,8531.447997025
250,initial_1,29,3,1,2,3,1438,1440,7378.245521133334,7833.885262816667
250,initial_1,47,3,1,2,3,1438,1440,8060.81034895,8426.412937208333
250,initial_12,11,7,3,4,7,1433,1439,7658.76691975,8552.781790316667
250,initial_12,29,4,1,1,4,1431,1436,7927.734441975,7942.535825541667
250,initial_12,47,6,1,2,6,1425,1440,7591.8809772,8051.507607741667
250,candidates_25,11,4,1,2,4,1434,1440,7871.4504793333335,8280.336842825
250,candidates_25,29,3,1,1,3,1431,1435,7865.66400155,7875.50334925
250,candidates_25,47,4,2,4,4,1428,1439,7439.50554675,8132.721850916667
250,candidates_250,11,4,2,2,4,1434,1440,7904.474278933333,8251.223835125
250,candidates_250,29,7,1,1,7,1431,1440,7911.6353276166665,7924.96142855
250,candidates_250,47,4,2,2,4,1428,1440,7475.171434933333,8132.721850916667
250,shake_1,11,3,2,3,3,1436,1440,7904.474278933333,8265.279513808333
250,shake_1,29,7,1,2,7,1431,1440,7914.868383133334,7931.4381871333335
250,shake_1,47,3,2,2,3,1428,1440,7474.835410033334,8132.721850916667
250,shake_50,11,4,3,4,4,1436,1440,7904.474278933333,8826.139845808333
250,shake_50,29,5,1,1,5,1431,1439,7904.51426015,7918.431387616667
250,shake_50,47,4,2,3,4,1428,1440,7479.7186781166665,8132.721850916667
250,budget_500,11,3,2,2,3,1435,1440,7904.474278933333,8225.967444258333
250,budget_500,29,4,1,1,4,1431,1440,7990.9409731,8005.26587775
250,budget_500,47,4,2,2,4,1428,1439,7573.645683083333,8132.721850916667
250,budget_8000,11,3,1,2,3,1435,1440,7851.736021,8225.967444258333
250,budget_8000,29,7,1,3,7,1431,1439,7827.152230883334,7838.64465125
250,budget_8000,47,5,2,3,5,1428,1440,7383.3809534,8132.721850916667
