instance,instance_sha256,n,m,configuration,seed,initial_solutions,neighborhood_candidate_limit,shaking_attempts,max_evaluations,evaluations,feasible,rejected,rejection_rate,seconds,evaluations_per_second,milliseconds_per_evaluation,front_size,cmax_min,cmax_max,tec_min,tec_max,stop_reason,shake_success,shake_failed,vnd_accept,archive_insertions,baseline_points,baseline_equal,baseline_strictly_dominated,baseline_coverage,intersection_fraction,baseline_conflicts
6_2_1439_3_S_1-9.dat,c27aafe109609de23235d989af5593c4ebdf9faaa365649ab21ec4a8c3f07cc4,6,2,reference,11,4,100,20,2000,2000,1558,442,0.221,0.19400590999975975,10308.964299090047,0.09700295499987988,10,106,135,167.6904631,204.603316,budget_reached,3,0,18,78,43,2,8,0.046511627906976744,0.2,0
6_2_1439_3_S_1-9.dat,c27aafe109609de23235d989af5593c4ebdf9faaa365649ab21ec4a8c3f07cc4,6,2,reference,29,4,100,20,2000,2000,1579,421,0.2105,0.19188209599997208,10423.067298578451,0.09594104799998604,4,122,208,146.5054006,162.9821334,budget_reached,3,0,25,80,43,1,3,0.023255813953488372,0.25,0
6_2_1439_3_S_1-9.dat,c27aafe109609de23235d989af5593c4ebdf9faaa365649ab21ec4a8c3f07cc4,6,2,reference,47,4,100,20,2000,2000,1595,405,0.2025,0.19334283399984997,10344.319252098849,0.09667141699992499,11,119,221,134.099428,200.3324074,budget_reached,3,0,29,75,43,4,7,0.09302325581395349,0.36363636363636365,0
6_2_1439_3_S_1-9.dat,c27aafe109609de23235d989af5593c4ebdf9faaa365649ab21ec4a8c3f07cc4,6,2,initial_1,11,1,100,20,2000,2000,1414,586,0.293,0.1852264680001099,10797.592922836566,0.09261323400005494,8,122,215,137.9635834,183.5538379,budget_reached,2,0,18,96,43,4,4,0.09302325581395349,0.5,0
6_2_1439_3_S_1-9.dat,c27aafe109609de23235d989af5593c4ebdf9faaa365649ab21ec4a8c3f07cc4,6,2,initial_1,29,1,100,20,2000,2000,1591,409,0.2045,0.1981834500002151,10091.66002508196,0.09909172500010754,5,120,136,149.7626544,172.64951633333334,budget_reached,3,0,31,98,43,2,3,0.046511627906976744,0.4,0
6_2_1439_3_S_1-9.dat,c27aafe109609de23235d989af5593c4ebdf9faaa365649ab21ec4a8c3f07cc4,6,2,initial_1,47,1,100,20,2000,2000,1521,479,0.2395,0.19028595499912626,10510.49721462198,0.09514297749956313,13,114,219,134.9129344,200.0902924,budget_reached,2,0,26,96,43,5,8,0.11627906976744186,0.38461538461538464,0
6_2_1439_3_S_1-9.dat,c27aafe109609de23235d989af5593c4ebdf9faaa365649ab21ec4a8c3f07cc4,6,2,initial_12,11,12,100,20,2000,2000,1525,475,0.2375,0.18763480800043908,10659.003099229434,0.09381740400021954,7,110,218,134.9129344,202.98544976666668,budget_reached,4,0,30,82,43,4,3,0.09302325581395349,0.5714285714285714,0
6_2_1439_3_S_1-9.dat,c27aafe109609de23235d989af5593c4ebdf9faaa365649ab21ec4a8c3f07cc4,6,2,initial_12,29,12,100,20,2000,2000,1668,332,0.166,0.1957438129993534,10217.436604275235,0.0978719064996767,15,96,137,151.6059566,248.1759455,budget_reached,8,0,38,60,43,0,15,0.0,0.0,0
6_2_1439_3_S_1-9.dat,c27aafe109609de23235d989af5593c4ebdf9faaa365649ab21ec4a8c3f07cc4,6,2,initial_12,47,12,100,20,2000,2000,1566,434,0.217,0.18706348900013836,10691.557239149543,0.09353174450006918,7,104,132,159.9443972,227.2507531,budget_reached,3,0,27,62,43,0,7,0.0,0.0,0
6_2_1439_3_S_1-9.dat,c27aafe109609de23235d989af5593c4ebdf9faaa365649ab21ec4a8c3f07cc4,6,2,candidates_25,11,4,25,20,2000,2000,1759,241,0.1205,0.19549849700160848,10230.257678060536,0.09774924850080424,13,106,147,152.742283,204.603316,budget_reached,7,0,42,86,43,2,11,0.046511627906976744,0.15384615384615385,0
6_2_1439_3_S_1-9.dat,c27aafe109609de23235d989af5593c4ebdf9faaa365649ab21ec4a8c3f07cc4,6,2,candidates_25,29,4,25,20,2000,2000,1767,233,0.1165,0.20293082799980766,9855.575023829773,0.10146541399990383,7,121,208,146.5054006,164.97285673333334,budget_reached,6,0,56,86,43,3,4,0.06976744186046512,0.42857142857142855,0
6_2_1439_3_S_1-9.dat,c27aafe109609de23235d989af5593c4ebdf9faaa365649ab21ec4a8c3f07cc4,6,2,candidates_25,47,4,25,20,2000,2000,1773,227,0.1135,0.19616679299906536,10195.405498674432,0.09808339649953268,11,119,221,134.099428,200.3324074,budget_reached,5,0,59,75,43,4,7,0.09302325581395349,0.36363636363636365,0
6_2_1439_3_S_1-9.dat,c27aafe109609de23235d989af5593c4ebdf9faaa365649ab21ec4a8c3f07cc4,6,2,candidates_250,11,4,250,20,2000,2000,1542,458,0.229,0.18928445700112206,10566.107918666265,0.09464222850056103,8,106,135,167.6904631,204.603316,budget_reached,3,0,17,72,43,1,7,0.023255813953488372,0.125,0
6_2_1439_3_S_1-9.dat,c27aafe109609de23235d989af5593c4ebdf9faaa365649ab21ec4a8c3f07cc4,6,2,candidates_250,29,4,250,20,2000,2000,1569,431,0.2155,0.1915625590008858,10440.453554343841,0.0957812795004429,7,115,208,146.5054006,197.28606266666668,budget_reached,2,0,24,84,43,1,6,0.023255813953488372,0.14285714285714285,0
6_2_1439_3_S_1-9.dat,c27aafe109609de23235d989af5593c4ebdf9faaa365649ab21ec4a8c3f07cc4,6,2,candidates_250,47,4,250,20,2000,2000,1584,416,0.208,0.1879925289995299,10638.72064833492,0.09399626449976495,11,119,221,134.099428,200.3324074,budget_reached,3,0,24,75,43,4,7,0.09302325581395349,0.36363636363636365,0
6_2_1439_3_S_1-9.dat,c27aafe109609de23235d989af5593c4ebdf9faaa365649ab21ec4a8c3f07cc4,6,2,shake_1,11,4,100,1,2000,2000,1556,444,0.222,0.1864395640004659,10727.33682210822,0.09321978200023295,10,106,135,167.6904631,204.603316,budget_reached,3,0,18,78,43,2,8,0.046511627906976744,0.2,0
6_2_1439_3_S_1-9.dat,c27aafe109609de23235d989af5593c4ebdf9faaa365649ab21ec4a8c3f07cc4,6,2,shake_1,29,4,100,1,2000,2000,1592,408,0.204,0.19378884700017807,10320.511375962531,0.09689442350008903,4,122,208,146.5054006,162.9821334,budget_reached,3,0,25,80,43,1,3,0.023255813953488372,0.25,0
6_2_1439_3_S_1-9.dat,c27aafe109609de23235d989af5593c4ebdf9faaa365649ab21ec4a8c3f07cc4,6,2,shake_1,47,4,100,1,2000,2000,1598,402,0.201,0.1952757820017723,10241.92544256127,0.09763789100088616,11,119,221,134.099428,200.3324074,budget_reached,3,0,28,75,43,4,7,0.09302325581395349,0.36363636363636365,0
6_2_1439_3_S_1-9.dat,c27aafe109609de23235d989af5593c4ebdf9faaa365649ab21ec4a8c3f07cc4,6,2,shake_50,11,4,100,50,2000,2000,1558,442,0.221,0.19345233300009568,10338.464101123096,0.09672616650004784,10,106,135,167.6904631,204.603316,budget_reached,3,0,18,78,43,2,8,0.046511627906976744,0.2,0
6_2_1439_3_S_1-9.dat,c27aafe109609de23235d989af5593c4ebdf9faaa365649ab21ec4a8c3f07cc4,6,2,shake_50,29,4,100,50,2000,2000,1573,427,0.2135,0.19218300400098087,10406.747518577617,0.09609150200049044,4,122,208,146.5054006,162.9821334,budget_reached,3,0,25,80,43,1,3,0.023255813953488372,0.25,0
6_2_1439_3_S_1-9.dat,c27aafe109609de23235d989af5593c4ebdf9faaa365649ab21ec4a8c3f07cc4,6,2,shake_50,47,4,100,50,2000,2000,1595,405,0.2025,0.19414261000019906,10301.70553490524,0.09707130500009953,11,119,221,134.099428,200.3324074,budget_reached,3,0,29,75,43,4,7,0.09302325581395349,0.36363636363636365,0
6_2_1439_3_S_1-9.dat,c27aafe109609de23235d989af5593c4ebdf9faaa365649ab21ec4a8c3f07cc4,6,2,budget_500,11,4,100,20,500,500,390,110,0.22,0.06023848800032283,8300.34113733599,0.12047697600064566,9,135,166,189.1741341,230.6629605,budget_reached,1,0,5,56,43,0,9,0.0,0.0,0
6_2_1439_3_S_1-9.dat,c27aafe109609de23235d989af5593c4ebdf9faaa365649ab21ec4a8c3f07cc4,6,2,budget_500,29,4,100,20,500,500,395,105,0.21,0.04916714599858096,10169.392382759632,0.09833429199716193,6,137,161,170.3133756,197.0573985,budget_reached,1,0,10,58,43,0,6,0.0,0.0,0
6_2_1439_3_S_1-9.dat,c27aafe109609de23235d989af5593c4ebdf9faaa365649ab21ec4a8c3f07cc4,6,2,budget_500,47,4,100,20,500,500,394,106,0.212,0.04761349699947459,10501.224054295308,0.09522699399894918,7,119,153,155.5411324,200.3324074,budget_reached,1,0,10,47,43,0,7,0.0,0.0,0
6_2_1439_3_S_1-9.dat,c27aafe109609de23235d989af5593c4ebdf9faaa365649ab21ec4a8c3f07cc4,6,2,budget_8000,11,4,100,20,8000,8000,6276,1724,0.2155,0.7833202350011561,10212.936730771666,0.09791502937514451,17,106,220,134.099428,204.603316,budget_reached,12,0,93,106,43,6,11,0.13953488372093023,0.35294117647058826,0
6_2_1439_3_S_1-9.dat,c27aafe109609de23235d989af5593c4ebdf9faaa365649ab21ec4a8c3f07cc4,6,2,budget_8000,29,4,100,20,8000,8000,6298,1702,0.21275,0.7736775060002401,10340.225659859778,0.09670968825003001,7,115,208,146.5054006,197.28606266666668,budget_reached,9,0,95,87,43,1,6,0.023255813953488372,0.14285714285714285,0
6_2_1439_3_S_1-9.dat,c27aafe109609de23235d989af5593c4ebdf9faaa365649ab21ec4a8c3f07cc4,6,2,budget_8000,47,4,100,20,8000,8000,6402,1598,0.19975,0.7873021109990077,10161.283563496101,0.09841276387487596,14,119,221,134.099428,200.3324074,budget_reached,10,0,114,79,43,8,6,0.18604651162790697,0.5714285714285714,0
14_2_1439_3_S_1-9_derivada.dat,70ff0f54e92fbb4ee92af0eee49be2de8443a1580da898c97da2959e5253c8bb,14,2,reference,11,4,100,20,2000,2000,1643,357,0.1785,0.2850489890006429,7016.337812710113,0.14252449450032145,8,289,303,172.39771673333334,316.1263273,budget_reached,1,0,26,229,,,,,,
14_2_1439_3_S_1-9_derivada.dat,70ff0f54e92fbb4ee92af0eee49be2de8443a1580da898c97da2959e5253c8bb,14,2,reference,29,4,100,20,2000,2000,1582,418,0.209,0.2799533639990841,7144.047034943089,0.13997668199954205,14,276,432,147.00361946666666,185.19322546666666,budget_reached,1,0,14,147,,,,,,
14_2_1439_3_S_1-9_derivada.dat,70ff0f54e92fbb4ee92af0eee49be2de8443a1580da898c97da2959e5253c8bb,14,2,reference,47,4,100,20,2000,2000,1552,448,0.224,0.28117047200066736,7113.122461860978,0.14058523600033368,13,267,326,162.9530796,180.34124086666668,budget_reached,1,0,19,128,,,,,,
14_2_1439_3_S_1-9_derivada.dat,70ff0f54e92fbb4ee92af0eee49be2de8443a1580da898c97da2959e5253c8bb,14,2,initial_1,11,1,100,20,2000,2000,1597,403,0.2015,0.2807084429987299,7124.830228241654,0.14035422149936494,16,282,431,115.01215746666666,161.27549166666665,budget_reached,2,0,19,142,,,,,,
14_2_1439_3_S_1-9_derivada.dat,70ff0f54e92fbb4ee92af0eee49be2de8443a1580da898c97da2959e5253c8bb,14,2,initial_1,29,1,100,20,2000,2000,1584,416,0.208,0.28238723399954324,7082.473140422612,0.14119361699977162,14,276,432,147.00361946666666,185.19322546666666,budget_reached,1,0,13,140,,,,,,
14_2_1439_3_S_1-9_derivada.dat,70ff0f54e92fbb4ee92af0eee49be2de8443a1580da898c97da2959e5253c8bb,14,2,initial_1,47,1,100,20,2000,2000,1450,550,0.275,0.29161071199996513,6858.45861519737,0.14580535599998257,14,372,429,230.40524253333334,316.5745090666667,budget_reached,1,0,20,223,,,,,,
14_2_1439_3_S_1-9_derivada.dat,70ff0f54e92fbb4ee92af0eee49be2de8443a1580da898c97da2959e5253c8bb,14,2,initial_12,11,12,100,20,2000,2000,1613,387,0.1935,0.2926423530007014,6834.280750863175,0.1463211765003507,10,263,390,144.95048426666668,178.05567526666667,budget_reached,1,0,22,165,,,,,,
14_2_1439_3_S_1-9_derivada.dat,70ff0f54e92fbb4ee92af0eee49be2de8443a1580da898c97da2959e5253c8bb,14,2,initial_12,29,12,100,20,2000,2000,1568,432,0.216,0.29447882099884737,6791.659900077596,0.14723941049942368,14,276,432,147.00361946666666,185.19322546666666,budget_reached,1,0,14,147,,,,,,
14_2_1439_3_S_1-9_derivada.dat,70ff0f54e92fbb4ee92af0eee49be2de8443a1580da898c97da2959e5253c8bb,14,2,initial_12,47,12,100,20,2000,2000,1625,375,0.1875,0.294372967999152,6794.102099774872,0.147186483999576,16,283,363,148.98035393333333,169.76027733333333,budget_reached,1,0,17,162,,,,,,
14_2_1439_3_S_1-9_derivada.dat,70ff0f54e92fbb4ee92af0eee49be2de8443a1580da898c97da2959e5253c8bb,14,2,candidates_25,11,4,25,20,2000,2000,1790,210,0.105,0.2960553289995005,6755.494004309493,0.14802766449975024,23,236,353,140.9012454,211.36585696666666,budget_reached,3,0,47,158,,,,,,
14_2_1439_3_S_1-9_derivada.dat,70ff0f54e92fbb4ee92af0eee49be2de8443a1580da898c97da2959e5253c8bb,14,2,candidates_25,29,4,25,20,2000,2000,1703,297,0.1485,0.2942636499992659,6796.626086861185,0.14713182499963295,12,271,1042,138.8868486,181.8186804,budget_reached,3,0,47,156,,,,,,
14_2_1439_3_S_1-9_derivada.dat,70ff0f54e92fbb4ee92af0eee49be2de8443a1580da898c97da2959e5253c8bb,14,2,candidates_25,47,4,25,20,2000,2000,1727,273,0.1365,0.2945078310003737,6790.990898973624,0.14725391550018685,11,264,364,139.08914913333334,203.78711943333334,budget_reached,3,0,38,80,,,,,,
14_2_1439_3_S_1-9_derivada.dat,70ff0f54e92fbb4ee92af0eee49be2de8443a1580da898c97da2959e5253c8bb,14,2,candidates_250,11,4,250,20,2000,2000,1458,542,0.271,0.28313413099931495,7063.789847380989,0.14156706549965747,11,289,462,201.6349861,316.1263273,budget_reached,1,0,16,191,,,,,,
14_2_1439_3_S_1-9_derivada.dat,70ff0f54e92fbb4ee92af0eee49be2de8443a1580da898c97da2959e5253c8bb,14,2,candidates_250,29,4,250,20,2000,2000,1353,647,0.3235,0.27059529600046517,7391.111484793002,0.13529764800023258,11,291,437,162.22135426666668,190.66825266666666,budget_reached,1,0,10,96,,,,,,
14_2_1439_3_S_1-9_derivada.dat,70ff0f54e92fbb4ee92af0eee49be2de8443a1580da898c97da2959e5253c8bb,14,2,candidates_250,47,4,250,20,2000,2000,1284,716,0.358,0.26669724799830874,7499.139998672514,0.13334862399915437,5,317,339,215.8826468,233.0566708,budget_reached,1,0,13,69,,,,,,
14_2_1439_3_S_1-9_derivada.dat,70ff0f54e92fbb4ee92af0eee49be2de8443a1580da898c97da2959e5253c8bb,14,2,shake_1,11,4,100,1,2000,2000,1611,389,0.1945,0.2837230709992582,7049.127139911823,0.1418615354996291,4,289,306,170.35749433333334,316.1263273,budget_reached,1,0,26,219,,,,,,
14_2_1439_3_S_1-9_derivada.dat,70ff0f54e92fbb4ee92af0eee49be2de8443a1580da898c97da2959e5253c8bb,14,2,shake_1,29,4,100,1,2000,2000,1569,431,0.2155,0.28740045099948475,6958.931320548226,0.14370022549974237,14,276,432,147.00361946666666,185.19322546666666,budget_reached,1,0,14,142,,,,,,
14_2_1439_3_S_1-9_derivada.dat,70ff0f54e92fbb4ee92af0eee49be2de8443a1580da898c97da2959e5253c8bb,14,2,shake_1,47,4,100,1,2000,2000,1560,440,0.22,0.28384503300003416,7046.098284199179,0.14192251650001708,13,267,326,162.9530796,180.34124086666668,budget_reached,1,0,19,122,,,,,,
14_2_1439_3_S_1-9_derivada.dat,70ff0f54e92fbb4ee92af0eee49be2de8443a1580da898c97da2959e5253c8bb,14,2,shake_50,11,4,100,50,2000,2000,1637,363,0.1815,0.2885110839997651,6932.142683300265,0.14425554199988255,3,289,303,172.39771673333334,316.1263273,budget_reached,1,0,26,219,,,,,,
14_2_1439_3_S_1-9_derivada.dat,70ff0f54e92fbb4ee92af0eee49be2de8443a1580da898c97da2959e5253c8bb,14,2,shake_50,29,4,100,50,2000,2000,1568,432,0.216,0.29261288799898466,6834.968936866991,0.14630644399949233,14,276,432,147.00361946666666,185.19322546666666,budget_reached,1,0,14,147,,,,,,
14_2_1439_3_S_1-9_derivada.dat,70ff0f54e92fbb4ee92af0eee49be2de8443a1580da898c97da2959e5253c8bb,14,2,shake_50,47,4,100,50,2000,2000,1556,444,0.222,0.2831347369992727,7063.774728584919,0.14156736849963636,13,267,326,162.9530796,180.34124086666668,budget_reached,1,0,19,128,,,,,,
14_2_1439_3_S_1-9_derivada.dat,70ff0f54e92fbb4ee92af0eee49be2de8443a1580da898c97da2959e5253c8bb,14,2,budget_500,11,4,100,20,500,500,450,50,0.1,0.08047309299945482,6213.256895735166,0.16094618599890964,11,298,462,201.6349861,318.7497778333333,budget_reached,1,0,9,120,,,,,,
14_2_1439_3_S_1-9_derivada.dat,70ff0f54e92fbb4ee92af0eee49be2de8443a1580da898c97da2959e5253c8bb,14,2,budget_500,29,4,100,20,500,500,361,139,0.278,0.06858433200068248,7290.294815367226,0.13716866400136496,10,299,343,192.81823386666667,205.88598746666668,budget_reached,1,0,7,44,,,,,,
14_2_1439_3_S_1-9_derivada.dat,70ff0f54e92fbb4ee92af0eee49be2de8443a1580da898c97da2959e5253c8bb,14,2,budget_500,47,4,100,20,500,500,364,136,0.272,0.06824935599979653,7326.0764541351955,0.13649871199959307,6,323,345,216.13014213333332,234.1703998,budget_reached,1,0,8,34,,,,,,
14_2_1439_3_S_1-9_derivada.dat,70ff0f54e92fbb4ee92af0eee49be2de8443a1580da898c97da2959e5253c8bb,14,2,budget_8000,11,4,100,20,8000,8000,6287,1713,0.214125,1.1246629390007001,7113.24230805388,0.14058286737508752,13,254,347,131.92900153333332,169.20825513333332,budget_reached,3,0,88,299,,,,,,
14_2_1439_3_S_1-9_derivada.dat,70ff0f54e92fbb4ee92af0eee49be2de8443a1580da898c97da2959e5253c8bb,14,2,budget_8000,29,4,100,20,8000,8000,6402,1598,0.19975,1.1412267329997121,7010.000527215146,0.14265334162496401,13,269,443,143.0931932,185.19322546666666,budget_reached,4,0,55,187,,,,,,
14_2_1439_3_S_1-9_derivada.dat,70ff0f54e92fbb4ee92af0eee49be2de8443a1580da898c97da2959e5253c8bb,14,2,budget_8000,47,4,100,20,8000,8000,6443,1557,0.194625,1.1330666869998822,7060.484693255156,0.14163333587498528,17,253,398,136.67660766666665,205.24949403333332,budget_reached,4,0,60,207,,,,,,
50_10_1439_5_S_1-9.dat,c9147e6b8b3bcab1863b62202baffbeee4e1fce0791b4e6309397c4037406da7,50,10,reference,11,4,100,20,2000,2000,1763,237,0.1185,1.436132215001635,1392.6294383680568,0.7180661075008175,6,425,435,1189.6670246666667,1373.211716,budget_reached,1,0,65,222,,,,,,
50_10_1439_5_S_1-9.dat,c9147e6b8b3bcab1863b62202baffbeee4e1fce0791b4e6309397c4037406da7,50,10,reference,29,4,100,20,2000,2000,1705,295,0.1475,1.4483277290000842,1380.902926840175,0.7241638645000421,17,518,590,1486.4830666166667,1575.0051529166667,budget_reached,1,0,68,235,,,,,,
50_10_1439_5_S_1-9.dat,c9147e6b8b3bcab1863b62202baffbeee4e1fce0791b4e6309397c4037406da7,50,10,reference,47,4,100,20,2000,2000,1787,213,0.1065,1.4839672100006283,1347.7386740904828,0.7419836050003141,5,333,353,989.0914262,1005.7704595333333,budget_reached,1,0,66,200,,,,,,
50_10_1439_5_S_1-9.dat,c9147e6b8b3bcab1863b62202baffbeee4e1fce0791b4e6309397c4037406da7,50,10,initial_1,11,1,100,20,2000,2000,1788,212,0.106,1.44776800299951,1381.4368019298443,0.723884001499755,8,419,467,1130.8669757666667,1507.49434435,budget_reached,1,0,58,207,,,,,,
50_10_1439_5_S_1-9.dat,c9147e6b8b3bcab1863b62202baffbeee4e1fce0791b4e6309397c4037406da7,50,10,initial_1,29,1,100,20,2000,2000,1651,349,0.1745,1.425090607999664,1403.4195361144866,0.712545303999832,16,586,641,1120.2160679,1138.8024294,budget_reached,1,0,56,248,,,,,,
50_10_1439_5_S_1-9.dat,c9147e6b8b3bcab1863b62202baffbeee4e1fce0791b4e6309397c4037406da7,50,10,initial_1,47,1,100,20,2000,2000,1738,262,0.131,1.4580623660003766,1371.6834386763696,0.7290311830001883,8,329,348,1007.6054222166666,1269.7473679666666,budget_reached,1,0,56,167,,,,,,
50_10_1439_5_S_1-9.dat,c9147e6b8b3bcab1863b62202baffbeee4e1fce0791b4e6309397c4037406da7,50,10,initial_12,11,12,100,20,2000,2000,1719,281,0.1405,1.4723857560002216,1358.3396822807208,0.7361928780001108,14,425,474,1239.5427146666666,1537.6675227,budget_reached,1,0,46,175,,,,,,
50_10_1439_5_S_1-9.dat,c9147e6b8b3bcab1863b62202baffbeee4e1fce0791b4e6309397c4037406da7,50,10,initial_12,29,12,100,20,2000,2000,1719,281,0.1405,1.4506469389998529,1378.6952195128183,0.7253234694999264,3,375,388,1114.8586009833334,1165.0245599666666,budget_reached,1,0,60,189,,,,,,
50_10_1439_5_S_1-9.dat,c9147e6b8b3bcab1863b62202baffbeee4e1fce0791b4e6309397c4037406da7,50,10,initial_12,47,12,100,20,2000,2000,1767,233,0.1165,1.4812123810006597,1350.2452623632973,0.7406061905003298,20,343,554,969.5769572,1322.4270186833332,budget_reached,1,0,49,251,,,,,,
50_10_1439_5_S_1-9.dat,c9147e6b8b3bcab1863b62202baffbeee4e1fce0791b4e6309397c4037406da7,50,10,candidates_25,11,4,25,20,2000,2000,1747,253,0.1265,1.4382405149990518,1390.5879991159327,0.7191202574995259,6,412,504,973.5831534,1273.2435085666666,budget_reached,1,0,81,186,,,,,,
50_10_1439_5_S_1-9.dat,c9147e6b8b3bcab1863b62202baffbeee4e1fce0791b4e6309397c4037406da7,50,10,candidates_25,29,4,25,20,2000,2000,1733,267,0.1335,1.4216081209997355,1406.8574668759732,0.7108040604998678,10,464,503,1242.3846067333334,1261.8571091333333,budget_reached,1,0,90,222,,,,,,
50_10_1439_5_S_1-9.dat,c9147e6b8b3bcab1863b62202baffbeee4e1fce0791b4e6309397c4037406da7,50,10,candidates_25,47,4,25,20,2000,2000,1776,224,0.112,1.4777922579996812,1353.3701974506023,0.7388961289998406,6,336,372,687.0954683333333,1219.2198505833333,budget_reached,1,0,74,186,,,,,,
50_10_1439_5_S_1-9.dat,c9147e6b8b3bcab1863b62202baffbeee4e1fce0791b4e6309397c4037406da7,50,10,candidates_250,11,4,250,20,2000,2000,2000,0,0.0,1.5025011360012286,1331.1138022316707,0.7512505680006143,1,453,453,1497.5649391833333,1497.5649391833333,budget_reached,1,0,41,44,,,,,,
50_10_1439_5_S_1-9.dat,c9147e6b8b3bcab1863b62202baffbeee4e1fce0791b4e6309397c4037406da7,50,10,candidates_250,29,4,250,20,2000,2000,2000,0,0.0,1.481613482001194,1349.8797252429351,0.740806741000597,2,565,627,1505.9235560333334,1740.6734177333333,budget_reached,1,0,53,55,,,,,,
50_10_1439_5_S_1-9.dat,c9147e6b8b3bcab1863b62202baffbeee4e1fce0791b4e6309397c4037406da7,50,10,candidates_250,47,4,250,20,2000,2000,2000,0,0.0,1.4656534330006252,1364.579070991844,0.7328267165003126,2,343,355,1154.7193385166668,1165.7275005166666,budget_reached,1,0,41,50,,,,,,
50_10_1439_5_S_1-9.dat,c9147e6b8b3bcab1863b62202baffbeee4e1fce0791b4e6309397c4037406da7,50,10,shake_1,11,4,100,1,2000,2000,1727,273,0.1365,1.4154811629996402,1412.9470969162649,0.7077405814998201,5,425,458,1200.7881736666666,1230.2051461666667,budget_reached,1,0,63,176,,,,,,
50_10_1439_5_S_1-9.dat,c9147e6b8b3bcab1863b62202baffbeee4e1fce0791b4e6309397c4037406da7,50,10,shake_1,29,4,100,1,2000,2000,1698,302,0.151,1.4376034630004142,1391.2042169304539,0.7188017315002071,2,499,594,1493.56143315,1497.4444197166667,budget_reached,1,0,70,223,,,,,,
50_10_1439_5_S_1-9.dat,c9147e6b8b3bcab1863b62202baffbeee4e1fce0791b4e6309397c4037406da7,50,10,shake_1,47,4,100,1,2000,2000,1764,236,0.118,1.424650910001219,1403.8526813549634,0.7123254550006095,10,332,358,992.4530584666667,1004.5098474333333,budget_reached,1,0,59,188,,,,,,
50_10_1439_5_S_1-9.dat,c9147e6b8b3bcab1863b62202baffbeee4e1fce0791b4e6309397c4037406da7,50,10,shake_50,11,4,100,50,2000,2000,1765,235,0.1175,1.4355381120003585,1393.2057834487507,0.7177690560001793,9,405,451,1204.4605201833333,1281.5512812666666,budget_reached,1,0,63,214,,,,,,
50_10_1439_5_S_1-9.dat,c9147e6b8b3bcab1863b62202baffbeee4e1fce0791b4e6309397c4037406da7,50,10,shake_50,29,4,100,50,2000,2000,1696,304,0.152,1.4324626010002248,1396.1970096835262,0.7162313005001124,16,517,592,1500.9938256166668,1575.0051529166667,budget_reached,1,0,70,231,,,,,,
50_10_1439_5_S_1-9.dat,c9147e6b8b3bcab1863b62202baffbeee4e1fce0791b4e6309397c4037406da7,50,10,shake_50,47,4,100,50,2000,2000,1803,197,0.0985,1.4433653080013755,1385.650596500338,0.7216826540006878,9,340,434,958.3293703666667,1031.8914398333334,budget_reached,1,0,61,198,,,,,,
50_10_1439_5_S_1-9.dat,c9147e6b8b3bcab1863b62202baffbeee4e1fce0791b4e6309397c4037406da7,50,10,budget_500,11,4,100,20,500,500,500,0,0.0,0.3855783729995892,1296.7532284299896,0.7711567459991784,10,425,486,1317.8830581666666,1373.211716,budget_reached,1,0,50,116,,,,,,
50_10_1439_5_S_1-9.dat,c9147e6b8b3bcab1863b62202baffbeee4e1fce0791b4e6309397c4037406da7,50,10,budget_500,29,4,100,20,500,500,470,30,0.06,0.37719594100053655,1325.5709981229325,0.7543918820010731,14,529,627,1505.9235560333334,1652.42276925,budget_reached,1,0,59,121,,,,,,
50_10_1439_5_S_1-9.dat,c9147e6b8b3bcab1863b62202baffbeee4e1fce0791b4e6309397c4037406da7,50,10,budget_500,47,4,100,20,500,500,500,0,0.0,0.3816183609997097,1310.2094948738077,0.7632367219994194,6,341,364,1025.0304387666667,1039.496541,budget_reached,1,0,51,123,,,,,,
50_10_1439_5_S_1-9.dat,c9147e6b8b3bcab1863b62202baffbeee4e1fce0791b4e6309397c4037406da7,50,10,budget_8000,11,4,100,20,8000,8000,6854,1146,0.14325,5.768728504999672,1386.7873991758354,0.721091063124959,11,410,441,794.5913001333333,927.1702459333334,budget_reached,1,0,86,305,,,,,,
50_10_1439_5_S_1-9.dat,c9147e6b8b3bcab1863b62202baffbeee4e1fce0791b4e6309397c4037406da7,50,10,budget_8000,29,4,100,20,8000,8000,6758,1242,0.15525,5.77434016999905,1385.4396804615888,0.7217925212498812,3,464,471,1146.1433562,1361.3405485333333,budget_reached,1,0,102,432,,,,,,
50_10_1439_5_S_1-9.dat,c9147e6b8b3bcab1863b62202baffbeee4e1fce0791b4e6309397c4037406da7,50,10,budget_8000,47,4,100,20,8000,8000,6893,1107,0.138375,5.795708534000369,1380.331663172538,0.7244635667500461,7,281,299,771.8378704666667,777.6292612666666,budget_reached,1,0,94,371,,,,,,
250_10_1439_5_S_1-9.dat,9b1e592319e4dcdc8df7c50abe2b11aba12ca2ab27fd528ac1d0a262c02ca62c,250,10,reference,11,4,100,20,2000,2000,1136,864,0.432,4.413216371998715,453.1842156413949,2.2066081859993574,3,1435,1440,7904.474278933333,8225.967444258333,budget_reached,1,0,96,98,,,,,,
250_10_1439_5_S_1-9.dat,9b1e592319e4dcdc8df7c50abe2b11aba12ca2ab27fd528ac1d0a262c02ca62c,250,10,reference,29,4,100,20,2000,2000,1486,514,0.257,5.004923457001496,399.6065109052081,2.502461728500748,9,1431,1440,7938.479640116667,7959.42919015,budget_reached,1,0,86,204,,,,,,
250_10_1439_5_S_1-9.dat,9b1e592319e4dcdc8df7c50abe2b11aba12ca2ab27fd528ac1d0a262c02ca62c,250,10,reference,47,4,100,20,2000,2000,1214,786,0.393,4.593745113001205,435.3746128272562,2.2968725565006025,4,1428,1439,7491.012010183334,8132.721850916667,budget_reached,1,0,77,112,,,,,,
250_10_1439_5_S_1-9.dat,9b1e592319e4dcdc8df7c50abe2b11aba12ca2ab27fd528ac1d0a262c02ca62c,250,10,initial_1,11,1,100,20,2000,2000,1161,839,0.4195,4.462468030000309,448.1824825532389,2.2312340150001546,4,1436,1440,8520.186959358334,8531.447997025,budget_reached,1,0,69,125,,,,,,
250_10_1439_5_S_1-9.dat,9b1e592319e4dcdc8df7c50abe2b11aba12ca2ab27fd528ac1d0a262c02ca62c,250,10,initial_1,29,1,100,20,2000,2000,1354,646,0.323,4.826204245000554,414.4043431381488,2.413102122500277,3,1438,1440,7378.245521133334,7833.885262816667,budget_reached,1,0,120,169,,,,,,
250_10_1439_5_S_1-9.dat,9b1e592319e4dcdc8df7c50abe2b11aba12ca2ab27fd528ac1d0a262c02ca62c,250,10,initial_1,47,1,100,20,2000,2000,1030,970,0.485,4.243106341000384,471.3527871489702,2.121553170500192,3,1438,1440,8060.81034895,8426.412937208333,budget_reached,1,0,91,98,,,,,,
250_10_1439_5_S_1-9.dat,9b1e592319e4dcdc8df7c50abe2b11aba12ca2ab27fd528ac1d0a262c02ca62c,250,10,initial_12,11,12,100,20,2000,2000,1475,525,0.2625,5.193244913998569,385.11567105355107,2.5966224569992846,7,1433,1439,7658.76691975,8552.781790316667,budget_reached,1,0,87,163,,,,,,
250_10_1439_5_S_1-9.dat,9b1e592319e4dcdc8df7c50abe2b11aba12ca2ab27fd528ac1d0a262c02ca62c,250,10,initial_12,29,12,100,20,2000,2000,1468,532,0.266,5.1313831899988145,389.7584580894381,2.5656915949994072,4,1431,1436,7927.734441975,7942.535825541667,budget_reached,1,0,83,188,,,,,,
250_10_1439_5_S_1-9.dat,9b1e592319e4dcdc8df7c50abe2b11aba12ca2ab27fd528ac1d0a262c02ca62c,250,10,initial_12,47,12,100,20,2000,2000,1604,396,0.198,5.315515291000338,376.2570306939359,2.657757645500169,6,1425,1440,7591.8809772,8051.507607741667,budget_reached,1,0,93,276,,,,,,
250_10_1439_5_S_1-9.dat,9b1e592319e4dcdc8df7c50abe2b11aba12ca2ab27fd528ac1d0a262c02ca62c,250,10,candidates_25,11,4,25,20,2000,2000,1046,954,0.477,4.271117926999068,468.26147959001,2.135558963499534,4,1434,1440,7871.4504793333335,8280.336842825,budget_reached,1,0,121,131,,,,,,
250_10_1439_5_S_1-9.dat,9b1e592319e4dcdc8df7c50abe2b11aba12ca2ab27fd528ac1d0a262c02ca62c,250,10,candidates_25,29,4,25,20,2000,2000,1258,742,0.371,4.5927995149995695,435.464250827458,2.2963997574997848,3,1431,1435,7865.66400155,7875.50334925,budget_reached,1,0,120,234,,,,,,
250_10_1439_5_S_1-9.dat,9b1e592319e4dcdc8df7c50abe2b11aba12ca2ab27fd528ac1d0a262c02ca62c,250,10,candidates_25,47,4,25,20,2000,2000,1118,882,0.441,4.42143951000071,452.34136879544894,2.210719755000355,4,1428,1439,7439.50554675,8132.721850916667,budget_reached,1,0,111,148,,,,,,
250_10_1439_5_S_1-9.dat,9b1e592319e4dcdc8df7c50abe2b11aba12ca2ab27fd528ac1d0a262c02ca62c,250,10,candidates_250,11,4,250,20,2000,2000,1364,636,0.318,4.974323114000072,402.0647541714901,2.487161557000036,4,1434,1440,7904.474278933333,8251.223835125,budget_reached,1,0,90,94,,,,,,
250_10_1439_5_S_1-9.dat,9b1e592319e4dcdc8df7c50abe2b11aba12ca2ab27fd528ac1d0a262c02ca62c,250,10,candidates_250,29,4,250,20,2000,2000,1666,334,0.167,5.405974039000284,369.96108112458785,2.702987019500142,7,1431,1440,7911.6353276166665,7924.96142855,budget_reached,1,0,87,244,,,,,,
250_10_1439_5_S_1-9.dat,9b1e592319e4dcdc8df7c50abe2b11aba12ca2ab27fd528ac1d0a262c02ca62c,250,10,candidates_250,47,4,250,20,2000,2000,1371,629,0.3145,4.840709457999765,413.1625782032418,2.4203547289998824,4,1428,1440,7475.171434933333,8132.721850916667,budget_reached,1,0,83,121,,,,,,
250_10_1439_5_S_1-9.dat,9b1e592319e4dcdc8df7c50abe2b11aba12ca2ab27fd528ac1d0a262c02ca62c,250,10,shake_1,11,4,100,1,2000,2000,1120,880,0.44,4.436189134001324,450.83740561711653,2.218094567000662,3,1436,1440,7904.474278933333,8265.279513808333,budget_reached,1,0,97,99,,,,,,
250_10_1439_5_S_1-9.dat,9b1e592319e4dcdc8df7c50abe2b11aba12ca2ab27fd528ac1d0a262c02ca62c,250,10,shake_1,29,4,100,1,2000,2000,1375,625,0.3125,4.881551475999004,409.70580968639734,2.440775737999502,7,1431,1440,7914.868383133334,7931.4381871333335,budget_reached,1,0,84,194,,,,,,
250_10_1439_5_S_1-9.dat,9b1e592319e4dcdc8df7c50abe2b11aba12ca2ab27fd528ac1d0a262c02ca62c,250,10,shake_1,47,4,100,1,2000,2000,1208,792,0.396,4.671861234000971,428.094906895855,2.3359306170004857,3,1428,1440,7474.835410033334,8132.721850916667,budget_reached,1,0,83,112,,,,,,
250_10_1439_5_S_1-9.dat,9b1e592319e4dcdc8df7c50abe2b11aba12ca2ab27fd528ac1d0a262c02ca62c,250,10,shake_50,11,4,100,50,2000,2000,1105,895,0.4475,4.432852744999764,451.17672863281786,2.216426372499882,4,1436,1440,7904.474278933333,8826.139845808333,budget_reached,1,0,87,91,,,,,,
250_10_1439_5_S_1-9.dat,9b1e592319e4dcdc8df7c50abe2b11aba12ca2ab27fd528ac1d0a262c02ca62c,250,10,shake_50,29,4,100,50,2000,2000,1483,517,0.2585,5.029747640999631,397.6342637346538,2.5148738204998153,5,1431,1439,7904.51426015,7918.431387616667,budget_reached,1,0,94,231,,,,,,
250_10_1439_5_S_1-9.dat,9b1e592319e4dcdc8df7c50abe2b11aba12ca2ab27fd528ac1d0a262c02ca62c,250,10,shake_50,47,4,100,50,2000,2000,1307,693,0.3465,4.633954408000136,431.59682290942845,2.316977204000068,4,1428,1440,7479.7186781166665,8132.721850916667,budget_reached,1,0,89,128,,,,,,
250_10_1439_5_S_1-9.dat,9b1e592319e4dcdc8df7c50abe2b11aba12ca2ab27fd528ac1d0a262c02ca62c,250,10,budget_500,11,4,100,20,500,500,370,130,0.26,1.3226922249996278,378.01688900087146,2.6453844499992556,3,1435,1440,7904.474278933333,8225.967444258333,budget_reached,1,0,73,75,,,,,,
250_10_1439_5_S_1-9.dat,9b1e592319e4dcdc8df7c50abe2b11aba12ca2ab27fd528ac1d0a262c02ca62c,250,10,budget_500,29,4,100,20,500,500,448,52,0.104,1.4456268350004393,345.87072396165644,2.8912536700008786,4,1431,1440,7990.9409731,8005.26587775,budget_reached,1,0,65,111,,,,,,
250_10_1439_5_S_1-9.dat,9b1e592319e4dcdc8df7c50abe2b11aba12ca2ab27fd528ac1d0a262c02ca62c,250,10,budget_500,47,4,100,20,500,500,355,145,0.29,1.2888280959996337,387.9493328489187,2.5776561919992673,4,1428,1439,7573.645683083333,8132.721850916667,budget_reached,1,0,46,63,,,,,,
250_10_1439_5_S_1-9.dat,9b1e592319e4dcdc8df7c50abe2b11aba12ca2ab27fd528ac1d0a262c02ca62c,250,10,budget_8000,11,4,100,20,8000,8000,3952,4048,0.506,16.229338650999125,492.9344424954431,2.0286673313748906,3,1435,1440,7851.736021,8225.967444258333,budget_reached,1,0,145,175,,,,,,
250_10_1439_5_S_1-9.dat,9b1e592319e4dcdc8df7c50abe2b11aba12ca2ab27fd528ac1d0a262c02ca62c,250,10,budget_8000,29,4,100,20,8000,8000,4825,3175,0.396875,17.565394696999647,455.44094727153976,2.195674337124956,7,1431,1439,7827.152230883334,7838.64465125,budget_reached,1,0,140,450,,,,,,
250_10_1439_5_S_1-9.dat,9b1e592319e4dcdc8df7c50abe2b11aba12ca2ab27fd528ac1d0a262c02ca62c,250,10,budget_8000,47,4,100,20,8000,8000,4037,3963,0.495375,16.20487723699989,493.6785316542817,2.0256096546249864,5,1428,1440,7383.3809534,8132.721850916667,budget_reached,1,0,132,202,,,,,,
