n,configuration,seed,variant_covers_reference,reference_covers_variant
6,initial_1,11,0.3,0.125
6,initial_1,29,0.25,0.6
6,initial_1,47,0.45454545454545453,0.15384615384615385
6,initial_12,11,0.2,0.14285714285714285
6,initial_12,29,0.0,0.26666666666666666
6,initial_12,47,0.09090909090909091,0.5714285714285714
6,candidates_25,11,1.0,0.6153846153846154
6,candidates_25,29,1.0,0.5714285714285714
6,candidates_25,47,1.0,1.0
6,candidates_250,11,0.7,1.0
6,candidates_250,29,1.0,0.5714285714285714
6,candidates_250,47,1.0,1.0
6,shake_1,11,1.0,1.0
6,shake_1,29,1.0,1.0
6,shake_1,47,1.0,1.0
6,shake_50,11,1.0,1.0
6,shake_50,29,1.0,1.0
6,shake_50,47,1.0,1.0
6,budget_500,11,0.0,1.0
6,budget_500,29,0.0,1.0
6,budget_500,47,0.09090909090909091,1.0
6,budget_8000,11,1.0,0.5294117647058824
6,budget_8000,29,1.0,0.5714285714285714
6,budget_8000,47,1.0,0.7142857142857143
14,initial_1,11,1.0,0.0
14,initial_1,29,1.0,1.0
14,initial_1,47,0.0,1.0
14,initial_12,11,1.0,0.0
14,initial_12,29,0.9285714285714286,1.0
14,initial_12,47,0.6153846153846154,0.0
14,candidates_25,11,1.0,0.0
14,candidates_25,29,0.7857142857142857,0.0
14,candidates_25,47,0.5384615384615384,0.5454545454545454
14,candidates_250,11,0.125,1.0
14,candidates_250,29,0.0,1.0
14,candidates_250,47,0.0,1.0
14,shake_1,11,0.5,0.25
14,shake_1,29,1.0,1.0
14,shake_1,47,1.0,1.0
14,shake_50,11,0.25,1.0
14,shake_50,29,1.0,1.0
14,shake_50,47,1.0,1.0
14,budget_500,11,0.0,1.0
14,budget_500,29,0.0,1.0
14,budget_500,47,0.0,1.0
14,budget_8000,11,1.0,0.0
14,budget_8000,29,1.0,0.0
14,budget_8000,47,1.0,0.0
50,initial_1,11,0.8333333333333334,0.0
50,initial_1,29,0.058823529411764705,0.0
50,initial_1,47,0.0,0.875
50,initial_12,11,0.0,1.0
50,initial_12,29,1.0,0.0
50,initial_12,47,0.0,0.15
50,candidates_25,11,1.0,0.0
50,candidates_25,29,1.0,0.0
50,candidates_25,47,0.8,0.3333333333333333
50,candidates_250,11,0.0,1.0
50,candidates_250,29,0.0,1.0
50,candidates_250,47,0.0,1.0
50,shake_1,11,0.16666666666666666,0.8
50,shake_1,29,0.9411764705882353,0.5
50,shake_1,47,0.4,0.4
50,shake_50,11,0.16666666666666666,0.4444444444444444
50,shake_50,29,0.35294117647058826,0.625
50,shake_50,47,0.2,0.1111111111111111
50,budget_500,11,0.16666666666666666,1.0
50,budget_500,29,0.0,1.0
50,budget_500,47,0.0,1.0
50,budget_8000,11,1.0,0.0
50,budget_8000,29,1.0,0.0
50,budget_8000,47,1.0,0.0
250,initial_1,11,0.0,1.0
250,initial_1,29,0.2222222222222222,0.0
250,initial_1,47,0.0,1.0
250,initial_12,11,1.0,0.0
250,initial_12,29,1.0,0.0
250,initial_12,47,0.75,0.16666666666666666
250,candidates_25,11,0.6666666666666666,0.0
250,candidates_25,29,1.0,0.0
250,candidates_25,47,0.75,0.5
250,candidates_250,11,0.3333333333333333,0.5
250,candidates_250,29,1.0,0.0
250,candidates_250,47,0.75,0.25
250,shake_1,11,0.3333333333333333,1.0
250,shake_1,29,1.0,0.0
250,shake_1,47,0.5,0.3333333333333333
250,shake_50,11,0.3333333333333333,1.0
250,shake_50,29,1.0,0.0
250,shake_50,47,0.75,0.25
250,budget_500,11,0.6666666666666666,1.0
250,budget_500,29,0.0,1.0
250,budget_500,47,0.75,1.0
250,budget_8000,11,1.0,0.3333333333333333
250,budget_8000,29,1.0,0.0
250,budget_8000,47,1.0,0.6
