n,configuration,runs,seconds_median,seconds_min,seconds_max,milliseconds_per_evaluation_median,milliseconds_per_evaluation_min,milliseconds_per_evaluation_max,evaluations_per_second_median,evaluations_per_second_min,evaluations_per_second_max,front_size_median,front_size_min,front_size_max,cmax_min_median,cmax_min_min,cmax_min_max,tec_min_median,tec_min_min,tec_min_max,rejection_rate_median,rejection_rate_min,rejection_rate_max,shake_success_median,shake_success_min,shake_success_max,shake_failed_median,shake_failed_min,shake_failed_max,vnd_accept_median,vnd_accept_min,vnd_accept_max,distinct_assignments_median,distinct_assignments_min,distinct_assignments_max,distinct_sequences_median,distinct_sequences_min,distinct_sequences_max,distinct_mode_vectors_median,distinct_mode_vectors_min,distinct_mode_vectors_max,cmax_max_median,cmax_max_min,cmax_max_max,tec_max_median,tec_max_min,tec_max_max
6,reference,3,0.19334283399984997,0.19188209599997208,0.19400590999975975,0.09667141699992499,0.09594104799998604,0.09700295499987988,10344.319252098849,10308.964299090047,10423.067298578451,10,4,11,119,106,122,146.5054006,134.099428,167.6904631,0.2105,0.2025,0.221,3,3,3,0,0,0,25,18,29,2,1,5,2,1,5,8,3,10,208,135,221,200.3324074,162.9821334,204.603316
6,initial_1,3,0.19028595499912626,0.1852264680001099,0.1981834500002151,0.09514297749956313,0.09261323400005494,0.09909172500010754,10510.49721462198,10091.66002508196,10797.592922836566,8,5,13,120,114,122,137.9635834,134.9129344,149.7626544,0.2395,0.2045,0.293,2,2,3,0,0,0,26,18,31,4,2,4,4,2,5,5,5,10,215,136,219,183.5538379,172.64951633333334,200.0902924
6,initial_12,3,0.18763480800043908,0.18706348900013836,0.1957438129993534,0.09381740400021954,0.09353174450006918,0.0978719064996767,10659.003099229434,10217.436604275235,10691.557239149543,7,7,15,104,96,110,151.6059566,134.9129344,159.9443972,0.217,0.166,0.2375,4,3,8,0,0,0,30,27,38,1,1,4,2,1,5,7,4,15,137,132,218,227.2507531,202.98544976666668,248.1759455
6,candidates_25,3,0.19616679299906536,0.19549849700160848,0.20293082799980766,0.09808339649953268,0.09774924850080424,0.10146541399990383,10195.405498674432,9855.575023829773,10230.257678060536,11,7,13,119,106,121,146.5054006,134.099428,152.742283,0.1165,0.1135,0.1205,6,5,7,0,0,0,56,42,59,2,2,5,2,2,5,8,5,13,208,147,221,200.3324074,164.97285673333334,204.603316
6,candidates_250,3,0.18928445700112206,0.1879925289995299,0.1915625590008858,0.09464222850056103,0.09399626449976495,0.0957812795004429,10566.107918666265,10440.453554343841,10638.72064833492,8,7,11,115,106,119,146.5054006,134.099428,167.6904631,0.2155,0.208,0.229,3,2,3,0,0,0,24,17,24,2,1,5,2,1,5,8,6,8,208,135,221,200.3324074,197.28606266666668,204.603316
6,shake_1,3,0.19378884700017807,0.1864395640004659,0.1952757820017723,0.09689442350008903,0.09321978200023295,0.09763789100088616,10320.511375962531,10241.92544256127,10727.33682210822,10,4,11,119,106,122,146.5054006,134.099428,167.6904631,0.204,0.201,0.222,3,3,3,0,0,0,25,18,28,2,1,5,2,1,5,8,3,10,208,135,221,200.3324074,162.9821334,204.603316
6,shake_50,3,0.19345233300009568,0.19218300400098087,0.19414261000019906,0.09672616650004784,0.09609150200049044,0.09707130500009953,10338.464101123096,10301.70553490524,10406.747518577617,10,4,11,119,106,122,146.5054006,134.099428,167.6904631,0.2135,0.2025,0.221,3,3,3,0,0,0,25,18,29,2,1,5,2,1,5,8,3,10,208,135,221,200.3324074,162.9821334,204.603316
6,budget_500,3,0.04916714599858096,0.04761349699947459,0.06023848800032283,0.09833429199716193,0.09522699399894918,0.12047697600064566,10169.392382759632,8300.34113733599,10501.224054295308,7,6,9,135,119,137,170.3133756,155.5411324,189.1741341,0.212,0.21,0.22,1,1,1,0,0,0,10,5,10,1,1,1,1,1,1,7,6,9,161,153,166,200.3324074,197.0573985,230.6629605
6,budget_8000,3,0.7833202350011561,0.7736775060002401,0.7873021109990077,0.09791502937514451,0.09670968825003001,0.09841276387487596,10212.936730771666,10161.283563496101,10340.225659859778,14,7,17,115,106,119,134.099428,134.099428,146.5054006,0.21275,0.19975,0.2155,10,9,12,0,0,0,95,93,114,4,3,5,6,3,6,9,6,14,220,208,221,200.3324074,197.28606266666668,204.603316
14,reference,3,0.28117047200066736,0.2799533639990841,0.2850489890006429,0.14058523600033368,0.13997668199954205,0.14252449450032145,7113.122461860978,7016.337812710113,7144.047034943089,13,8,14,276,267,289,162.9530796,147.00361946666666,172.39771673333334,0.209,0.1785,0.224,1,1,1,0,0,0,19,14,26,2,2,8,2,2,8,8,7,13,326,303,432,185.19322546666666,180.34124086666668,316.1263273
14,initial_1,3,0.28238723399954324,0.2807084429987299,0.29161071199996513,0.14119361699977162,0.14035422149936494,0.14580535599998257,7082.473140422612,6858.45861519737,7124.830228241654,14,14,16,282,276,372,147.00361946666666,115.01215746666666,230.40524253333334,0.208,0.2015,0.275,1,1,2,0,0,0,19,13,20,8,2,8,8,3,8,9,7,13,431,429,432,185.19322546666666,161.27549166666665,316.5745090666667
14,initial_12,3,0.294372967999152,0.2926423530007014,0.29447882099884737,0.147186483999576,0.1463211765003507,0.14723941049942368,6794.102099774872,6791.659900077596,6834.280750863175,14,10,16,276,263,283,147.00361946666666,144.95048426666668,148.98035393333333,0.1935,0.1875,0.216,1,1,1,0,0,0,17,14,22,5,4,8,5,5,8,8,7,14,390,363,432,178.05567526666667,169.76027733333333,185.19322546666666
14,candidates_25,3,0.2945078310003737,0.2942636499992659,0.2960553289995005,0.14725391550018685,0.14713182499963295,0.14802766449975024,6790.990898973624,6755.494004309493,6796.626086861185,12,11,23,264,236,271,139.08914913333334,138.8868486,140.9012454,0.1365,0.105,0.1485,3,3,3,0,0,0,47,38,47,5,5,7,7,6,10,9,6,17,364,353,1042,203.78711943333334,181.8186804,211.36585696666666
14,candidates_250,3,0.27059529600046517,0.26669724799830874,0.28313413099931495,0.13529764800023258,0.13334862399915437,0.14156706549965747,7391.111484793002,7063.789847380989,7499.139998672514,11,5,11,291,289,317,201.6349861,162.22135426666668,215.8826468,0.3235,0.271,0.358,1,1,1,0,0,0,13,10,16,2,1,3,2,2,3,10,5,11,437,339,462,233.0566708,190.66825266666666,316.1263273
14,shake_1,3,0.28384503300003416,0.2837230709992582,0.28740045099948475,0.14192251650001708,0.1418615354996291,0.14370022549974237,7046.098284199179,6958.931320548226,7049.127139911823,13,4,14,276,267,289,162.9530796,147.00361946666666,170.35749433333334,0.2155,0.1945,0.22,1,1,1,0,0,0,19,14,26,2,2,8,2,2,8,7,4,13,326,306,432,185.19322546666666,180.34124086666668,316.1263273
14,shake_50,3,0.2885110839997651,0.2831347369992727,0.29261288799898466,0.14425554199988255,0.14156736849963636,0.14630644399949233,6932.142683300265,6834.968936866991,7063.774728584919,13,3,14,276,267,289,162.9530796,147.00361946666666,172.39771673333334,0.216,0.1815,0.222,1,1,1,0,0,0,19,14,26,2,2,8,2,2,8,7,3,13,326,303,432,185.19322546666666,180.34124086666668,316.1263273
14,budget_500,3,0.06858433200068248,0.06824935599979653,0.08047309299945482,0.13716866400136496,0.13649871199959307,0.16094618599890964,7290.294815367226,6213.256895735166,7326.0764541351955,10,6,11,299,298,323,201.6349861,192.81823386666667,216.13014213333332,0.272,0.1,0.278,1,1,1,0,0,0,8,7,9,1,1,3,2,1,3,10,6,11,345,343,462,234.1703998,205.88598746666668,318.7497778333333
14,budget_8000,3,1.1330666869998822,1.1246629390007001,1.1412267329997121,0.14163333587498528,0.14058286737508752,0.14265334162496401,7060.484693255156,7010.000527215146,7113.24230805388,13,13,17,254,253,269,136.67660766666665,131.92900153333332,143.0931932,0.19975,0.194625,0.214125,4,3,4,0,0,0,60,55,88,6,4,7,7,5,10,10,3,12,398,347,443,185.19322546666666,169.20825513333332,205.24949403333332
50,reference,3,1.4483277290000842,1.436132215001635,1.4839672100006283,0.7241638645000421,0.7180661075008175,0.7419836050003141,1380.902926840175,1347.7386740904828,1392.6294383680568,6,5,17,425,333,518,1189.6670246666667,989.0914262,1486.4830666166667,0.1185,0.1065,0.1475,1,1,1,0,0,0,66,65,68,1,1,2,2,2,3,6,5,17,435,353,590,1373.211716,1005.7704595333333,1575.0051529166667
50,initial_1,3,1.44776800299951,1.425090607999664,1.4580623660003766,0.723884001499755,0.712545303999832,0.7290311830001883,1381.4368019298443,1371.6834386763696,1403.4195361144866,8,8,16,419,329,586,1120.2160679,1007.6054222166666,1130.8669757666667,0.131,0.106,0.1745,1,1,1,0,0,0,56,56,58,2,1,2,2,2,2,8,8,16,467,348,641,1269.7473679666666,1138.8024294,1507.49434435
50,initial_12,3,1.4723857560002216,1.4506469389998529,1.4812123810006597,0.7361928780001108,0.7253234694999264,0.7406061905003298,1358.3396822807208,1350.2452623632973,1378.6952195128183,14,3,20,375,343,425,1114.8586009833334,969.5769572,1239.5427146666666,0.1405,0.1165,0.1405,1,1,1,0,0,0,49,46,60,2,1,2,2,1,3,14,3,20,474,388,554,1322.4270186833332,1165.0245599666666,1537.6675227
50,candidates_25,3,1.4382405149990518,1.4216081209997355,1.4777922579996812,0.7191202574995259,0.7108040604998678,0.7388961289998406,1390.5879991159327,1353.3701974506023,1406.8574668759732,6,6,10,412,336,464,973.5831534,687.0954683333333,1242.3846067333334,0.1265,0.112,0.1335,1,1,1,0,0,0,81,74,90,4,2,4,4,4,4,6,5,10,503,372,504,1261.8571091333333,1219.2198505833333,1273.2435085666666
50,candidates_250,3,1.481613482001194,1.4656534330006252,1.5025011360012286,0.740806741000597,0.7328267165003126,0.7512505680006143,1349.8797252429351,1331.1138022316707,1364.579070991844,2,1,2,453,343,565,1497.5649391833333,1154.7193385166668,1505.9235560333334,0.0,0.0,0.0,1,1,1,0,0,0,41,41,53,1,1,2,1,1,2,2,1,2,453,355,627,1497.5649391833333,1165.7275005166666,1740.6734177333333
50,shake_1,3,1.424650910001219,1.4154811629996402,1.4376034630004142,0.7123254550006095,0.7077405814998201,0.7188017315002071,1403.8526813549634,1391.2042169304539,1412.9470969162649,5,2,10,425,332,499,1200.7881736666666,992.4530584666667,1493.56143315,0.1365,0.118,0.151,1,1,1,0,0,0,63,59,70,1,1,2,2,2,3,5,2,10,458,358,594,1230.2051461666667,1004.5098474333333,1497.4444197166667
50,shake_50,3,1.4355381120003585,1.4324626010002248,1.4433653080013755,0.7177690560001793,0.7162313005001124,0.7216826540006878,1393.2057834487507,1385.650596500338,1396.1970096835262,9,9,16,405,340,517,1204.4605201833333,958.3293703666667,1500.9938256166668,0.1175,0.0985,0.152,1,1,1,0,0,0,63,61,70,1,1,4,3,1,4,9,7,16,451,434,592,1281.5512812666666,1031.8914398333334,1575.0051529166667
50,budget_500,3,0.3816183609997097,0.37719594100053655,0.3855783729995892,0.7632367219994194,0.7543918820010731,0.7711567459991784,1310.2094948738077,1296.7532284299896,1325.5709981229325,10,6,14,425,341,529,1317.8830581666666,1025.0304387666667,1505.9235560333334,0.0,0.0,0.06,1,1,1,0,0,0,51,50,59,1,1,2,1,1,2,10,6,14,486,364,627,1373.211716,1039.496541,1652.42276925
50,budget_8000,3,5.77434016999905,5.768728504999672,5.795708534000369,0.7217925212498812,0.721091063124959,0.7244635667500461,1385.4396804615888,1380.331663172538,1386.7873991758354,7,3,11,410,281,464,794.5913001333333,771.8378704666667,1146.1433562,0.14325,0.138375,0.15525,1,1,1,0,0,0,94,86,102,2,1,4,2,1,4,7,3,9,441,299,471,927.1702459333334,777.6292612666666,1361.3405485333333
250,reference,3,4.593745113001205,4.413216371998715,5.004923457001496,2.2968725565006025,2.2066081859993574,2.502461728500748,435.3746128272562,399.6065109052081,453.1842156413949,4,3,9,1431,1428,1435,7904.474278933333,7491.012010183334,7938.479640116667,0.393,0.257,0.432,1,1,1,0,0,0,86,77,96,2,1,2,3,1,3,4,3,9,1440,1439,1440,8132.721850916667,7959.42919015,8225.967444258333
250,initial_1,3,4.462468030000309,4.243106341000384,4.826204245000554,2.2312340150001546,2.121553170500192,2.413102122500277,448.1824825532389,414.4043431381488,471.3527871489702,3,3,4,1438,1436,1438,8060.81034895,7378.245521133334,8520.186959358334,0.4195,0.323,0.485,1,1,1,0,0,0,91,69,120,1,1,1,2,1,2,3,3,4,1440,1440,1440,8426.412937208333,7833.885262816667,8531.447997025
250,initial_12,3,5.193244913998569,5.1313831899988145,5.315515291000338,2.5966224569992846,2.5656915949994072,2.657757645500169,385.11567105355107,376.2570306939359,389.7584580894381,6,4,7,1431,1425,1433,7658.76691975,7591.8809772,7927.734441975,0.2625,0.198,0.266,1,1,1,0,0,0,87,83,93,1,1,3,2,1,4,6,4,7,1439,1436,1440,8051.507607741667,7942.535825541667,8552.781790316667
250,candidates_25,3,4.42143951000071,4.271117926999068,4.5927995149995695,2.210719755000355,2.135558963499534,2.2963997574997848,452.34136879544894,435.464250827458,468.26147959001,4,3,4,1431,1428,1434,7865.66400155,7439.50554675,7871.4504793333335,0.441,0.371,0.477,1,1,1,0,0,0,120,111,121,1,1,2,2,1,4,4,3,4,1439,1435,1440,8132.721850916667,7875.50334925,8280.336842825
250,candidates_250,3,4.974323114000072,4.840709457999765,5.405974039000284,2.487161557000036,2.4203547289998824,2.702987019500142,402.0647541714901,369.96108112458785,413.1625782032418,4,4,7,1431,1428,1434,7904.474278933333,7475.171434933333,7911.6353276166665,0.3145,0.167,0.318,1,1,1,0,0,0,87,83,90,2,1,2,2,1,2,4,4,7,1440,1440,1440,8132.721850916667,7924.96142855,8251.223835125
250,shake_1,3,4.671861234000971,4.436189134001324,4.881551475999004,2.3359306170004857,2.218094567000662,2.440775737999502,428.094906895855,409.70580968639734,450.83740561711653,3,3,7,1431,1428,1436,7904.474278933333,7474.835410033334,7914.868383133334,0.396,0.3125,0.44,1,1,1,0,0,0,84,83,97,2,1,2,2,2,3,3,3,7,1440,1440,1440,8132.721850916667,7931.4381871333335,8265.279513808333
250,shake_50,3,4.633954408000136,4.432852744999764,5.029747640999631,2.316977204000068,2.216426372499882,2.5148738204998153,431.59682290942845,397.6342637346538,451.17672863281786,4,4,5,1431,1428,1436,7904.474278933333,7479.7186781166665,7904.51426015,0.3465,0.2585,0.4475,1,1,1,0,0,0,89,87,94,2,1,3,3,1,4,4,4,5,1440,1439,1440,8132.721850916667,7918.431387616667,8826.139845808333
250,budget_500,3,1.3226922249996278,1.2888280959996337,1.4456268350004393,2.6453844499992556,2.5776561919992673,2.8912536700008786,378.01688900087146,345.87072396165644,387.9493328489187,4,3,4,1431,1428,1435,7904.474278933333,7573.645683083333,7990.9409731,0.26,0.104,0.29,1,1,1,0,0,0,65,46,73,2,1,2,2,1,2,4,3,4,1440,1439,1440,8132.721850916667,8005.26587775,8225.967444258333
250,budget_8000,3,16.229338650999125,16.20487723699989,17.565394696999647,2.0286673313748906,2.0256096546249864,2.195674337124956,492.9344424954431,455.44094727153976,493.6785316542817,5,3,7,1431,1428,1435,7827.152230883334,7383.3809534,7851.736021,0.495375,0.396875,0.506,1,1,1,0,0,0,140,132,145,1,1,2,3,2,3,5,3,7,1440,1439,1440,8132.721850916667,7838.64465125,8225.967444258333
