instance,algorithm,seed,hv_8000,hv_20000,hv_gain,igd_plus_8000,igd_plus_20000,reference_note,C_20k_8k,C_8k_20k,seconds_8000,seconds_20000
data/input/set2/250_10_1439_5_S_1-9.dat,vns_vnd,101,0.05398531626260588,0.05563751824977586,0.0016522019871699767,0.8650492635789623,0.8557292035794877,experiment-specific empirical references,1.0,0.3333333333333333,18.660024436999265,44.258849861999806
data/input/set2/250_10_1439_5_S_1-9.dat,vns_vnd,211,0.04560423152429075,0.04770167045402503,0.0020974389297342758,0.8753549942850583,0.8630044026150941,experiment-specific empirical references,1.0,0.25,16.549102925000057,40.576600008999776
data/input/set2/250_10_1439_5_S_1-9.dat,vns_vnd,307,0.04461054477457772,0.0473970094126382,0.002786464638060475,0.8759159703560312,0.8618363587211543,experiment-specific empirical references,1.0,0.5,17.051403212999958,40.81413282700032
data/input/set2/250_10_1439_5_S_1-9.dat,vns_vnd,401,0.04561367963060193,0.04765520320332136,0.002041523572719431,0.8724364678356857,0.8613300976484375,experiment-specific empirical references,1.0,0.0,17.043743957999936,41.19895660700013
data/input/set2/250_10_1439_5_S_1-9.dat,vns_vnd,503,0.04627461116077773,0.04694014659048967,0.0006655354297119415,0.8710509404181048,0.8641511270576371,experiment-specific empirical references,1.0,0.0,17.15889716999982,41.043543810999836
data/input/set2/250_10_1439_5_S_1-9.dat,spea2,101,0.9374321424107019,0.9410480045341113,0.0036158621234093635,0.0037833034863781717,0.0033622972946091233,experiment-specific empirical references,1.0,0.0,37.300179010999955,87.06978822000019
data/input/set2/250_10_1439_5_S_1-9.dat,spea2,211,0.9392440279221301,0.9445869826046701,0.00534295468253998,0.0017907371125879291,0.0008269847634322352,experiment-specific empirical references,1.0,0.0,41.32890232700004,87.26491578700006
data/input/set2/250_10_1439_5_S_1-9.dat,spea2,307,0.9304756472216609,0.9361497047024822,0.005674057480821282,0.006347012074735228,0.005068993667035136,experiment-specific empirical references,1.0,0.0,38.17456051399995,86.54211452500022
data/input/set2/250_10_1439_5_S_1-9.dat,spea2,401,0.9369044228395473,0.9476661338736779,0.010761711034130594,0.006478753792626464,0.004908116445632721,experiment-specific empirical references,1.0,0.0,38.22580102100005,85.98413895099975
data/input/set2/250_10_1439_5_S_1-9.dat,spea2,503,0.9318461334339216,0.9359699003277805,0.004123766893858849,0.005988415154364214,0.005440751017940171,experiment-specific empirical references,1.0,0.0,38.38324518099989,85.85829580999962
data/input/set2/250_10_1439_5_S_1-9.dat,moead,101,0.9267736634762097,0.9292558193361273,0.002482155859917623,0.00878345422083123,0.007880617518954112,experiment-specific empirical references,1.0,0.0,32.352388915000006,75.67147217399997
data/input/set2/250_10_1439_5_S_1-9.dat,moead,211,0.9196155958077116,0.9238101674733613,0.004194571665649738,0.014435337978089774,0.01478795845545844,experiment-specific empirical references,0.9166666666666666,0.058823529411764705,38.775711441,75.55037332300026
data/input/set2/250_10_1439_5_S_1-9.dat,moead,307,0.9209205414079367,0.9289886119417667,0.008068070533830074,0.01199574947309427,0.007221691281248637,experiment-specific empirical references,1.0,0.0,33.26760681799999,74.31827700900021
data/input/set2/250_10_1439_5_S_1-9.dat,moead,401,0.9415233034174675,0.9488075630077751,0.007284259590307651,0.002489979929800214,0.0011635371186907413,experiment-specific empirical references,1.0,0.0,32.51087057699988,74.82858806600007
data/input/set2/250_10_1439_5_S_1-9.dat,moead,503,0.9240782189472203,0.9296028474384198,0.005524628491199501,0.012804579538750296,0.01163738147497697,experiment-specific empirical references,1.0,0.0,32.17007166600001,75.17996520099996
