experiment,instance,algorithm,seed,equal_points,strictly_dominated_points,apparent_dominating_points,baseline_points,hv_exact,hv_algorithm,hv_ratio,igd_plus,C_algorithm_exact,C_exact_algorithm
A,data/input/set1/6_2_1439_3_S_1-9.dat,spea2,101,26,14,0,43,1.0831440568355948,1.082992717382514,0.9998602776314696,0.000689724395899994,0.6046511627906976,1.0
A,data/input/set1/6_2_1439_3_S_1-9.dat,moead,101,21,7,0,43,1.0831440568355948,1.0804764140137786,0.9975371301675147,0.000765736363195421,0.4883720930232558,1.0
A,data/input/set1/6_2_1439_3_S_1-9.dat,vns_vnd,101,14,8,0,43,1.0831440568355948,1.0730787680266678,0.9907073405929653,0.002489181340876345,0.32558139534883723,1.0
A,data/input/set1/6_2_1439_3_S_1-9.dat,moead,211,19,10,0,43,1.0831440568355948,1.08175804653095,0.9987203823019681,0.0007277560825464211,0.4418604651162791,1.0
A,data/input/set1/6_2_1439_3_S_1-9.dat,vns_vnd,211,8,14,0,43,1.0831440568355948,1.0782750638451795,0.9955047595380433,0.0023440122308808153,0.18604651162790697,1.0
A,data/input/set1/6_2_1439_3_S_1-9.dat,spea2,211,21,18,0,43,1.0831440568355948,1.082973143360029,0.9998422061456301,0.000778049517707586,0.4883720930232558,1.0
A,data/input/set1/6_2_1439_3_S_1-9.dat,vns_vnd,307,8,5,0,43,1.0831440568355948,1.066014324709448,0.9841851764610229,0.005775179360383605,0.18604651162790697,1.0
A,data/input/set1/6_2_1439_3_S_1-9.dat,spea2,307,27,12,0,43,1.0831440568355948,1.08306377047079,0.9999258765588029,0.00048522498090593485,0.627906976744186,1.0
A,data/input/set1/6_2_1439_3_S_1-9.dat,moead,307,16,13,0,43,1.0831440568355948,1.0828323996396423,0.9997122661625795,0.0012828688926582728,0.37209302325581395,1.0
A,data/input/set1/6_2_1439_3_S_1-9.dat,spea2,401,28,11,0,43,1.0831440568355948,1.0830694249739936,0.9999310970123224,0.0004511754729213252,0.6511627906976745,1.0
A,data/input/set1/6_2_1439_3_S_1-9.dat,moead,401,17,12,0,43,1.0831440568355948,1.0828779878226313,0.9997543549158726,0.001022000579230908,0.3953488372093023,1.0
A,data/input/set1/6_2_1439_3_S_1-9.dat,vns_vnd,401,11,7,0,43,1.0831440568355948,1.066085748562224,0.9842511176923163,0.005366644212511765,0.2558139534883721,1.0
A,data/input/set1/6_2_1439_3_S_1-9.dat,moead,503,9,17,0,43,1.0831440568355948,1.0813151566199393,0.9983114894052055,0.0021919012217671862,0.20930232558139536,1.0
A,data/input/set1/6_2_1439_3_S_1-9.dat,vns_vnd,503,14,10,0,43,1.0831440568355948,1.0790477768180726,0.9962181576941026,0.0014894824907529557,0.32558139534883723,1.0
A,data/input/set1/6_2_1439_3_S_1-9.dat,spea2,503,26,13,0,43,1.0831440568355948,1.0829753844867096,0.9998442752394562,0.0007200253667684958,0.6046511627906976,1.0
A,data/input/set1/6_2_1439_3_S_1-9.dat,vns_vnd,601,17,5,0,43,1.0831440568355948,1.0771128464414905,0.9944317560013906,0.0015116319439976962,0.3953488372093023,1.0
A,data/input/set1/6_2_1439_3_S_1-9.dat,spea2,601,28,12,0,43,1.0831440568355948,1.0829995813498399,0.9998666147085024,0.0006605039976907169,0.6511627906976745,1.0
A,data/input/set1/6_2_1439_3_S_1-9.dat,moead,601,9,17,0,43,1.0831440568355948,1.0827905425328688,0.9996736220814813,0.0014168397684867565,0.20930232558139536,1.0
A,data/input/set1/6_2_1439_3_S_1-9.dat,spea2,701,26,14,0,43,1.0831440568355948,1.0829959267696463,0.9998632406603594,0.0005958663897306684,0.6046511627906976,1.0
A,data/input/set1/6_2_1439_3_S_1-9.dat,moead,701,16,13,0,43,1.0831440568355948,1.082791337126676,0.9996743556808599,0.0012619953508386387,0.37209302325581395,1.0
A,data/input/set1/6_2_1439_3_S_1-9.dat,vns_vnd,701,10,8,0,43,1.0831440568355948,1.079718920303378,0.9968377830163945,0.001402136406790928,0.23255813953488372,1.0
A,data/input/set1/6_2_1439_3_S_1-9.dat,moead,809,20,7,0,43,1.0831440568355948,1.0829138348230747,0.999787450237051,0.0008907984735705923,0.46511627906976744,1.0
A,data/input/set1/6_2_1439_3_S_1-9.dat,vns_vnd,809,16,11,0,43,1.0831440568355948,1.0797258752389451,0.9968442040787854,0.0014058643858618407,0.37209302325581395,1.0
A,data/input/set1/6_2_1439_3_S_1-9.dat,spea2,809,30,10,0,43,1.0831440568355948,1.0830908679803535,0.9999508940155231,0.00032206008830697495,0.6976744186046512,1.0
A,data/input/set1/6_2_1439_3_S_1-9.dat,vns_vnd,907,11,6,0,43,1.0831440568355948,1.0750650720285797,0.992541172380507,0.002175416758626307,0.2558139534883721,1.0
A,data/input/set1/6_2_1439_3_S_1-9.dat,spea2,907,26,15,0,43,1.0831440568355948,1.0829873240684287,0.9998552983177289,0.000765657504006784,0.6046511627906976,1.0
A,data/input/set1/6_2_1439_3_S_1-9.dat,moead,907,17,13,0,43,1.0831440568355948,1.0822818166406805,0.9992039468900994,0.000990928987666887,0.3953488372093023,1.0
A,data/input/set1/6_2_1439_3_S_1-9.dat,spea2,1009,23,13,0,43,1.0831440568355948,1.0828919156117531,0.9997672135832252,0.0010564125140127996,0.5348837209302325,1.0
A,data/input/set1/6_2_1439_3_S_1-9.dat,moead,1009,10,16,0,43,1.0831440568355948,1.0814605679759373,0.9984457387278883,0.0017671047848161212,0.23255813953488372,1.0
A,data/input/set1/6_2_1439_3_S_1-9.dat,vns_vnd,1009,2,11,0,43,1.0831440568355948,1.0545989949204937,0.9736461076114885,0.005680674092077192,0.046511627906976744,1.0
A,data/input/set1/7_2_1439_3_S_1-9.dat,moead,101,21,6,0,41,1.081976217538326,1.0818730134721108,0.9999046152174675,0.0006318752505297601,0.5121951219512195,1.0
A,data/input/set1/7_2_1439_3_S_1-9.dat,vns_vnd,101,15,6,0,41,1.081976217538326,1.0715476619481774,0.9903615667136609,0.002542842739404225,0.36585365853658536,1.0
A,data/input/set1/7_2_1439_3_S_1-9.dat,spea2,101,41,0,0,41,1.081976217538326,1.081976217538326,1.0,0.0,1.0,1.0
A,data/input/set1/7_2_1439_3_S_1-9.dat,vns_vnd,211,16,13,0,41,1.081976217538326,1.073939407998277,0.9925721014845094,0.0015473217268000214,0.3902439024390244,1.0
A,data/input/set1/7_2_1439_3_S_1-9.dat,spea2,211,31,7,0,41,1.081976217538326,1.0819502038879532,0.9999759572808059,0.00021242535629132324,0.7560975609756098,1.0
A,data/input/set1/7_2_1439_3_S_1-9.dat,moead,211,22,6,0,41,1.081976217538326,1.0817614911323148,0.9998015423975771,0.0008325932042639168,0.5365853658536586,1.0
A,data/input/set1/7_2_1439_3_S_1-9.dat,spea2,307,37,2,0,41,1.081976217538326,1.081971363122698,0.9999955133804704,7.302468234263171e-05,0.9024390243902439,1.0
A,data/input/set1/7_2_1439_3_S_1-9.dat,moead,307,22,5,0,41,1.081976217538326,1.0818455764769883,0.9998792569936196,0.0005839205689439087,0.5365853658536586,1.0
A,data/input/set1/7_2_1439_3_S_1-9.dat,vns_vnd,307,17,14,0,41,1.081976217538326,1.0803169856269021,0.9984664802381711,0.0019483165572246736,0.4146341463414634,1.0
A,data/input/set1/7_2_1439_3_S_1-9.dat,moead,401,13,11,0,41,1.081976217538326,1.080348904807927,0.9984959810539075,0.001151528149763115,0.3170731707317073,1.0
A,data/input/set1/7_2_1439_3_S_1-9.dat,vns_vnd,401,13,12,0,41,1.081976217538326,1.076441833093711,0.9948849296732172,0.0014700628197603786,0.3170731707317073,1.0
A,data/input/set1/7_2_1439_3_S_1-9.dat,spea2,401,23,17,0,41,1.081976217538326,1.0812605289507324,0.9993385357496841,0.0004210297288090046,0.5609756097560976,1.0
A,data/input/set1/7_2_1439_3_S_1-9.dat,vns_vnd,503,19,3,0,41,1.081976217538326,1.0666700373894062,0.985853496684295,0.003718698558648963,0.4634146341463415,1.0
A,data/input/set1/7_2_1439_3_S_1-9.dat,spea2,503,37,3,0,41,1.081976217538326,1.0819608712589652,0.9999858164355999,0.00011805316891412775,0.9024390243902439,1.0
A,data/input/set1/7_2_1439_3_S_1-9.dat,moead,503,16,11,0,41,1.081976217538326,1.0811634579960374,0.999248819401837,0.0008901154807087145,0.3902439024390244,1.0
A,data/input/set1/7_2_1439_3_S_1-9.dat,spea2,601,37,4,0,41,1.081976217538326,1.0819579011357763,0.9999830713445889,0.00012779319409960565,0.9024390243902439,1.0
A,data/input/set1/7_2_1439_3_S_1-9.dat,moead,601,20,6,0,41,1.081976217538326,1.0811342813573332,0.9992218533389686,0.0006848441181276217,0.4878048780487805,1.0
A,data/input/set1/7_2_1439_3_S_1-9.dat,vns_vnd,601,11,6,0,41,1.081976217538326,1.06294468592289,0.9824103974681292,0.004305636159056313,0.2682926829268293,1.0
A,data/input/set1/7_2_1439_3_S_1-9.dat,moead,701,21,5,0,41,1.081976217538326,1.081194524713135,0.9992775323408035,0.0005974687130697764,0.5121951219512195,1.0
A,data/input/set1/7_2_1439_3_S_1-9.dat,vns_vnd,701,13,3,0,41,1.081976217538326,1.0672854573182478,0.98642228915761,0.003956599962071743,0.3170731707317073,1.0
A,data/input/set1/7_2_1439_3_S_1-9.dat,spea2,701,36,2,0,41,1.081976217538326,1.0819606436780973,0.9999856060974573,0.0001277931940996054,0.8780487804878049,1.0
A,data/input/set1/7_2_1439_3_S_1-9.dat,vns_vnd,809,22,7,0,41,1.081976217538326,1.0798367352329352,0.9980226161437646,0.0007336429780408434,0.5365853658536586,1.0
A,data/input/set1/7_2_1439_3_S_1-9.dat,spea2,809,38,2,0,41,1.081976217538326,1.0819732088421086,0.9999972192584562,5.47793257079989e-05,0.926829268292683,1.0
A,data/input/set1/7_2_1439_3_S_1-9.dat,moead,809,17,10,0,41,1.081976217538326,1.0804209495817765,0.9985625673361952,0.0009556338642768341,0.4146341463414634,1.0
A,data/input/set1/7_2_1439_3_S_1-9.dat,spea2,907,30,10,0,41,1.081976217538326,1.0819556330417044,0.999980975093271,0.00019490111325977624,0.7317073170731707,1.0
A,data/input/set1/7_2_1439_3_S_1-9.dat,moead,907,21,5,0,41,1.081976217538326,1.0810232469663468,0.9991192314983157,0.0008142731619618081,0.5121951219512195,1.0
A,data/input/set1/7_2_1439_3_S_1-9.dat,vns_vnd,907,13,3,0,41,1.081976217538326,1.0673065259063763,0.9864417614785234,0.0039806068673292295,0.3170731707317073,1.0
A,data/input/set1/7_2_1439_3_S_1-9.dat,moead,1009,20,7,0,41,1.081976217538326,1.0817283954739219,0.999770954240595,0.001135960861049748,0.4878048780487805,1.0
A,data/input/set1/7_2_1439_3_S_1-9.dat,vns_vnd,1009,9,7,0,41,1.081976217538326,1.067164798956668,0.98631077250907,0.004647865636992401,0.21951219512195122,1.0
A,data/input/set1/7_2_1439_3_S_1-9.dat,spea2,1009,26,14,0,41,1.081976217538326,1.0819437949792792,0.999970033944812,0.0002920987293705271,0.6341463414634146,1.0
A,data/input/set1/8_2_1439_3_S_1-9.dat,vns_vnd,101,4,15,0,57,1.0787649371024428,1.0603590326667174,0.982937984168114,0.009410324898644476,0.07017543859649122,1.0
A,data/input/set1/8_2_1439_3_S_1-9.dat,spea2,101,5,44,0,57,1.0787649371024428,1.0770824512418589,0.9984403591526593,0.0024369289649958815,0.08771929824561403,1.0
A,data/input/set1/8_2_1439_3_S_1-9.dat,moead,101,25,9,0,57,1.0787649371024428,1.0739330608537971,0.9955209183368305,0.0014882809177223727,0.43859649122807015,1.0
A,data/input/set1/8_2_1439_3_S_1-9.dat,spea2,211,7,36,0,57,1.0787649371024428,1.0745861869080338,0.996126357048985,0.001708139984155071,0.12280701754385964,1.0
A,data/input/set1/8_2_1439_3_S_1-9.dat,moead,211,0,32,0,57,1.0787649371024428,1.0739260926500085,0.9955144589094345,0.003202970937760685,0.0,1.0
A,data/input/set1/8_2_1439_3_S_1-9.dat,vns_vnd,211,11,8,0,57,1.0787649371024428,1.0647167392540886,0.9869775171910132,0.0033522840905051226,0.19298245614035087,1.0
A,data/input/set1/8_2_1439_3_S_1-9.dat,moead,307,18,15,0,57,1.0787649371024428,1.071870182325959,0.9936086588103216,0.0014005211524960167,0.3157894736842105,1.0
A,data/input/set1/8_2_1439_3_S_1-9.dat,vns_vnd,307,5,16,0,57,1.0787649371024428,1.0702801730303468,0.9921347424445534,0.002782692968221685,0.08771929824561403,1.0
A,data/input/set1/8_2_1439_3_S_1-9.dat,spea2,307,6,44,0,57,1.0787649371024428,1.0755327018287324,0.9970037631345414,0.0032182103392485065,0.10526315789473684,1.0
A,data/input/set1/8_2_1439_3_S_1-9.dat,vns_vnd,401,0,25,0,57,1.0787649371024428,1.0617484125565009,0.984225919882372,0.00961540950234931,0.0,1.0
A,data/input/set1/8_2_1439_3_S_1-9.dat,spea2,401,23,27,0,57,1.0787649371024428,1.0774236818454996,0.9987566751469085,0.0007101656811168424,0.40350877192982454,1.0
A,data/input/set1/8_2_1439_3_S_1-9.dat,moead,401,24,10,0,57,1.0787649371024428,1.0739954779171172,0.9955787780810375,0.0011349062834407645,0.42105263157894735,1.0
A,data/input/set1/8_2_1439_3_S_1-9.dat,spea2,503,4,38,0,57,1.0787649371024428,1.0740953131483715,0.9956713239432736,0.005168291112389402,0.07017543859649122,1.0
A,data/input/set1/8_2_1439_3_S_1-9.dat,moead,503,5,26,0,57,1.0787649371024428,1.0727286884359668,0.9944044819600002,0.003077475409943681,0.08771929824561403,1.0
A,data/input/set1/8_2_1439_3_S_1-9.dat,vns_vnd,503,1,19,0,57,1.0787649371024428,1.0630489870493647,0.9854315342364658,0.0053825125308051315,0.017543859649122806,1.0
A,data/input/set1/8_2_1439_3_S_1-9.dat,moead,601,20,13,0,57,1.0787649371024428,1.072181329498157,0.9938970878846236,0.002120325657475967,0.3508771929824561,1.0
A,data/input/set1/8_2_1439_3_S_1-9.dat,vns_vnd,601,5,16,0,57,1.0787649371024428,1.066384949455738,0.9885239247023013,0.004658949825352764,0.08771929824561403,1.0
A,data/input/set1/8_2_1439_3_S_1-9.dat,spea2,601,2,48,0,57,1.0787649371024428,1.0770844549999103,0.9984422166083315,0.0016927587364946692,0.03508771929824561,1.0
A,data/input/set1/8_2_1439_3_S_1-9.dat,vns_vnd,701,1,13,0,57,1.0787649371024428,1.0490299025103975,0.9724360390578568,0.016234262755869998,0.017543859649122806,1.0
A,data/input/set1/8_2_1439_3_S_1-9.dat,spea2,701,32,18,0,57,1.0787649371024428,1.0774625641443238,0.9987927184937831,0.0005104928298859782,0.5614035087719298,1.0
A,data/input/set1/8_2_1439_3_S_1-9.dat,moead,701,24,9,0,57,1.0787649371024428,1.0766308938550382,0.998021771774362,0.0009528759388819134,0.42105263157894735,1.0
A,data/input/set1/8_2_1439_3_S_1-9.dat,spea2,809,6,38,0,57,1.0787649371024428,1.0770968125515223,0.9984536718857391,0.0025842276529360244,0.10526315789473684,1.0
A,data/input/set1/8_2_1439_3_S_1-9.dat,moead,809,1,31,0,57,1.0787649371024428,1.0729584975684279,0.9946175118097451,0.0025363601246141364,0.017543859649122806,1.0
A,data/input/set1/8_2_1439_3_S_1-9.dat,vns_vnd,809,7,6,0,57,1.0787649371024428,1.061685712597519,0.9841677978978455,0.0052265016840927665,0.12280701754385964,1.0
A,data/input/set1/8_2_1439_3_S_1-9.dat,moead,907,3,28,0,57,1.0787649371024428,1.071710411916344,0.9934605538765033,0.005698892638980298,0.05263157894736842,1.0
A,data/input/set1/8_2_1439_3_S_1-9.dat,vns_vnd,907,0,20,0,57,1.0787649371024428,1.0600957723948934,0.982693945580309,0.004322192474205913,0.0,1.0
A,data/input/set1/8_2_1439_3_S_1-9.dat,spea2,907,15,32,0,57,1.0787649371024428,1.0778943344203809,0.9991929634973117,0.0008581586828130169,0.2631578947368421,1.0
A,data/input/set1/8_2_1439_3_S_1-9.dat,vns_vnd,1009,4,15,0,57,1.0787649371024428,1.0630722026924864,0.98545305481275,0.005020892310406229,0.07017543859649122,1.0
A,data/input/set1/8_2_1439_3_S_1-9.dat,spea2,1009,41,9,0,57,1.0787649371024428,1.0768823780140524,0.9982548940703923,0.00030474687531299136,0.7192982456140351,1.0
A,data/input/set1/8_2_1439_3_S_1-9.dat,moead,1009,3,28,0,57,1.0787649371024428,1.0736330399040308,0.9952428031150176,0.005510205875351213,0.05263157894736842,1.0
A,data/input/set1/9_2_1439_3_S_1-9.dat,spea2,101,1,49,0,86,1.080244178466701,1.0793537898767045,0.9991757524754632,0.0011680932007027628,0.011627906976744186,1.0
A,data/input/set1/9_2_1439_3_S_1-9.dat,moead,101,7,27,0,86,1.080244178466701,1.0784005294443484,0.9982933034409226,0.0018880160533087716,0.08139534883720931,1.0
A,data/input/set1/9_2_1439_3_S_1-9.dat,vns_vnd,101,4,9,0,86,1.080244178466701,1.0590226231534767,0.9803548533412639,0.006148519724614893,0.046511627906976744,1.0
A,data/input/set1/9_2_1439_3_S_1-9.dat,moead,211,0,39,0,86,1.080244178466701,1.07913334248818,0.9989716806619613,0.0017014604542389719,0.0,1.0
A,data/input/set1/9_2_1439_3_S_1-9.dat,vns_vnd,211,4,22,0,86,1.080244178466701,1.060638315279356,0.9818505264104513,0.004102535560060964,0.046511627906976744,1.0
A,data/input/set1/9_2_1439_3_S_1-9.dat,spea2,211,1,49,0,86,1.080244178466701,1.0793130294939248,0.9991380199112966,0.001369058521822134,0.011627906976744186,1.0
A,data/input/set1/9_2_1439_3_S_1-9.dat,vns_vnd,307,2,15,0,86,1.080244178466701,1.0693463638777545,0.98991171180907,0.0054322237243643245,0.023255813953488372,1.0
A,data/input/set1/9_2_1439_3_S_1-9.dat,spea2,307,1,49,0,86,1.080244178466701,1.0792620993376425,0.9990908730186795,0.0015346083021866464,0.011627906976744186,1.0
A,data/input/set1/9_2_1439_3_S_1-9.dat,moead,307,0,26,0,86,1.080244178466701,1.0791421358326851,0.9989798208071993,0.002187580437229866,0.0,1.0
A,data/input/set1/9_2_1439_3_S_1-9.dat,spea2,401,3,47,0,86,1.080244178466701,1.0786861640352263,0.998557720131678,0.0011076197415375909,0.03488372093023256,1.0
A,data/input/set1/9_2_1439_3_S_1-9.dat,moead,401,0,40,0,86,1.080244178466701,1.0791479013987382,0.9989851580875735,0.0018177810765640254,0.0,1.0
A,data/input/set1/9_2_1439_3_S_1-9.dat,vns_vnd,401,6,17,0,86,1.080244178466701,1.0563872105310512,0.9779152080509128,0.005421616799372309,0.06976744186046512,1.0
A,data/input/set1/9_2_1439_3_S_1-9.dat,moead,503,4,35,0,86,1.080244178466701,1.078339244103094,0.9982365705813746,0.0021142000405047863,0.046511627906976744,1.0
A,data/input/set1/9_2_1439_3_S_1-9.dat,vns_vnd,503,4,11,0,86,1.080244178466701,1.0439006108226105,0.9663561550540578,0.007726231612281883,0.046511627906976744,1.0
A,data/input/set1/9_2_1439_3_S_1-9.dat,spea2,503,0,47,0,86,1.080244178466701,1.0777759709051813,0.9977151392150773,0.0017803250825820173,0.0,1.0
A,data/input/set1/9_2_1439_3_S_1-9.dat,vns_vnd,601,4,11,0,86,1.080244178466701,1.049611281902554,0.9716426182387511,0.006668762762713292,0.046511627906976744,1.0
A,data/input/set1/9_2_1439_3_S_1-9.dat,spea2,601,0,50,0,86,1.080244178466701,1.07934211443419,0.9991649443241699,0.001162663564001851,0.0,1.0
A,data/input/set1/9_2_1439_3_S_1-9.dat,moead,601,0,32,0,86,1.080244178466701,1.0782725626486895,0.9981748424501486,0.002790263209662235,0.0,1.0
A,data/input/set1/9_2_1439_3_S_1-9.dat,spea2,701,1,49,0,86,1.080244178466701,1.0793943607379084,0.9992133095963556,0.001015115794865887,0.011627906976744186,1.0
A,data/input/set1/9_2_1439_3_S_1-9.dat,moead,701,0,32,0,86,1.080244178466701,1.0761803592664612,0.9962380549867828,0.002946888089529445,0.0,1.0
A,data/input/set1/9_2_1439_3_S_1-9.dat,vns_vnd,701,4,5,0,86,1.080244178466701,1.046366884033327,0.9686392251782745,0.00962311102793687,0.046511627906976744,1.0
A,data/input/set1/9_2_1439_3_S_1-9.dat,moead,809,8,31,0,86,1.080244178466701,1.0791868866721925,0.9990212474035184,0.0017187567029734745,0.09302325581395349,1.0
A,data/input/set1/9_2_1439_3_S_1-9.dat,vns_vnd,809,6,8,0,86,1.080244178466701,1.051696478009889,0.9735729189512202,0.006373911754857551,0.06976744186046512,1.0
A,data/input/set1/9_2_1439_3_S_1-9.dat,spea2,809,14,36,0,86,1.080244178466701,1.08009014720237,0.9998574106971356,0.0010240719473688384,0.16279069767441862,1.0
A,data/input/set1/9_2_1439_3_S_1-9.dat,vns_vnd,907,1,23,0,86,1.080244178466701,1.0496251650520707,0.9716554701011295,0.011690800021693338,0.011627906976744186,1.0
A,data/input/set1/9_2_1439_3_S_1-9.dat,spea2,907,2,48,0,86,1.080244178466701,1.079428041233913,0.9992444881915991,0.0008936202147895741,0.023255813953488372,1.0
A,data/input/set1/9_2_1439_3_S_1-9.dat,moead,907,0,35,0,86,1.080244178466701,1.0784719233641866,0.9983593939797668,0.0017713694475232661,0.0,1.0
A,data/input/set1/9_2_1439_3_S_1-9.dat,spea2,1009,1,49,0,86,1.080244178466701,1.0792127202979755,0.9990451620205077,0.0014150169069059074,0.011627906976744186,1.0
A,data/input/set1/9_2_1439_3_S_1-9.dat,moead,1009,1,39,0,86,1.080244178466701,1.0799176346158506,0.9996977129269848,0.001382252630080702,0.011627906976744186,1.0
A,data/input/set1/9_2_1439_3_S_1-9.dat,vns_vnd,1009,1,9,0,86,1.080244178466701,1.0450199411443544,0.967392337746875,0.010643981304088342,0.011627906976744186,1.0
A,data/input/set1/10_2_1439_3_S_1-9.dat,moead,101,1,42,0,97,1.078728423061458,1.0733310521209787,0.9949965433142464,0.0039083123940726605,0.010309278350515464,1.0
A,data/input/set1/10_2_1439_3_S_1-9.dat,vns_vnd,101,1,9,0,97,1.078728423061458,1.0333667893991998,0.9579489770617884,0.012254464470675599,0.010309278350515464,1.0
A,data/input/set1/10_2_1439_3_S_1-9.dat,spea2,101,14,36,0,97,1.078728423061458,1.0770804824219944,0.9984723303806284,0.001463010056704021,0.14432989690721648,1.0
A,data/input/set1/10_2_1439_3_S_1-9.dat,vns_vnd,211,3,14,0,97,1.078728423061458,1.0435438717044099,0.9673833092696367,0.01024925197234089,0.030927835051546393,1.0
A,data/input/set1/10_2_1439_3_S_1-9.dat,spea2,211,7,43,0,97,1.078728423061458,1.0769748972825097,0.9983744511209117,0.0018556420776614409,0.07216494845360824,1.0
A,data/input/set1/10_2_1439_3_S_1-9.dat,moead,211,7,29,0,97,1.078728423061458,1.0725060816090692,0.9942317813090253,0.002275590656091286,0.07216494845360824,1.0
A,data/input/set1/10_2_1439_3_S_1-9.dat,spea2,307,9,41,0,97,1.078728423061458,1.0753423425743862,0.99686104452735,0.0018203474745023382,0.09278350515463918,1.0
A,data/input/set1/10_2_1439_3_S_1-9.dat,moead,307,6,37,0,97,1.078728423061458,1.0693407040575644,0.9912974212941836,0.001998043145490903,0.061855670103092786,1.0
A,data/input/set1/10_2_1439_3_S_1-9.dat,vns_vnd,307,0,16,0,97,1.078728423061458,1.0496525876776428,0.9730461951662521,0.00730999871290012,0.0,1.0
A,data/input/set1/10_2_1439_3_S_1-9.dat,moead,401,19,23,0,97,1.078728423061458,1.0755084912290045,0.9970150672183873,0.0018931932710687192,0.1958762886597938,1.0
A,data/input/set1/10_2_1439_3_S_1-9.dat,vns_vnd,401,0,16,0,97,1.078728423061458,1.0317683961826345,0.9564672387647395,0.012591693615696667,0.0,1.0
A,data/input/set1/10_2_1439_3_S_1-9.dat,spea2,401,3,47,0,97,1.078728423061458,1.0783392975407697,0.99963927387805,0.0018290836823845887,0.030927835051546393,1.0
A,data/input/set1/10_2_1439_3_S_1-9.dat,vns_vnd,503,3,22,0,97,1.078728423061458,1.0532632631884284,0.9763933541300795,0.006716671225958684,0.030927835051546393,1.0
A,data/input/set1/10_2_1439_3_S_1-9.dat,spea2,503,9,41,0,97,1.078728423061458,1.0770442517944756,0.9984387439591119,0.0016079180373413705,0.09278350515463918,1.0
A,data/input/set1/10_2_1439_3_S_1-9.dat,moead,503,2,37,0,97,1.078728423061458,1.0730238746137903,0.9947117844253348,0.003755822724004197,0.020618556701030927,1.0
A,data/input/set1/10_2_1439_3_S_1-9.dat,spea2,601,2,48,0,97,1.078728423061458,1.0783270435846388,0.9996279142477028,0.0020650945550957684,0.020618556701030927,1.0
A,data/input/set1/10_2_1439_3_S_1-9.dat,moead,601,4,36,0,97,1.078728423061458,1.0733159485232404,0.9949825420165932,0.0023248210904493923,0.041237113402061855,1.0
A,data/input/set1/10_2_1439_3_S_1-9.dat,vns_vnd,601,6,5,0,97,1.078728423061458,1.0376140660452826,0.9618862763442426,0.01254403371269597,0.061855670103092786,1.0
A,data/input/set1/10_2_1439_3_S_1-9.dat,moead,701,20,20,0,97,1.078728423061458,1.076829848784162,0.998239988641527,0.0017595309220992978,0.20618556701030927,1.0
A,data/input/set1/10_2_1439_3_S_1-9.dat,vns_vnd,701,6,13,0,97,1.078728423061458,1.0351236295436517,0.9595775984153131,0.00831296728866263,0.061855670103092786,1.0
A,data/input/set1/10_2_1439_3_S_1-9.dat,spea2,701,0,50,0,97,1.078728423061458,1.0748387140848454,0.9963941721628383,0.0023563832160742263,0.0,1.0
A,data/input/set1/10_2_1439_3_S_1-9.dat,vns_vnd,809,5,13,0,97,1.078728423061458,1.040149640612508,0.964236798044625,0.012948589160985305,0.05154639175257732,1.0
A,data/input/set1/10_2_1439_3_S_1-9.dat,spea2,809,0,50,0,97,1.078728423061458,1.0740542610687493,0.9956669705805625,0.005394957655637062,0.0,1.0
A,data/input/set1/10_2_1439_3_S_1-9.dat,moead,809,3,34,0,97,1.078728423061458,1.0664214978554445,0.9885912663994835,0.002659714232223709,0.030927835051546393,1.0
A,data/input/set1/10_2_1439_3_S_1-9.dat,spea2,907,5,45,0,97,1.078728423061458,1.0685502115065235,0.9905646209580272,0.0025114963204456767,0.05154639175257732,1.0
A,data/input/set1/10_2_1439_3_S_1-9.dat,moead,907,11,27,0,97,1.078728423061458,1.0702100255765998,0.9921032974539757,0.0021339648533799816,0.1134020618556701,1.0
A,data/input/set1/10_2_1439_3_S_1-9.dat,vns_vnd,907,0,21,0,97,1.078728423061458,1.0473755304409158,0.9709353235251168,0.007069113772355156,0.0,1.0
A,data/input/set1/10_2_1439_3_S_1-9.dat,moead,1009,14,26,0,97,1.078728423061458,1.0734519833444858,0.995108648660617,0.0018350767319308392,0.14432989690721648,1.0
A,data/input/set1/10_2_1439_3_S_1-9.dat,vns_vnd,1009,0,19,0,97,1.078728423061458,1.0430749461783713,0.9669486071555422,0.009441436104787987,0.0,1.0
A,data/input/set1/10_2_1439_3_S_1-9.dat,spea2,1009,2,48,0,97,1.078728423061458,1.0782582057987684,0.9995641004235755,0.0020542425469281624,0.020618556701030927,1.0
