experiment,instance,algorithm,planned_runs,runs_completed,initialization_failures,execution_failures,completion_rate,quality_metric_denominator,initialization_attempts,search_attempts
A,data/input/set1/10_2_1439_3_S_1-9.dat,moead,10,10,0,0,1.0,10,0,80000
A,data/input/set1/10_2_1439_3_S_1-9.dat,spea2,10,10,0,0,1.0,10,0,80000
A,data/input/set1/10_2_1439_3_S_1-9.dat,vns_vnd,10,10,0,0,1.0,10,0,80000
A,data/input/set1/6_2_1439_3_S_1-9.dat,moead,10,10,0,0,1.0,10,0,80000
A,data/input/set1/6_2_1439_3_S_1-9.dat,spea2,10,10,0,0,1.0,10,0,80000
A,data/input/set1/6_2_1439_3_S_1-9.dat,vns_vnd,10,10,0,0,1.0,10,0,80000
A,data/input/set1/7_2_1439_3_S_1-9.dat,moead,10,10,0,0,1.0,10,0,80000
A,data/input/set1/7_2_1439_3_S_1-9.dat,spea2,10,10,0,0,1.0,10,0,80000
A,data/input/set1/7_2_1439_3_S_1-9.dat,vns_vnd,10,10,0,0,1.0,10,0,80000
A,data/input/set1/8_2_1439_3_S_1-9.dat,moead,10,10,0,0,1.0,10,0,80000
A,data/input/set1/8_2_1439_3_S_1-9.dat,spea2,10,10,0,0,1.0,10,0,80000
A,data/input/set1/8_2_1439_3_S_1-9.dat,vns_vnd,10,10,0,0,1.0,10,0,80000
A,data/input/set1/9_2_1439_3_S_1-9.dat,moead,10,10,0,0,1.0,10,0,80000
A,data/input/set1/9_2_1439_3_S_1-9.dat,spea2,10,10,0,0,1.0,10,0,80000
A,data/input/set1/9_2_1439_3_S_1-9.dat,vns_vnd,10,10,0,0,1.0,10,0,80000
A,data/input/set2/250_10_1439_5_S_1-124.dat,moead,10,10,0,0,1.0,10,0,80000
A,data/input/set2/250_10_1439_5_S_1-124.dat,spea2,10,10,0,0,1.0,10,0,80000
A,data/input/set2/250_10_1439_5_S_1-124.dat,vns_vnd,10,10,0,0,1.0,10,0,80000
A,data/input/set2/250_10_1439_5_S_1-9.dat,moead,10,10,0,0,1.0,10,0,80000
A,data/input/set2/250_10_1439_5_S_1-9.dat,spea2,10,10,0,0,1.0,10,0,80000
A,data/input/set2/250_10_1439_5_S_1-9.dat,vns_vnd,10,10,0,0,1.0,10,0,80000
A,data/input/set2/250_20_1439_5_S_1-124.dat,moead,10,10,0,0,1.0,10,0,80000
A,data/input/set2/250_20_1439_5_S_1-124.dat,spea2,10,10,0,0,1.0,10,0,80000
A,data/input/set2/250_20_1439_5_S_1-124.dat,vns_vnd,10,10,0,0,1.0,10,0,80000
A,data/input/set2/250_20_1439_5_S_1-9.dat,moead,10,10,0,0,1.0,10,0,80000
A,data/input/set2/250_20_1439_5_S_1-9.dat,spea2,10,10,0,0,1.0,10,0,80000
A,data/input/set2/250_20_1439_5_S_1-9.dat,vns_vnd,10,10,0,0,1.0,10,0,80000
A,data/input/set2/50_10_1439_5_S_1-124.dat,moead,10,10,0,0,1.0,10,0,80000
A,data/input/set2/50_10_1439_5_S_1-124.dat,spea2,10,10,0,0,1.0,10,0,80000
A,data/input/set2/50_10_1439_5_S_1-124.dat,vns_vnd,10,10,0,0,1.0,10,0,80000
A,data/input/set2/50_10_1439_5_S_1-9.dat,moead,10,10,0,0,1.0,10,0,80000
A,data/input/set2/50_10_1439_5_S_1-9.dat,spea2,10,10,0,0,1.0,10,0,80000
A,data/input/set2/50_10_1439_5_S_1-9.dat,vns_vnd,10,10,0,0,1.0,10,0,80000
A,data/input/set2/50_20_1439_5_S_1-124.dat,moead,10,10,0,0,1.0,10,0,80000
A,data/input/set2/50_20_1439_5_S_1-124.dat,spea2,10,10,0,0,1.0,10,0,80000
A,data/input/set2/50_20_1439_5_S_1-124.dat,vns_vnd,10,10,0,0,1.0,10,0,80000
A,data/input/set2/50_20_1439_5_S_1-9.dat,moead,10,10,0,0,1.0,10,0,80000
A,data/input/set2/50_20_1439_5_S_1-9.dat,spea2,10,10,0,0,1.0,10,0,80000
A,data/input/set2/50_20_1439_5_S_1-9.dat,vns_vnd,10,10,0,0,1.0,10,0,80000
B,data/input/set2/750_10_1439_5_S_1-124.dat,moead,5,5,0,0,1.0,5,0,10000
B,data/input/set2/750_10_1439_5_S_1-124.dat,spea2,5,5,0,0,1.0,5,0,10000
B,data/input/set2/750_10_1439_5_S_1-124.dat,vns_vnd,5,5,0,0,1.0,5,0,10000
B,data/input/set2/750_10_1439_5_S_1-9.dat,moead,5,5,0,0,1.0,5,0,10000
B,data/input/set2/750_10_1439_5_S_1-9.dat,spea2,5,5,0,0,1.0,5,0,10000
B,data/input/set2/750_10_1439_5_S_1-9.dat,vns_vnd,5,0,5,0,0.0,0,1000,0
B,data/input/set2/750_20_1439_5_S_1-124.dat,moead,5,5,0,0,1.0,5,0,10000
B,data/input/set2/750_20_1439_5_S_1-124.dat,spea2,5,5,0,0,1.0,5,0,10000
B,data/input/set2/750_20_1439_5_S_1-124.dat,vns_vnd,5,5,0,0,1.0,5,0,10000
B,data/input/set2/750_20_1439_5_S_1-9.dat,moead,5,5,0,0,1.0,5,0,10000
B,data/input/set2/750_20_1439_5_S_1-9.dat,spea2,5,5,0,0,1.0,5,0,10000
B,data/input/set2/750_20_1439_5_S_1-9.dat,vns_vnd,5,5,0,0,1.0,5,0,10000
C,data/input/set2/250_10_1439_5_S_1-9.dat,moead,5,5,0,0,1.0,5,0,100000
C,data/input/set2/250_10_1439_5_S_1-9.dat,spea2,5,5,0,0,1.0,5,0,100000
C,data/input/set2/250_10_1439_5_S_1-9.dat,vns_vnd,5,5,0,0,1.0,5,0,100000
