experiment,instance,algorithm,seed,max_evaluations,hv,igd_plus,reference_type,reference_source
A,data/input/set2/250_10_1439_5_S_1-9.dat,vns_vnd,101,8000,0.05398531626260588,0.8650492635789623,empirical,empirical_reference_fronts/A__250_10_1439_5_S_1-9.json
A,data/input/set2/250_10_1439_5_S_1-9.dat,spea2,101,8000,0.9374321424107019,0.0037833034863781717,empirical,empirical_reference_fronts/A__250_10_1439_5_S_1-9.json
A,data/input/set2/250_10_1439_5_S_1-9.dat,moead,101,8000,0.9267736634762097,0.00878345422083123,empirical,empirical_reference_fronts/A__250_10_1439_5_S_1-9.json
A,data/input/set2/250_10_1439_5_S_1-9.dat,spea2,211,8000,0.9392440279221301,0.0017907371125879291,empirical,empirical_reference_fronts/A__250_10_1439_5_S_1-9.json
A,data/input/set2/250_10_1439_5_S_1-9.dat,moead,211,8000,0.9196155958077116,0.014435337978089774,empirical,empirical_reference_fronts/A__250_10_1439_5_S_1-9.json
A,data/input/set2/250_10_1439_5_S_1-9.dat,vns_vnd,211,8000,0.04560423152429075,0.8753549942850583,empirical,empirical_reference_fronts/A__250_10_1439_5_S_1-9.json
A,data/input/set2/250_10_1439_5_S_1-9.dat,moead,307,8000,0.9209205414079367,0.01199574947309427,empirical,empirical_reference_fronts/A__250_10_1439_5_S_1-9.json
A,data/input/set2/250_10_1439_5_S_1-9.dat,vns_vnd,307,8000,0.04461054477457772,0.8759159703560312,empirical,empirical_reference_fronts/A__250_10_1439_5_S_1-9.json
A,data/input/set2/250_10_1439_5_S_1-9.dat,spea2,307,8000,0.9304756472216609,0.006347012074735228,empirical,empirical_reference_fronts/A__250_10_1439_5_S_1-9.json
A,data/input/set2/250_10_1439_5_S_1-9.dat,vns_vnd,401,8000,0.04561367963060193,0.8724364678356857,empirical,empirical_reference_fronts/A__250_10_1439_5_S_1-9.json
A,data/input/set2/250_10_1439_5_S_1-9.dat,spea2,401,8000,0.9369044228395473,0.006478753792626464,empirical,empirical_reference_fronts/A__250_10_1439_5_S_1-9.json
A,data/input/set2/250_10_1439_5_S_1-9.dat,moead,401,8000,0.9415233034174675,0.002489979929800214,empirical,empirical_reference_fronts/A__250_10_1439_5_S_1-9.json
A,data/input/set2/250_10_1439_5_S_1-9.dat,spea2,503,8000,0.9318461334339216,0.005988415154364214,empirical,empirical_reference_fronts/A__250_10_1439_5_S_1-9.json
A,data/input/set2/250_10_1439_5_S_1-9.dat,moead,503,8000,0.9240782189472203,0.012804579538750296,empirical,empirical_reference_fronts/A__250_10_1439_5_S_1-9.json
A,data/input/set2/250_10_1439_5_S_1-9.dat,vns_vnd,503,8000,0.04627461116077773,0.8710509404181048,empirical,empirical_reference_fronts/A__250_10_1439_5_S_1-9.json
A,data/input/set2/250_10_1439_5_S_1-9.dat,moead,601,8000,0.9203091831103847,0.012637089505709204,empirical,empirical_reference_fronts/A__250_10_1439_5_S_1-9.json
A,data/input/set2/250_10_1439_5_S_1-9.dat,vns_vnd,601,8000,0.0457223154109814,0.8720425237396602,empirical,empirical_reference_fronts/A__250_10_1439_5_S_1-9.json
A,data/input/set2/250_10_1439_5_S_1-9.dat,spea2,601,8000,0.9467481042837267,0.0007317393537933131,empirical,empirical_reference_fronts/A__250_10_1439_5_S_1-9.json
A,data/input/set2/250_10_1439_5_S_1-9.dat,vns_vnd,701,8000,0.05088770562883655,0.8677515128002207,empirical,empirical_reference_fronts/A__250_10_1439_5_S_1-9.json
A,data/input/set2/250_10_1439_5_S_1-9.dat,spea2,701,8000,0.9371591130180281,0.0040376608266875225,empirical,empirical_reference_fronts/A__250_10_1439_5_S_1-9.json
A,data/input/set2/250_10_1439_5_S_1-9.dat,moead,701,8000,0.9241597833772737,0.009955792057046926,empirical,empirical_reference_fronts/A__250_10_1439_5_S_1-9.json
A,data/input/set2/250_10_1439_5_S_1-9.dat,spea2,809,8000,0.9419450474035085,0.0008836437272309312,empirical,empirical_reference_fronts/A__250_10_1439_5_S_1-9.json
A,data/input/set2/250_10_1439_5_S_1-9.dat,moead,809,8000,0.9247112380372029,0.011795187124183598,empirical,empirical_reference_fronts/A__250_10_1439_5_S_1-9.json
A,data/input/set2/250_10_1439_5_S_1-9.dat,vns_vnd,809,8000,0.04779219892178256,0.8753078820069772,empirical,empirical_reference_fronts/A__250_10_1439_5_S_1-9.json
A,data/input/set2/250_10_1439_5_S_1-9.dat,moead,907,8000,0.9162254292859052,0.019224333258320164,empirical,empirical_reference_fronts/A__250_10_1439_5_S_1-9.json
A,data/input/set2/250_10_1439_5_S_1-9.dat,vns_vnd,907,8000,0.04588072170832168,0.8731346178654795,empirical,empirical_reference_fronts/A__250_10_1439_5_S_1-9.json
A,data/input/set2/250_10_1439_5_S_1-9.dat,spea2,907,8000,0.9395294932493744,0.0025562937642254944,empirical,empirical_reference_fronts/A__250_10_1439_5_S_1-9.json
A,data/input/set2/250_10_1439_5_S_1-9.dat,vns_vnd,1009,8000,0.04731316684734053,0.8733624086704742,empirical,empirical_reference_fronts/A__250_10_1439_5_S_1-9.json
A,data/input/set2/250_10_1439_5_S_1-9.dat,spea2,1009,8000,0.9352621784467954,0.00649741022573236,empirical,empirical_reference_fronts/A__250_10_1439_5_S_1-9.json
A,data/input/set2/250_10_1439_5_S_1-9.dat,moead,1009,8000,0.9110938953754237,0.022716526434606223,empirical,empirical_reference_fronts/A__250_10_1439_5_S_1-9.json
A,data/input/set1/6_2_1439_3_S_1-9.dat,spea2,101,8000,1.082992717382514,0.000689724395899994,exact,data/baselines/6_2_1439_3_S_1-9_custom_exact_dp.json
A,data/input/set1/6_2_1439_3_S_1-9.dat,moead,101,8000,1.0804764140137786,0.000765736363195421,exact,data/baselines/6_2_1439_3_S_1-9_custom_exact_dp.json
A,data/input/set1/6_2_1439_3_S_1-9.dat,vns_vnd,101,8000,1.0730787680266678,0.002489181340876345,exact,data/baselines/6_2_1439_3_S_1-9_custom_exact_dp.json
A,data/input/set1/6_2_1439_3_S_1-9.dat,moead,211,8000,1.08175804653095,0.0007277560825464211,exact,data/baselines/6_2_1439_3_S_1-9_custom_exact_dp.json
A,data/input/set1/6_2_1439_3_S_1-9.dat,vns_vnd,211,8000,1.0782750638451795,0.0023440122308808153,exact,data/baselines/6_2_1439_3_S_1-9_custom_exact_dp.json
A,data/input/set1/6_2_1439_3_S_1-9.dat,spea2,211,8000,1.082973143360029,0.000778049517707586,exact,data/baselines/6_2_1439_3_S_1-9_custom_exact_dp.json
A,data/input/set1/6_2_1439_3_S_1-9.dat,vns_vnd,307,8000,1.066014324709448,0.005775179360383605,exact,data/baselines/6_2_1439_3_S_1-9_custom_exact_dp.json
A,data/input/set1/6_2_1439_3_S_1-9.dat,spea2,307,8000,1.08306377047079,0.00048522498090593485,exact,data/baselines/6_2_1439_3_S_1-9_custom_exact_dp.json
A,data/input/set1/6_2_1439_3_S_1-9.dat,moead,307,8000,1.0828323996396423,0.0012828688926582728,exact,data/baselines/6_2_1439_3_S_1-9_custom_exact_dp.json
A,data/input/set1/6_2_1439_3_S_1-9.dat,spea2,401,8000,1.0830694249739936,0.0004511754729213252,exact,data/baselines/6_2_1439_3_S_1-9_custom_exact_dp.json
A,data/input/set1/6_2_1439_3_S_1-9.dat,moead,401,8000,1.0828779878226313,0.001022000579230908,exact,data/baselines/6_2_1439_3_S_1-9_custom_exact_dp.json
A,data/input/set1/6_2_1439_3_S_1-9.dat,vns_vnd,401,8000,1.066085748562224,0.005366644212511765,exact,data/baselines/6_2_1439_3_S_1-9_custom_exact_dp.json
A,data/input/set1/6_2_1439_3_S_1-9.dat,moead,503,8000,1.0813151566199393,0.0021919012217671862,exact,data/baselines/6_2_1439_3_S_1-9_custom_exact_dp.json
A,data/input/set1/6_2_1439_3_S_1-9.dat,vns_vnd,503,8000,1.0790477768180726,0.0014894824907529557,exact,data/baselines/6_2_1439_3_S_1-9_custom_exact_dp.json
A,data/input/set1/6_2_1439_3_S_1-9.dat,spea2,503,8000,1.0829753844867096,0.0007200253667684958,exact,data/baselines/6_2_1439_3_S_1-9_custom_exact_dp.json
A,data/input/set1/6_2_1439_3_S_1-9.dat,vns_vnd,601,8000,1.0771128464414905,0.0015116319439976962,exact,data/baselines/6_2_1439_3_S_1-9_custom_exact_dp.json
A,data/input/set1/6_2_1439_3_S_1-9.dat,spea2,601,8000,1.0829995813498399,0.0006605039976907169,exact,data/baselines/6_2_1439_3_S_1-9_custom_exact_dp.json
A,data/input/set1/6_2_1439_3_S_1-9.dat,moead,601,8000,1.0827905425328688,0.0014168397684867565,exact,data/baselines/6_2_1439_3_S_1-9_custom_exact_dp.json
A,data/input/set1/6_2_1439_3_S_1-9.dat,spea2,701,8000,1.0829959267696463,0.0005958663897306684,exact,data/baselines/6_2_1439_3_S_1-9_custom_exact_dp.json
A,data/input/set1/6_2_1439_3_S_1-9.dat,moead,701,8000,1.082791337126676,0.0012619953508386387,exact,data/baselines/6_2_1439_3_S_1-9_custom_exact_dp.json
A,data/input/set1/6_2_1439_3_S_1-9.dat,vns_vnd,701,8000,1.079718920303378,0.001402136406790928,exact,data/baselines/6_2_1439_3_S_1-9_custom_exact_dp.json
A,data/input/set1/6_2_1439_3_S_1-9.dat,moead,809,8000,1.0829138348230747,0.0008907984735705923,exact,data/baselines/6_2_1439_3_S_1-9_custom_exact_dp.json
A,data/input/set1/6_2_1439_3_S_1-9.dat,vns_vnd,809,8000,1.0797258752389451,0.0014058643858618407,exact,data/baselines/6_2_1439_3_S_1-9_custom_exact_dp.json
A,data/input/set1/6_2_1439_3_S_1-9.dat,spea2,809,8000,1.0830908679803535,0.00032206008830697495,exact,data/baselines/6_2_1439_3_S_1-9_custom_exact_dp.json
A,data/input/set1/6_2_1439_3_S_1-9.dat,vns_vnd,907,8000,1.0750650720285797,0.002175416758626307,exact,data/baselines/6_2_1439_3_S_1-9_custom_exact_dp.json
A,data/input/set1/6_2_1439_3_S_1-9.dat,spea2,907,8000,1.0829873240684287,0.000765657504006784,exact,data/baselines/6_2_1439_3_S_1-9_custom_exact_dp.json
A,data/input/set1/6_2_1439_3_S_1-9.dat,moead,907,8000,1.0822818166406805,0.000990928987666887,exact,data/baselines/6_2_1439_3_S_1-9_custom_exact_dp.json
A,data/input/set1/6_2_1439_3_S_1-9.dat,spea2,1009,8000,1.0828919156117531,0.0010564125140127996,exact,data/baselines/6_2_1439_3_S_1-9_custom_exact_dp.json
A,data/input/set1/6_2_1439_3_S_1-9.dat,moead,1009,8000,1.0814605679759373,0.0017671047848161212,exact,data/baselines/6_2_1439_3_S_1-9_custom_exact_dp.json
A,data/input/set1/6_2_1439_3_S_1-9.dat,vns_vnd,1009,8000,1.0545989949204937,0.005680674092077192,exact,data/baselines/6_2_1439_3_S_1-9_custom_exact_dp.json
A,data/input/set1/7_2_1439_3_S_1-9.dat,moead,101,8000,1.0818730134721108,0.0006318752505297601,exact,data/baselines/7_2_1439_3_S_1-9_custom_exact_dp.json
A,data/input/set1/7_2_1439_3_S_1-9.dat,vns_vnd,101,8000,1.0715476619481774,0.002542842739404225,exact,data/baselines/7_2_1439_3_S_1-9_custom_exact_dp.json
A,data/input/set1/7_2_1439_3_S_1-9.dat,spea2,101,8000,1.081976217538326,0.0,exact,data/baselines/7_2_1439_3_S_1-9_custom_exact_dp.json
A,data/input/set1/7_2_1439_3_S_1-9.dat,vns_vnd,211,8000,1.073939407998277,0.0015473217268000214,exact,data/baselines/7_2_1439_3_S_1-9_custom_exact_dp.json
A,data/input/set1/7_2_1439_3_S_1-9.dat,spea2,211,8000,1.0819502038879532,0.00021242535629132324,exact,data/baselines/7_2_1439_3_S_1-9_custom_exact_dp.json
A,data/input/set1/7_2_1439_3_S_1-9.dat,moead,211,8000,1.0817614911323148,0.0008325932042639168,exact,data/baselines/7_2_1439_3_S_1-9_custom_exact_dp.json
A,data/input/set1/7_2_1439_3_S_1-9.dat,spea2,307,8000,1.081971363122698,7.302468234263171e-05,exact,data/baselines/7_2_1439_3_S_1-9_custom_exact_dp.json
A,data/input/set1/7_2_1439_3_S_1-9.dat,moead,307,8000,1.0818455764769883,0.0005839205689439087,exact,data/baselines/7_2_1439_3_S_1-9_custom_exact_dp.json
A,data/input/set1/7_2_1439_3_S_1-9.dat,vns_vnd,307,8000,1.0803169856269021,0.0019483165572246736,exact,data/baselines/7_2_1439_3_S_1-9_custom_exact_dp.json
A,data/input/set1/7_2_1439_3_S_1-9.dat,moead,401,8000,1.080348904807927,0.001151528149763115,exact,data/baselines/7_2_1439_3_S_1-9_custom_exact_dp.json
A,data/input/set1/7_2_1439_3_S_1-9.dat,vns_vnd,401,8000,1.076441833093711,0.0014700628197603786,exact,data/baselines/7_2_1439_3_S_1-9_custom_exact_dp.json
A,data/input/set1/7_2_1439_3_S_1-9.dat,spea2,401,8000,1.0812605289507324,0.0004210297288090046,exact,data/baselines/7_2_1439_3_S_1-9_custom_exact_dp.json
A,data/input/set1/7_2_1439_3_S_1-9.dat,vns_vnd,503,8000,1.0666700373894062,0.003718698558648963,exact,data/baselines/7_2_1439_3_S_1-9_custom_exact_dp.json
A,data/input/set1/7_2_1439_3_S_1-9.dat,spea2,503,8000,1.0819608712589652,0.00011805316891412775,exact,data/baselines/7_2_1439_3_S_1-9_custom_exact_dp.json
A,data/input/set1/7_2_1439_3_S_1-9.dat,moead,503,8000,1.0811634579960374,0.0008901154807087145,exact,data/baselines/7_2_1439_3_S_1-9_custom_exact_dp.json
A,data/input/set1/7_2_1439_3_S_1-9.dat,spea2,601,8000,1.0819579011357763,0.00012779319409960565,exact,data/baselines/7_2_1439_3_S_1-9_custom_exact_dp.json
A,data/input/set1/7_2_1439_3_S_1-9.dat,moead,601,8000,1.0811342813573332,0.0006848441181276217,exact,data/baselines/7_2_1439_3_S_1-9_custom_exact_dp.json
A,data/input/set1/7_2_1439_3_S_1-9.dat,vns_vnd,601,8000,1.06294468592289,0.004305636159056313,exact,data/baselines/7_2_1439_3_S_1-9_custom_exact_dp.json
A,data/input/set1/7_2_1439_3_S_1-9.dat,moead,701,8000,1.081194524713135,0.0005974687130697764,exact,data/baselines/7_2_1439_3_S_1-9_custom_exact_dp.json
A,data/input/set1/7_2_1439_3_S_1-9.dat,vns_vnd,701,8000,1.0672854573182478,0.003956599962071743,exact,data/baselines/7_2_1439_3_S_1-9_custom_exact_dp.json
A,data/input/set1/7_2_1439_3_S_1-9.dat,spea2,701,8000,1.0819606436780973,0.0001277931940996054,exact,data/baselines/7_2_1439_3_S_1-9_custom_exact_dp.json
A,data/input/set1/7_2_1439_3_S_1-9.dat,vns_vnd,809,8000,1.0798367352329352,0.0007336429780408434,exact,data/baselines/7_2_1439_3_S_1-9_custom_exact_dp.json
A,data/input/set1/7_2_1439_3_S_1-9.dat,spea2,809,8000,1.0819732088421086,5.47793257079989e-05,exact,data/baselines/7_2_1439_3_S_1-9_custom_exact_dp.json
A,data/input/set1/7_2_1439_3_S_1-9.dat,moead,809,8000,1.0804209495817765,0.0009556338642768341,exact,data/baselines/7_2_1439_3_S_1-9_custom_exact_dp.json
A,data/input/set1/7_2_1439_3_S_1-9.dat,spea2,907,8000,1.0819556330417044,0.00019490111325977624,exact,data/baselines/7_2_1439_3_S_1-9_custom_exact_dp.json
A,data/input/set1/7_2_1439_3_S_1-9.dat,moead,907,8000,1.0810232469663468,0.0008142731619618081,exact,data/baselines/7_2_1439_3_S_1-9_custom_exact_dp.json
A,data/input/set1/7_2_1439_3_S_1-9.dat,vns_vnd,907,8000,1.0673065259063763,0.0039806068673292295,exact,data/baselines/7_2_1439_3_S_1-9_custom_exact_dp.json
A,data/input/set1/7_2_1439_3_S_1-9.dat,moead,1009,8000,1.0817283954739219,0.001135960861049748,exact,data/baselines/7_2_1439_3_S_1-9_custom_exact_dp.json
A,data/input/set1/7_2_1439_3_S_1-9.dat,vns_vnd,1009,8000,1.067164798956668,0.004647865636992401,exact,data/baselines/7_2_1439_3_S_1-9_custom_exact_dp.json
A,data/input/set1/7_2_1439_3_S_1-9.dat,spea2,1009,8000,1.0819437949792792,0.0002920987293705271,exact,data/baselines/7_2_1439_3_S_1-9_custom_exact_dp.json
A,data/input/set1/8_2_1439_3_S_1-9.dat,vns_vnd,101,8000,1.0603590326667174,0.009410324898644476,exact,data/baselines/8_2_1439_3_S_1-9_custom_exact_dp.json
A,data/input/set1/8_2_1439_3_S_1-9.dat,spea2,101,8000,1.0770824512418589,0.0024369289649958815,exact,data/baselines/8_2_1439_3_S_1-9_custom_exact_dp.json
A,data/input/set1/8_2_1439_3_S_1-9.dat,moead,101,8000,1.0739330608537971,0.0014882809177223727,exact,data/baselines/8_2_1439_3_S_1-9_custom_exact_dp.json
A,data/input/set1/8_2_1439_3_S_1-9.dat,spea2,211,8000,1.0745861869080338,0.001708139984155071,exact,data/baselines/8_2_1439_3_S_1-9_custom_exact_dp.json
A,data/input/set1/8_2_1439_3_S_1-9.dat,moead,211,8000,1.0739260926500085,0.003202970937760685,exact,data/baselines/8_2_1439_3_S_1-9_custom_exact_dp.json
A,data/input/set1/8_2_1439_3_S_1-9.dat,vns_vnd,211,8000,1.0647167392540886,0.0033522840905051226,exact,data/baselines/8_2_1439_3_S_1-9_custom_exact_dp.json
A,data/input/set1/8_2_1439_3_S_1-9.dat,moead,307,8000,1.071870182325959,0.0014005211524960167,exact,data/baselines/8_2_1439_3_S_1-9_custom_exact_dp.json
A,data/input/set1/8_2_1439_3_S_1-9.dat,vns_vnd,307,8000,1.0702801730303468,0.002782692968221685,exact,data/baselines/8_2_1439_3_S_1-9_custom_exact_dp.json
A,data/input/set1/8_2_1439_3_S_1-9.dat,spea2,307,8000,1.0755327018287324,0.0032182103392485065,exact,data/baselines/8_2_1439_3_S_1-9_custom_exact_dp.json
A,data/input/set1/8_2_1439_3_S_1-9.dat,vns_vnd,401,8000,1.0617484125565009,0.00961540950234931,exact,data/baselines/8_2_1439_3_S_1-9_custom_exact_dp.json
A,data/input/set1/8_2_1439_3_S_1-9.dat,spea2,401,8000,1.0774236818454996,0.0007101656811168424,exact,data/baselines/8_2_1439_3_S_1-9_custom_exact_dp.json
A,data/input/set1/8_2_1439_3_S_1-9.dat,moead,401,8000,1.0739954779171172,0.0011349062834407645,exact,data/baselines/8_2_1439_3_S_1-9_custom_exact_dp.json
A,data/input/set1/8_2_1439_3_S_1-9.dat,spea2,503,8000,1.0740953131483715,0.005168291112389402,exact,data/baselines/8_2_1439_3_S_1-9_custom_exact_dp.json
A,data/input/set1/8_2_1439_3_S_1-9.dat,moead,503,8000,1.0727286884359668,0.003077475409943681,exact,data/baselines/8_2_1439_3_S_1-9_custom_exact_dp.json
A,data/input/set1/8_2_1439_3_S_1-9.dat,vns_vnd,503,8000,1.0630489870493647,0.0053825125308051315,exact,data/baselines/8_2_1439_3_S_1-9_custom_exact_dp.json
A,data/input/set1/8_2_1439_3_S_1-9.dat,moead,601,8000,1.072181329498157,0.002120325657475967,exact,data/baselines/8_2_1439_3_S_1-9_custom_exact_dp.json
A,data/input/set1/8_2_1439_3_S_1-9.dat,vns_vnd,601,8000,1.066384949455738,0.004658949825352764,exact,data/baselines/8_2_1439_3_S_1-9_custom_exact_dp.json
A,data/input/set1/8_2_1439_3_S_1-9.dat,spea2,601,8000,1.0770844549999103,0.0016927587364946692,exact,data/baselines/8_2_1439_3_S_1-9_custom_exact_dp.json
A,data/input/set1/8_2_1439_3_S_1-9.dat,vns_vnd,701,8000,1.0490299025103975,0.016234262755869998,exact,data/baselines/8_2_1439_3_S_1-9_custom_exact_dp.json
A,data/input/set1/8_2_1439_3_S_1-9.dat,spea2,701,8000,1.0774625641443238,0.0005104928298859782,exact,data/baselines/8_2_1439_3_S_1-9_custom_exact_dp.json
A,data/input/set1/8_2_1439_3_S_1-9.dat,moead,701,8000,1.0766308938550382,0.0009528759388819134,exact,data/baselines/8_2_1439_3_S_1-9_custom_exact_dp.json
A,data/input/set1/8_2_1439_3_S_1-9.dat,spea2,809,8000,1.0770968125515223,0.0025842276529360244,exact,data/baselines/8_2_1439_3_S_1-9_custom_exact_dp.json
A,data/input/set1/8_2_1439_3_S_1-9.dat,moead,809,8000,1.0729584975684279,0.0025363601246141364,exact,data/baselines/8_2_1439_3_S_1-9_custom_exact_dp.json
A,data/input/set1/8_2_1439_3_S_1-9.dat,vns_vnd,809,8000,1.061685712597519,0.0052265016840927665,exact,data/baselines/8_2_1439_3_S_1-9_custom_exact_dp.json
A,data/input/set1/8_2_1439_3_S_1-9.dat,moead,907,8000,1.071710411916344,0.005698892638980298,exact,data/baselines/8_2_1439_3_S_1-9_custom_exact_dp.json
A,data/input/set1/8_2_1439_3_S_1-9.dat,vns_vnd,907,8000,1.0600957723948934,0.004322192474205913,exact,data/baselines/8_2_1439_3_S_1-9_custom_exact_dp.json
A,data/input/set1/8_2_1439_3_S_1-9.dat,spea2,907,8000,1.0778943344203809,0.0008581586828130169,exact,data/baselines/8_2_1439_3_S_1-9_custom_exact_dp.json
A,data/input/set1/8_2_1439_3_S_1-9.dat,vns_vnd,1009,8000,1.0630722026924864,0.005020892310406229,exact,data/baselines/8_2_1439_3_S_1-9_custom_exact_dp.json
A,data/input/set1/8_2_1439_3_S_1-9.dat,spea2,1009,8000,1.0768823780140524,0.00030474687531299136,exact,data/baselines/8_2_1439_3_S_1-9_custom_exact_dp.json
A,data/input/set1/8_2_1439_3_S_1-9.dat,moead,1009,8000,1.0736330399040308,0.005510205875351213,exact,data/baselines/8_2_1439_3_S_1-9_custom_exact_dp.json
A,data/input/set1/9_2_1439_3_S_1-9.dat,spea2,101,8000,1.0793537898767045,0.0011680932007027628,exact,data/baselines/9_2_1439_3_S_1-9_custom_exact_dp.json
A,data/input/set1/9_2_1439_3_S_1-9.dat,moead,101,8000,1.0784005294443484,0.0018880160533087716,exact,data/baselines/9_2_1439_3_S_1-9_custom_exact_dp.json
A,data/input/set1/9_2_1439_3_S_1-9.dat,vns_vnd,101,8000,1.0590226231534767,0.006148519724614893,exact,data/baselines/9_2_1439_3_S_1-9_custom_exact_dp.json
A,data/input/set1/9_2_1439_3_S_1-9.dat,moead,211,8000,1.07913334248818,0.0017014604542389719,exact,data/baselines/9_2_1439_3_S_1-9_custom_exact_dp.json
A,data/input/set1/9_2_1439_3_S_1-9.dat,vns_vnd,211,8000,1.060638315279356,0.004102535560060964,exact,data/baselines/9_2_1439_3_S_1-9_custom_exact_dp.json
A,data/input/set1/9_2_1439_3_S_1-9.dat,spea2,211,8000,1.0793130294939248,0.001369058521822134,exact,data/baselines/9_2_1439_3_S_1-9_custom_exact_dp.json
A,data/input/set1/9_2_1439_3_S_1-9.dat,vns_vnd,307,8000,1.0693463638777545,0.0054322237243643245,exact,data/baselines/9_2_1439_3_S_1-9_custom_exact_dp.json
A,data/input/set1/9_2_1439_3_S_1-9.dat,spea2,307,8000,1.0792620993376425,0.0015346083021866464,exact,data/baselines/9_2_1439_3_S_1-9_custom_exact_dp.json
A,data/input/set1/9_2_1439_3_S_1-9.dat,moead,307,8000,1.0791421358326851,0.002187580437229866,exact,data/baselines/9_2_1439_3_S_1-9_custom_exact_dp.json
A,data/input/set1/9_2_1439_3_S_1-9.dat,spea2,401,8000,1.0786861640352263,0.0011076197415375909,exact,data/baselines/9_2_1439_3_S_1-9_custom_exact_dp.json
A,data/input/set1/9_2_1439_3_S_1-9.dat,moead,401,8000,1.0791479013987382,0.0018177810765640254,exact,data/baselines/9_2_1439_3_S_1-9_custom_exact_dp.json
A,data/input/set1/9_2_1439_3_S_1-9.dat,vns_vnd,401,8000,1.0563872105310512,0.005421616799372309,exact,data/baselines/9_2_1439_3_S_1-9_custom_exact_dp.json
A,data/input/set1/9_2_1439_3_S_1-9.dat,moead,503,8000,1.078339244103094,0.0021142000405047863,exact,data/baselines/9_2_1439_3_S_1-9_custom_exact_dp.json
A,data/input/set1/9_2_1439_3_S_1-9.dat,vns_vnd,503,8000,1.0439006108226105,0.007726231612281883,exact,data/baselines/9_2_1439_3_S_1-9_custom_exact_dp.json
A,data/input/set1/9_2_1439_3_S_1-9.dat,spea2,503,8000,1.0777759709051813,0.0017803250825820173,exact,data/baselines/9_2_1439_3_S_1-9_custom_exact_dp.json
A,data/input/set1/9_2_1439_3_S_1-9.dat,vns_vnd,601,8000,1.049611281902554,0.006668762762713292,exact,data/baselines/9_2_1439_3_S_1-9_custom_exact_dp.json
A,data/input/set1/9_2_1439_3_S_1-9.dat,spea2,601,8000,1.07934211443419,0.001162663564001851,exact,data/baselines/9_2_1439_3_S_1-9_custom_exact_dp.json
A,data/input/set1/9_2_1439_3_S_1-9.dat,moead,601,8000,1.0782725626486895,0.002790263209662235,exact,data/baselines/9_2_1439_3_S_1-9_custom_exact_dp.json
A,data/input/set1/9_2_1439_3_S_1-9.dat,spea2,701,8000,1.0793943607379084,0.001015115794865887,exact,data/baselines/9_2_1439_3_S_1-9_custom_exact_dp.json
A,data/input/set1/9_2_1439_3_S_1-9.dat,moead,701,8000,1.0761803592664612,0.002946888089529445,exact,data/baselines/9_2_1439_3_S_1-9_custom_exact_dp.json
A,data/input/set1/9_2_1439_3_S_1-9.dat,vns_vnd,701,8000,1.046366884033327,0.00962311102793687,exact,data/baselines/9_2_1439_3_S_1-9_custom_exact_dp.json
A,data/input/set1/9_2_1439_3_S_1-9.dat,moead,809,8000,1.0791868866721925,0.0017187567029734745,exact,data/baselines/9_2_1439_3_S_1-9_custom_exact_dp.json
A,data/input/set1/9_2_1439_3_S_1-9.dat,vns_vnd,809,8000,1.051696478009889,0.006373911754857551,exact,data/baselines/9_2_1439_3_S_1-9_custom_exact_dp.json
A,data/input/set1/9_2_1439_3_S_1-9.dat,spea2,809,8000,1.08009014720237,0.0010240719473688384,exact,data/baselines/9_2_1439_3_S_1-9_custom_exact_dp.json
A,data/input/set1/9_2_1439_3_S_1-9.dat,vns_vnd,907,8000,1.0496251650520707,0.011690800021693338,exact,data/baselines/9_2_1439_3_S_1-9_custom_exact_dp.json
A,data/input/set1/9_2_1439_3_S_1-9.dat,spea2,907,8000,1.079428041233913,0.0008936202147895741,exact,data/baselines/9_2_1439_3_S_1-9_custom_exact_dp.json
A,data/input/set1/9_2_1439_3_S_1-9.dat,moead,907,8000,1.0784719233641866,0.0017713694475232661,exact,data/baselines/9_2_1439_3_S_1-9_custom_exact_dp.json
A,data/input/set1/9_2_1439_3_S_1-9.dat,spea2,1009,8000,1.0792127202979755,0.0014150169069059074,exact,data/baselines/9_2_1439_3_S_1-9_custom_exact_dp.json
A,data/input/set1/9_2_1439_3_S_1-9.dat,moead,1009,8000,1.0799176346158506,0.001382252630080702,exact,data/baselines/9_2_1439_3_S_1-9_custom_exact_dp.json
A,data/input/set1/9_2_1439_3_S_1-9.dat,vns_vnd,1009,8000,1.0450199411443544,0.010643981304088342,exact,data/baselines/9_2_1439_3_S_1-9_custom_exact_dp.json
A,data/input/set1/10_2_1439_3_S_1-9.dat,moead,101,8000,1.0733310521209787,0.0039083123940726605,exact,data/baselines/10_2_1439_3_S_1-9_custom_exact_dp.json
A,data/input/set1/10_2_1439_3_S_1-9.dat,vns_vnd,101,8000,1.0333667893991998,0.012254464470675599,exact,data/baselines/10_2_1439_3_S_1-9_custom_exact_dp.json
A,data/input/set1/10_2_1439_3_S_1-9.dat,spea2,101,8000,1.0770804824219944,0.001463010056704021,exact,data/baselines/10_2_1439_3_S_1-9_custom_exact_dp.json
A,data/input/set1/10_2_1439_3_S_1-9.dat,vns_vnd,211,8000,1.0435438717044099,0.01024925197234089,exact,data/baselines/10_2_1439_3_S_1-9_custom_exact_dp.json
A,data/input/set1/10_2_1439_3_S_1-9.dat,spea2,211,8000,1.0769748972825097,0.0018556420776614409,exact,data/baselines/10_2_1439_3_S_1-9_custom_exact_dp.json
A,data/input/set1/10_2_1439_3_S_1-9.dat,moead,211,8000,1.0725060816090692,0.002275590656091286,exact,data/baselines/10_2_1439_3_S_1-9_custom_exact_dp.json
A,data/input/set1/10_2_1439_3_S_1-9.dat,spea2,307,8000,1.0753423425743862,0.0018203474745023382,exact,data/baselines/10_2_1439_3_S_1-9_custom_exact_dp.json
A,data/input/set1/10_2_1439_3_S_1-9.dat,moead,307,8000,1.0693407040575644,0.001998043145490903,exact,data/baselines/10_2_1439_3_S_1-9_custom_exact_dp.json
A,data/input/set1/10_2_1439_3_S_1-9.dat,vns_vnd,307,8000,1.0496525876776428,0.00730999871290012,exact,data/baselines/10_2_1439_3_S_1-9_custom_exact_dp.json
A,data/input/set1/10_2_1439_3_S_1-9.dat,moead,401,8000,1.0755084912290045,0.0018931932710687192,exact,data/baselines/10_2_1439_3_S_1-9_custom_exact_dp.json
A,data/input/set1/10_2_1439_3_S_1-9.dat,vns_vnd,401,8000,1.0317683961826345,0.012591693615696667,exact,data/baselines/10_2_1439_3_S_1-9_custom_exact_dp.json
A,data/input/set1/10_2_1439_3_S_1-9.dat,spea2,401,8000,1.0783392975407697,0.0018290836823845887,exact,data/baselines/10_2_1439_3_S_1-9_custom_exact_dp.json
A,data/input/set1/10_2_1439_3_S_1-9.dat,vns_vnd,503,8000,1.0532632631884284,0.006716671225958684,exact,data/baselines/10_2_1439_3_S_1-9_custom_exact_dp.json
A,data/input/set1/10_2_1439_3_S_1-9.dat,spea2,503,8000,1.0770442517944756,0.0016079180373413705,exact,data/baselines/10_2_1439_3_S_1-9_custom_exact_dp.json
A,data/input/set1/10_2_1439_3_S_1-9.dat,moead,503,8000,1.0730238746137903,0.003755822724004197,exact,data/baselines/10_2_1439_3_S_1-9_custom_exact_dp.json
A,data/input/set1/10_2_1439_3_S_1-9.dat,spea2,601,8000,1.0783270435846388,0.0020650945550957684,exact,data/baselines/10_2_1439_3_S_1-9_custom_exact_dp.json
A,data/input/set1/10_2_1439_3_S_1-9.dat,moead,601,8000,1.0733159485232404,0.0023248210904493923,exact,data/baselines/10_2_1439_3_S_1-9_custom_exact_dp.json
A,data/input/set1/10_2_1439_3_S_1-9.dat,vns_vnd,601,8000,1.0376140660452826,0.01254403371269597,exact,data/baselines/10_2_1439_3_S_1-9_custom_exact_dp.json
A,data/input/set1/10_2_1439_3_S_1-9.dat,moead,701,8000,1.076829848784162,0.0017595309220992978,exact,data/baselines/10_2_1439_3_S_1-9_custom_exact_dp.json
A,data/input/set1/10_2_1439_3_S_1-9.dat,vns_vnd,701,8000,1.0351236295436517,0.00831296728866263,exact,data/baselines/10_2_1439_3_S_1-9_custom_exact_dp.json
A,data/input/set1/10_2_1439_3_S_1-9.dat,spea2,701,8000,1.0748387140848454,0.0023563832160742263,exact,data/baselines/10_2_1439_3_S_1-9_custom_exact_dp.json
A,data/input/set1/10_2_1439_3_S_1-9.dat,vns_vnd,809,8000,1.040149640612508,0.012948589160985305,exact,data/baselines/10_2_1439_3_S_1-9_custom_exact_dp.json
A,data/input/set1/10_2_1439_3_S_1-9.dat,spea2,809,8000,1.0740542610687493,0.005394957655637062,exact,data/baselines/10_2_1439_3_S_1-9_custom_exact_dp.json
A,data/input/set1/10_2_1439_3_S_1-9.dat,moead,809,8000,1.0664214978554445,0.002659714232223709,exact,data/baselines/10_2_1439_3_S_1-9_custom_exact_dp.json
A,data/input/set1/10_2_1439_3_S_1-9.dat,spea2,907,8000,1.0685502115065235,0.0025114963204456767,exact,data/baselines/10_2_1439_3_S_1-9_custom_exact_dp.json
A,data/input/set1/10_2_1439_3_S_1-9.dat,moead,907,8000,1.0702100255765998,0.0021339648533799816,exact,data/baselines/10_2_1439_3_S_1-9_custom_exact_dp.json
A,data/input/set1/10_2_1439_3_S_1-9.dat,vns_vnd,907,8000,1.0473755304409158,0.007069113772355156,exact,data/baselines/10_2_1439_3_S_1-9_custom_exact_dp.json
A,data/input/set1/10_2_1439_3_S_1-9.dat,moead,1009,8000,1.0734519833444858,0.0018350767319308392,exact,data/baselines/10_2_1439_3_S_1-9_custom_exact_dp.json
A,data/input/set1/10_2_1439_3_S_1-9.dat,vns_vnd,1009,8000,1.0430749461783713,0.009441436104787987,exact,data/baselines/10_2_1439_3_S_1-9_custom_exact_dp.json
A,data/input/set1/10_2_1439_3_S_1-9.dat,spea2,1009,8000,1.0782582057987684,0.0020542425469281624,exact,data/baselines/10_2_1439_3_S_1-9_custom_exact_dp.json
A,data/input/set2/50_10_1439_5_S_1-124.dat,vns_vnd,101,8000,0.7358819091582397,0.09449138807967537,empirical,empirical_reference_fronts/A__50_10_1439_5_S_1-124.json
A,data/input/set2/50_10_1439_5_S_1-124.dat,spea2,101,8000,0.8809704586310763,0.012461623545877425,empirical,empirical_reference_fronts/A__50_10_1439_5_S_1-124.json
A,data/input/set2/50_10_1439_5_S_1-124.dat,moead,101,8000,0.8804110889379715,0.01327915844114081,empirical,empirical_reference_fronts/A__50_10_1439_5_S_1-124.json
A,data/input/set2/50_10_1439_5_S_1-124.dat,spea2,211,8000,0.8773658787238391,0.027213531692018695,empirical,empirical_reference_fronts/A__50_10_1439_5_S_1-124.json
A,data/input/set2/50_10_1439_5_S_1-124.dat,moead,211,8000,0.8593215138304603,0.021660072326730843,empirical,empirical_reference_fronts/A__50_10_1439_5_S_1-124.json
A,data/input/set2/50_10_1439_5_S_1-124.dat,vns_vnd,211,8000,0.7282657636166022,0.10178039912024911,empirical,empirical_reference_fronts/A__50_10_1439_5_S_1-124.json
A,data/input/set2/50_10_1439_5_S_1-124.dat,moead,307,8000,0.8623999259041778,0.018848019227872853,empirical,empirical_reference_fronts/A__50_10_1439_5_S_1-124.json
A,data/input/set2/50_10_1439_5_S_1-124.dat,vns_vnd,307,8000,0.8066493484289042,0.04401315908685928,empirical,empirical_reference_fronts/A__50_10_1439_5_S_1-124.json
A,data/input/set2/50_10_1439_5_S_1-124.dat,spea2,307,8000,0.8775524602888344,0.027042125409398852,empirical,empirical_reference_fronts/A__50_10_1439_5_S_1-124.json
A,data/input/set2/50_10_1439_5_S_1-124.dat,vns_vnd,401,8000,0.7367383690048711,0.0929670814317577,empirical,empirical_reference_fronts/A__50_10_1439_5_S_1-124.json
A,data/input/set2/50_10_1439_5_S_1-124.dat,spea2,401,8000,0.8820172098842409,0.01410074133907892,empirical,empirical_reference_fronts/A__50_10_1439_5_S_1-124.json
A,data/input/set2/50_10_1439_5_S_1-124.dat,moead,401,8000,0.8788489260797504,0.015046499912093713,empirical,empirical_reference_fronts/A__50_10_1439_5_S_1-124.json
A,data/input/set2/50_10_1439_5_S_1-124.dat,spea2,503,8000,0.8785718819261543,0.018095257118307312,empirical,empirical_reference_fronts/A__50_10_1439_5_S_1-124.json
A,data/input/set2/50_10_1439_5_S_1-124.dat,moead,503,8000,0.8834540856243815,0.008345298998131395,empirical,empirical_reference_fronts/A__50_10_1439_5_S_1-124.json
A,data/input/set2/50_10_1439_5_S_1-124.dat,vns_vnd,503,8000,0.7059348669169259,0.11660814782199079,empirical,empirical_reference_fronts/A__50_10_1439_5_S_1-124.json
A,data/input/set2/50_10_1439_5_S_1-124.dat,moead,601,8000,0.8769113072905959,0.022586687404323878,empirical,empirical_reference_fronts/A__50_10_1439_5_S_1-124.json
A,data/input/set2/50_10_1439_5_S_1-124.dat,vns_vnd,601,8000,0.7481606505706208,0.08726554804948133,empirical,empirical_reference_fronts/A__50_10_1439_5_S_1-124.json
A,data/input/set2/50_10_1439_5_S_1-124.dat,spea2,601,8000,0.8784203789251004,0.025186049074825113,empirical,empirical_reference_fronts/A__50_10_1439_5_S_1-124.json
A,data/input/set2/50_10_1439_5_S_1-124.dat,vns_vnd,701,8000,0.6437959803065954,0.1706533439584025,empirical,empirical_reference_fronts/A__50_10_1439_5_S_1-124.json
A,data/input/set2/50_10_1439_5_S_1-124.dat,spea2,701,8000,0.8699154284794244,0.017060908492607312,empirical,empirical_reference_fronts/A__50_10_1439_5_S_1-124.json
A,data/input/set2/50_10_1439_5_S_1-124.dat,moead,701,8000,0.8517793782267061,0.025620556877162023,empirical,empirical_reference_fronts/A__50_10_1439_5_S_1-124.json
A,data/input/set2/50_10_1439_5_S_1-124.dat,spea2,809,8000,0.8971624353493808,0.002465241061326432,empirical,empirical_reference_fronts/A__50_10_1439_5_S_1-124.json
A,data/input/set2/50_10_1439_5_S_1-124.dat,moead,809,8000,0.8422426614729626,0.045789593868905784,empirical,empirical_reference_fronts/A__50_10_1439_5_S_1-124.json
A,data/input/set2/50_10_1439_5_S_1-124.dat,vns_vnd,809,8000,0.7537741567972152,0.08995462699166404,empirical,empirical_reference_fronts/A__50_10_1439_5_S_1-124.json
A,data/input/set2/50_10_1439_5_S_1-124.dat,moead,907,8000,0.848357916034853,0.03314298709580447,empirical,empirical_reference_fronts/A__50_10_1439_5_S_1-124.json
A,data/input/set2/50_10_1439_5_S_1-124.dat,vns_vnd,907,8000,0.6813882981734475,0.14230527243251534,empirical,empirical_reference_fronts/A__50_10_1439_5_S_1-124.json
A,data/input/set2/50_10_1439_5_S_1-124.dat,spea2,907,8000,0.8928725884514982,0.017359305163152875,empirical,empirical_reference_fronts/A__50_10_1439_5_S_1-124.json
A,data/input/set2/50_10_1439_5_S_1-124.dat,vns_vnd,1009,8000,0.7606684005727645,0.07649282968584137,empirical,empirical_reference_fronts/A__50_10_1439_5_S_1-124.json
A,data/input/set2/50_10_1439_5_S_1-124.dat,spea2,1009,8000,0.8876218933512502,0.008060662987822292,empirical,empirical_reference_fronts/A__50_10_1439_5_S_1-124.json
A,data/input/set2/50_10_1439_5_S_1-124.dat,moead,1009,8000,0.8844145314061576,0.013045273060130627,empirical,empirical_reference_fronts/A__50_10_1439_5_S_1-124.json
A,data/input/set2/50_10_1439_5_S_1-9.dat,spea2,101,8000,1.0650132869309215,0.0046787839830855,empirical,empirical_reference_fronts/A__50_10_1439_5_S_1-9.json
A,data/input/set2/50_10_1439_5_S_1-9.dat,moead,101,8000,1.0643217530692752,0.006225703412613308,empirical,empirical_reference_fronts/A__50_10_1439_5_S_1-9.json
A,data/input/set2/50_10_1439_5_S_1-9.dat,vns_vnd,101,8000,0.8887890006479706,0.1300806168581468,empirical,empirical_reference_fronts/A__50_10_1439_5_S_1-9.json
A,data/input/set2/50_10_1439_5_S_1-9.dat,moead,211,8000,1.0628977539846896,0.004296502161671621,empirical,empirical_reference_fronts/A__50_10_1439_5_S_1-9.json
A,data/input/set2/50_10_1439_5_S_1-9.dat,vns_vnd,211,8000,0.8818874865092882,0.14941635463080802,empirical,empirical_reference_fronts/A__50_10_1439_5_S_1-9.json
A,data/input/set2/50_10_1439_5_S_1-9.dat,spea2,211,8000,1.0652254555296412,0.0028618858586851007,empirical,empirical_reference_fronts/A__50_10_1439_5_S_1-9.json
A,data/input/set2/50_10_1439_5_S_1-9.dat,vns_vnd,307,8000,0.979641566656676,0.056869053591974424,empirical,empirical_reference_fronts/A__50_10_1439_5_S_1-9.json
A,data/input/set2/50_10_1439_5_S_1-9.dat,spea2,307,8000,1.0690429171312492,0.0019016616619086605,empirical,empirical_reference_fronts/A__50_10_1439_5_S_1-9.json
A,data/input/set2/50_10_1439_5_S_1-9.dat,moead,307,8000,1.0637319858137173,0.005278065151773748,empirical,empirical_reference_fronts/A__50_10_1439_5_S_1-9.json
A,data/input/set2/50_10_1439_5_S_1-9.dat,spea2,401,8000,1.0676247052042356,0.000837019609072623,empirical,empirical_reference_fronts/A__50_10_1439_5_S_1-9.json
A,data/input/set2/50_10_1439_5_S_1-9.dat,moead,401,8000,1.0618655173184353,0.005013804628708706,empirical,empirical_reference_fronts/A__50_10_1439_5_S_1-9.json
A,data/input/set2/50_10_1439_5_S_1-9.dat,vns_vnd,401,8000,0.9255611500881128,0.1047531348443235,empirical,empirical_reference_fronts/A__50_10_1439_5_S_1-9.json
A,data/input/set2/50_10_1439_5_S_1-9.dat,moead,503,8000,1.062980915991016,0.0060107847138081115,empirical,empirical_reference_fronts/A__50_10_1439_5_S_1-9.json
A,data/input/set2/50_10_1439_5_S_1-9.dat,vns_vnd,503,8000,0.9382198919223179,0.09511081086941658,empirical,empirical_reference_fronts/A__50_10_1439_5_S_1-9.json
A,data/input/set2/50_10_1439_5_S_1-9.dat,spea2,503,8000,1.0641977352412453,0.003625294930527595,empirical,empirical_reference_fronts/A__50_10_1439_5_S_1-9.json
A,data/input/set2/50_10_1439_5_S_1-9.dat,vns_vnd,601,8000,0.8825175599582527,0.1472173741715126,empirical,empirical_reference_fronts/A__50_10_1439_5_S_1-9.json
A,data/input/set2/50_10_1439_5_S_1-9.dat,spea2,601,8000,1.0681280222248215,0.004034619937168405,empirical,empirical_reference_fronts/A__50_10_1439_5_S_1-9.json
A,data/input/set2/50_10_1439_5_S_1-9.dat,moead,601,8000,1.0681455822345947,0.002221612401570327,empirical,empirical_reference_fronts/A__50_10_1439_5_S_1-9.json
A,data/input/set2/50_10_1439_5_S_1-9.dat,spea2,701,8000,1.062815870004813,0.0035352578315780373,empirical,empirical_reference_fronts/A__50_10_1439_5_S_1-9.json
A,data/input/set2/50_10_1439_5_S_1-9.dat,moead,701,8000,1.0633350964915316,0.003957902793310052,empirical,empirical_reference_fronts/A__50_10_1439_5_S_1-9.json
A,data/input/set2/50_10_1439_5_S_1-9.dat,vns_vnd,701,8000,0.8375130095393507,0.19057813308904697,empirical,empirical_reference_fronts/A__50_10_1439_5_S_1-9.json
A,data/input/set2/50_10_1439_5_S_1-9.dat,moead,809,8000,1.0643083469115908,0.004584836964170315,empirical,empirical_reference_fronts/A__50_10_1439_5_S_1-9.json
A,data/input/set2/50_10_1439_5_S_1-9.dat,vns_vnd,809,8000,0.8960116663938117,0.12815600957191844,empirical,empirical_reference_fronts/A__50_10_1439_5_S_1-9.json
A,data/input/set2/50_10_1439_5_S_1-9.dat,spea2,809,8000,1.0662356302778235,0.0025358025488860787,empirical,empirical_reference_fronts/A__50_10_1439_5_S_1-9.json
A,data/input/set2/50_10_1439_5_S_1-9.dat,vns_vnd,907,8000,0.8960728948506389,0.13623843869112315,empirical,empirical_reference_fronts/A__50_10_1439_5_S_1-9.json
A,data/input/set2/50_10_1439_5_S_1-9.dat,spea2,907,8000,1.0655658264914227,0.0038086000366054115,empirical,empirical_reference_fronts/A__50_10_1439_5_S_1-9.json
A,data/input/set2/50_10_1439_5_S_1-9.dat,moead,907,8000,1.0653992618897243,0.0024721830044491994,empirical,empirical_reference_fronts/A__50_10_1439_5_S_1-9.json
A,data/input/set2/50_10_1439_5_S_1-9.dat,spea2,1009,8000,1.0659844819028224,0.003752562873970476,empirical,empirical_reference_fronts/A__50_10_1439_5_S_1-9.json
A,data/input/set2/50_10_1439_5_S_1-9.dat,moead,1009,8000,1.063030418932524,0.006535852098746302,empirical,empirical_reference_fronts/A__50_10_1439_5_S_1-9.json
A,data/input/set2/50_10_1439_5_S_1-9.dat,vns_vnd,1009,8000,0.8992854060143739,0.12830233216444165,empirical,empirical_reference_fronts/A__50_10_1439_5_S_1-9.json
A,data/input/set2/50_20_1439_5_S_1-124.dat,moead,101,8000,1.0014212314740896,0.008297747030873525,empirical,empirical_reference_fronts/A__50_20_1439_5_S_1-124.json
A,data/input/set2/50_20_1439_5_S_1-124.dat,vns_vnd,101,8000,0.8527904170690418,0.10977914137666911,empirical,empirical_reference_fronts/A__50_20_1439_5_S_1-124.json
A,data/input/set2/50_20_1439_5_S_1-124.dat,spea2,101,8000,1.001765635114051,0.01886209196349418,empirical,empirical_reference_fronts/A__50_20_1439_5_S_1-124.json
A,data/input/set2/50_20_1439_5_S_1-124.dat,vns_vnd,211,8000,0.844931954528654,0.1157040886849326,empirical,empirical_reference_fronts/A__50_20_1439_5_S_1-124.json
A,data/input/set2/50_20_1439_5_S_1-124.dat,spea2,211,8000,1.0037802404361507,0.006642422519499229,empirical,empirical_reference_fronts/A__50_20_1439_5_S_1-124.json
A,data/input/set2/50_20_1439_5_S_1-124.dat,moead,211,8000,0.99855928040816,0.015648275250444755,empirical,empirical_reference_fronts/A__50_20_1439_5_S_1-124.json
A,data/input/set2/50_20_1439_5_S_1-124.dat,spea2,307,8000,1.0053589610031364,0.009956907493995653,empirical,empirical_reference_fronts/A__50_20_1439_5_S_1-124.json
A,data/input/set2/50_20_1439_5_S_1-124.dat,moead,307,8000,0.9993626324361327,0.01114465964933481,empirical,empirical_reference_fronts/A__50_20_1439_5_S_1-124.json
A,data/input/set2/50_20_1439_5_S_1-124.dat,vns_vnd,307,8000,0.8499896640680034,0.11945533471791947,empirical,empirical_reference_fronts/A__50_20_1439_5_S_1-124.json
A,data/input/set2/50_20_1439_5_S_1-124.dat,moead,401,8000,1.0044863289147667,0.010308056363137422,empirical,empirical_reference_fronts/A__50_20_1439_5_S_1-124.json
A,data/input/set2/50_20_1439_5_S_1-124.dat,vns_vnd,401,8000,0.8421028993431665,0.10697427958397941,empirical,empirical_reference_fronts/A__50_20_1439_5_S_1-124.json
A,data/input/set2/50_20_1439_5_S_1-124.dat,spea2,401,8000,1.0116473092089162,0.008487581772976436,empirical,empirical_reference_fronts/A__50_20_1439_5_S_1-124.json
A,data/input/set2/50_20_1439_5_S_1-124.dat,vns_vnd,503,8000,0.8533893628963338,0.10729887888600412,empirical,empirical_reference_fronts/A__50_20_1439_5_S_1-124.json
A,data/input/set2/50_20_1439_5_S_1-124.dat,spea2,503,8000,1.0059756467495857,0.011164766881237362,empirical,empirical_reference_fronts/A__50_20_1439_5_S_1-124.json
A,data/input/set2/50_20_1439_5_S_1-124.dat,moead,503,8000,0.9869367754701351,0.011548504349115689,empirical,empirical_reference_fronts/A__50_20_1439_5_S_1-124.json
A,data/input/set2/50_20_1439_5_S_1-124.dat,spea2,601,8000,1.0145508314259672,0.004642123188937132,empirical,empirical_reference_fronts/A__50_20_1439_5_S_1-124.json
A,data/input/set2/50_20_1439_5_S_1-124.dat,moead,601,8000,1.0052210614519006,0.008168936854197633,empirical,empirical_reference_fronts/A__50_20_1439_5_S_1-124.json
A,data/input/set2/50_20_1439_5_S_1-124.dat,vns_vnd,601,8000,0.86177336268859,0.0906493927353287,empirical,empirical_reference_fronts/A__50_20_1439_5_S_1-124.json
A,data/input/set2/50_20_1439_5_S_1-124.dat,moead,701,8000,0.9943130245236524,0.014207159210544277,empirical,empirical_reference_fronts/A__50_20_1439_5_S_1-124.json
A,data/input/set2/50_20_1439_5_S_1-124.dat,vns_vnd,701,8000,0.8626573979351091,0.09347227077530247,empirical,empirical_reference_fronts/A__50_20_1439_5_S_1-124.json
A,data/input/set2/50_20_1439_5_S_1-124.dat,spea2,701,8000,1.0047261657883924,0.012262901508738936,empirical,empirical_reference_fronts/A__50_20_1439_5_S_1-124.json
A,data/input/set2/50_20_1439_5_S_1-124.dat,vns_vnd,809,8000,0.8314255134259257,0.12483010599919842,empirical,empirical_reference_fronts/A__50_20_1439_5_S_1-124.json
A,data/input/set2/50_20_1439_5_S_1-124.dat,spea2,809,8000,1.00268597889578,0.012711589738630277,empirical,empirical_reference_fronts/A__50_20_1439_5_S_1-124.json
A,data/input/set2/50_20_1439_5_S_1-124.dat,moead,809,8000,0.9887114587263108,0.013143823035575711,empirical,empirical_reference_fronts/A__50_20_1439_5_S_1-124.json
A,data/input/set2/50_20_1439_5_S_1-124.dat,spea2,907,8000,1.0075810932340798,0.014586174976741336,empirical,empirical_reference_fronts/A__50_20_1439_5_S_1-124.json
A,data/input/set2/50_20_1439_5_S_1-124.dat,moead,907,8000,0.9899311907340631,0.010314224608306891,empirical,empirical_reference_fronts/A__50_20_1439_5_S_1-124.json
A,data/input/set2/50_20_1439_5_S_1-124.dat,vns_vnd,907,8000,0.8423483529962181,0.10670734502952199,empirical,empirical_reference_fronts/A__50_20_1439_5_S_1-124.json
A,data/input/set2/50_20_1439_5_S_1-124.dat,moead,1009,8000,0.9871083279857253,0.014481592537171557,empirical,empirical_reference_fronts/A__50_20_1439_5_S_1-124.json
A,data/input/set2/50_20_1439_5_S_1-124.dat,vns_vnd,1009,8000,0.8446325794502888,0.11315782253670743,empirical,empirical_reference_fronts/A__50_20_1439_5_S_1-124.json
A,data/input/set2/50_20_1439_5_S_1-124.dat,spea2,1009,8000,1.0054111747288261,0.0036551280469718822,empirical,empirical_reference_fronts/A__50_20_1439_5_S_1-124.json
A,data/input/set2/50_20_1439_5_S_1-9.dat,vns_vnd,101,8000,0.9806642980427744,0.08508549289734414,empirical,empirical_reference_fronts/A__50_20_1439_5_S_1-9.json
A,data/input/set2/50_20_1439_5_S_1-9.dat,spea2,101,8000,1.0860357344567821,0.0010786751910255164,empirical,empirical_reference_fronts/A__50_20_1439_5_S_1-9.json
A,data/input/set2/50_20_1439_5_S_1-9.dat,moead,101,8000,1.0814587177185873,0.004818703169606643,empirical,empirical_reference_fronts/A__50_20_1439_5_S_1-9.json
A,data/input/set2/50_20_1439_5_S_1-9.dat,spea2,211,8000,1.085930137758137,0.0009340809176128934,empirical,empirical_reference_fronts/A__50_20_1439_5_S_1-9.json
A,data/input/set2/50_20_1439_5_S_1-9.dat,moead,211,8000,1.084188900823365,0.0029133499482658655,empirical,empirical_reference_fronts/A__50_20_1439_5_S_1-9.json
A,data/input/set2/50_20_1439_5_S_1-9.dat,vns_vnd,211,8000,0.9840650344616014,0.08117407793990888,empirical,empirical_reference_fronts/A__50_20_1439_5_S_1-9.json
A,data/input/set2/50_20_1439_5_S_1-9.dat,moead,307,8000,1.0848579586605978,0.004419332972262158,empirical,empirical_reference_fronts/A__50_20_1439_5_S_1-9.json
A,data/input/set2/50_20_1439_5_S_1-9.dat,vns_vnd,307,8000,0.9819441791412581,0.08816529717184682,empirical,empirical_reference_fronts/A__50_20_1439_5_S_1-9.json
A,data/input/set2/50_20_1439_5_S_1-9.dat,spea2,307,8000,1.084558073975653,0.0012598357468700814,empirical,empirical_reference_fronts/A__50_20_1439_5_S_1-9.json
A,data/input/set2/50_20_1439_5_S_1-9.dat,vns_vnd,401,8000,0.9235752290696679,0.13609868907483294,empirical,empirical_reference_fronts/A__50_20_1439_5_S_1-9.json
A,data/input/set2/50_20_1439_5_S_1-9.dat,spea2,401,8000,1.083361331058821,0.002654030345360633,empirical,empirical_reference_fronts/A__50_20_1439_5_S_1-9.json
A,data/input/set2/50_20_1439_5_S_1-9.dat,moead,401,8000,1.0841311147209374,0.00047898506754346466,empirical,empirical_reference_fronts/A__50_20_1439_5_S_1-9.json
A,data/input/set2/50_20_1439_5_S_1-9.dat,spea2,503,8000,1.0869305386011814,0.0003174397438296439,empirical,empirical_reference_fronts/A__50_20_1439_5_S_1-9.json
A,data/input/set2/50_20_1439_5_S_1-9.dat,moead,503,8000,1.0804327883564975,0.0034140541000132417,empirical,empirical_reference_fronts/A__50_20_1439_5_S_1-9.json
A,data/input/set2/50_20_1439_5_S_1-9.dat,vns_vnd,503,8000,0.9815751401177755,0.08774540205113274,empirical,empirical_reference_fronts/A__50_20_1439_5_S_1-9.json
A,data/input/set2/50_20_1439_5_S_1-9.dat,moead,601,8000,1.0800308853283014,0.0035654108736120327,empirical,empirical_reference_fronts/A__50_20_1439_5_S_1-9.json
A,data/input/set2/50_20_1439_5_S_1-9.dat,vns_vnd,601,8000,0.9575924605745741,0.10261213812514201,empirical,empirical_reference_fronts/A__50_20_1439_5_S_1-9.json
A,data/input/set2/50_20_1439_5_S_1-9.dat,spea2,601,8000,1.0834409540917833,0.0033986221657531313,empirical,empirical_reference_fronts/A__50_20_1439_5_S_1-9.json
A,data/input/set2/50_20_1439_5_S_1-9.dat,vns_vnd,701,8000,0.9924042266441265,0.07450588160549991,empirical,empirical_reference_fronts/A__50_20_1439_5_S_1-9.json
A,data/input/set2/50_20_1439_5_S_1-9.dat,spea2,701,8000,1.0793416533072295,0.005236390091382982,empirical,empirical_reference_fronts/A__50_20_1439_5_S_1-9.json
A,data/input/set2/50_20_1439_5_S_1-9.dat,moead,701,8000,1.0799713013866132,0.005899867650884523,empirical,empirical_reference_fronts/A__50_20_1439_5_S_1-9.json
A,data/input/set2/50_20_1439_5_S_1-9.dat,spea2,809,8000,1.084420719468847,0.0025808096601089453,empirical,empirical_reference_fronts/A__50_20_1439_5_S_1-9.json
A,data/input/set2/50_20_1439_5_S_1-9.dat,moead,809,8000,1.0804733487236842,0.003929290406054419,empirical,empirical_reference_fronts/A__50_20_1439_5_S_1-9.json
A,data/input/set2/50_20_1439_5_S_1-9.dat,vns_vnd,809,8000,0.9616444637949123,0.10106738011763486,empirical,empirical_reference_fronts/A__50_20_1439_5_S_1-9.json
A,data/input/set2/50_20_1439_5_S_1-9.dat,moead,907,8000,1.0831385480807638,0.0029610580621011627,empirical,empirical_reference_fronts/A__50_20_1439_5_S_1-9.json
A,data/input/set2/50_20_1439_5_S_1-9.dat,vns_vnd,907,8000,1.0038340133973782,0.06287050542623429,empirical,empirical_reference_fronts/A__50_20_1439_5_S_1-9.json
A,data/input/set2/50_20_1439_5_S_1-9.dat,spea2,907,8000,1.0835898951256708,0.003329723548706153,empirical,empirical_reference_fronts/A__50_20_1439_5_S_1-9.json
A,data/input/set2/50_20_1439_5_S_1-9.dat,vns_vnd,1009,8000,0.9537531432197051,0.10761457701237467,empirical,empirical_reference_fronts/A__50_20_1439_5_S_1-9.json
A,data/input/set2/50_20_1439_5_S_1-9.dat,spea2,1009,8000,1.086839477947874,0.0006259917984805892,empirical,empirical_reference_fronts/A__50_20_1439_5_S_1-9.json
A,data/input/set2/50_20_1439_5_S_1-9.dat,moead,1009,8000,1.0837978893867781,0.003010434587133949,empirical,empirical_reference_fronts/A__50_20_1439_5_S_1-9.json
A,data/input/set2/250_10_1439_5_S_1-124.dat,spea2,101,8000,0.6475826497062508,0.005636315365404756,empirical,empirical_reference_fronts/A__250_10_1439_5_S_1-124.json
A,data/input/set2/250_10_1439_5_S_1-124.dat,moead,101,8000,0.6308791452611029,0.011784355984144679,empirical,empirical_reference_fronts/A__250_10_1439_5_S_1-124.json
A,data/input/set2/250_10_1439_5_S_1-124.dat,vns_vnd,101,8000,0.17206252585677564,0.4419623888062539,empirical,empirical_reference_fronts/A__250_10_1439_5_S_1-124.json
A,data/input/set2/250_10_1439_5_S_1-124.dat,moead,211,8000,0.6470603725448696,0.005923713316886381,empirical,empirical_reference_fronts/A__250_10_1439_5_S_1-124.json
A,data/input/set2/250_10_1439_5_S_1-124.dat,vns_vnd,211,8000,0.16243199486633086,0.45209469469258196,empirical,empirical_reference_fronts/A__250_10_1439_5_S_1-124.json
A,data/input/set2/250_10_1439_5_S_1-124.dat,spea2,211,8000,0.6558641809061572,0.010033843922043612,empirical,empirical_reference_fronts/A__250_10_1439_5_S_1-124.json
A,data/input/set2/250_10_1439_5_S_1-124.dat,vns_vnd,307,8000,0.14940564139104762,0.48150370034721757,empirical,empirical_reference_fronts/A__250_10_1439_5_S_1-124.json
A,data/input/set2/250_10_1439_5_S_1-124.dat,spea2,307,8000,0.6479490693368197,0.008944141139397255,empirical,empirical_reference_fronts/A__250_10_1439_5_S_1-124.json
A,data/input/set2/250_10_1439_5_S_1-124.dat,moead,307,8000,0.6303465454114564,0.015005896747781983,empirical,empirical_reference_fronts/A__250_10_1439_5_S_1-124.json
A,data/input/set2/250_10_1439_5_S_1-124.dat,spea2,401,8000,0.649767201370821,0.00976602704933018,empirical,empirical_reference_fronts/A__250_10_1439_5_S_1-124.json
A,data/input/set2/250_10_1439_5_S_1-124.dat,moead,401,8000,0.6369063022413529,0.00904435581302026,empirical,empirical_reference_fronts/A__250_10_1439_5_S_1-124.json
A,data/input/set2/250_10_1439_5_S_1-124.dat,vns_vnd,401,8000,0.16266204188688532,0.45095509493208935,empirical,empirical_reference_fronts/A__250_10_1439_5_S_1-124.json
A,data/input/set2/250_10_1439_5_S_1-124.dat,moead,503,8000,0.6237261018590273,0.01953994283713556,empirical,empirical_reference_fronts/A__250_10_1439_5_S_1-124.json
A,data/input/set2/250_10_1439_5_S_1-124.dat,vns_vnd,503,8000,0.19042634562331306,0.4237703002379362,empirical,empirical_reference_fronts/A__250_10_1439_5_S_1-124.json
A,data/input/set2/250_10_1439_5_S_1-124.dat,spea2,503,8000,0.6495531191937427,0.010625165264906599,empirical,empirical_reference_fronts/A__250_10_1439_5_S_1-124.json
A,data/input/set2/250_10_1439_5_S_1-124.dat,vns_vnd,601,8000,0.13471639032264018,0.4838217150042138,empirical,empirical_reference_fronts/A__250_10_1439_5_S_1-124.json
A,data/input/set2/250_10_1439_5_S_1-124.dat,spea2,601,8000,0.6563023911706123,0.01111609612847519,empirical,empirical_reference_fronts/A__250_10_1439_5_S_1-124.json
A,data/input/set2/250_10_1439_5_S_1-124.dat,moead,601,8000,0.6346821490160259,0.01525194400279453,empirical,empirical_reference_fronts/A__250_10_1439_5_S_1-124.json
A,data/input/set2/250_10_1439_5_S_1-124.dat,spea2,701,8000,0.6493418233730378,0.017052284076566847,empirical,empirical_reference_fronts/A__250_10_1439_5_S_1-124.json
A,data/input/set2/250_10_1439_5_S_1-124.dat,moead,701,8000,0.646079150039394,0.014534007006161698,empirical,empirical_reference_fronts/A__250_10_1439_5_S_1-124.json
A,data/input/set2/250_10_1439_5_S_1-124.dat,vns_vnd,701,8000,0.16714845928802224,0.4592883006095438,empirical,empirical_reference_fronts/A__250_10_1439_5_S_1-124.json
A,data/input/set2/250_10_1439_5_S_1-124.dat,moead,809,8000,0.6364905497375684,0.012011657123580849,empirical,empirical_reference_fronts/A__250_10_1439_5_S_1-124.json
A,data/input/set2/250_10_1439_5_S_1-124.dat,vns_vnd,809,8000,0.22442254252037858,0.3830670326081731,empirical,empirical_reference_fronts/A__250_10_1439_5_S_1-124.json
A,data/input/set2/250_10_1439_5_S_1-124.dat,spea2,809,8000,0.6568434753505222,0.012263718796449826,empirical,empirical_reference_fronts/A__250_10_1439_5_S_1-124.json
A,data/input/set2/250_10_1439_5_S_1-124.dat,vns_vnd,907,8000,0.19716766010767398,0.41617119654126,empirical,empirical_reference_fronts/A__250_10_1439_5_S_1-124.json
A,data/input/set2/250_10_1439_5_S_1-124.dat,spea2,907,8000,0.6473118603279149,0.01901997937594084,empirical,empirical_reference_fronts/A__250_10_1439_5_S_1-124.json
A,data/input/set2/250_10_1439_5_S_1-124.dat,moead,907,8000,0.6324875095749569,0.020987050362136772,empirical,empirical_reference_fronts/A__250_10_1439_5_S_1-124.json
A,data/input/set2/250_10_1439_5_S_1-124.dat,spea2,1009,8000,0.6485159278699932,0.012068911836977503,empirical,empirical_reference_fronts/A__250_10_1439_5_S_1-124.json
A,data/input/set2/250_10_1439_5_S_1-124.dat,moead,1009,8000,0.624193993003396,0.022744758083264236,empirical,empirical_reference_fronts/A__250_10_1439_5_S_1-124.json
A,data/input/set2/250_10_1439_5_S_1-124.dat,vns_vnd,1009,8000,0.20974819281778107,0.3994447131977942,empirical,empirical_reference_fronts/A__250_10_1439_5_S_1-124.json
A,data/input/set2/250_20_1439_5_S_1-124.dat,moead,101,8000,0.7945096416218739,0.014452123511903293,empirical,empirical_reference_fronts/A__250_20_1439_5_S_1-124.json
A,data/input/set2/250_20_1439_5_S_1-124.dat,vns_vnd,101,8000,0.32037160899091094,0.4317779455362055,empirical,empirical_reference_fronts/A__250_20_1439_5_S_1-124.json
A,data/input/set2/250_20_1439_5_S_1-124.dat,spea2,101,8000,0.8060118041381719,0.01195099191511001,empirical,empirical_reference_fronts/A__250_20_1439_5_S_1-124.json
A,data/input/set2/250_20_1439_5_S_1-124.dat,vns_vnd,211,8000,0.23659882114968475,0.5063505504155347,empirical,empirical_reference_fronts/A__250_20_1439_5_S_1-124.json
A,data/input/set2/250_20_1439_5_S_1-124.dat,spea2,211,8000,0.8042148497808042,0.015401938492495042,empirical,empirical_reference_fronts/A__250_20_1439_5_S_1-124.json
A,data/input/set2/250_20_1439_5_S_1-124.dat,moead,211,8000,0.7975035691847258,0.014657771226677633,empirical,empirical_reference_fronts/A__250_20_1439_5_S_1-124.json
A,data/input/set2/250_20_1439_5_S_1-124.dat,spea2,307,8000,0.8137571247382326,0.01396960886916542,empirical,empirical_reference_fronts/A__250_20_1439_5_S_1-124.json
A,data/input/set2/250_20_1439_5_S_1-124.dat,moead,307,8000,0.792020046635145,0.014382698079644311,empirical,empirical_reference_fronts/A__250_20_1439_5_S_1-124.json
A,data/input/set2/250_20_1439_5_S_1-124.dat,vns_vnd,307,8000,0.265450307117757,0.48003854095698445,empirical,empirical_reference_fronts/A__250_20_1439_5_S_1-124.json
A,data/input/set2/250_20_1439_5_S_1-124.dat,moead,401,8000,0.7842350606445062,0.02146539399894979,empirical,empirical_reference_fronts/A__250_20_1439_5_S_1-124.json
A,data/input/set2/250_20_1439_5_S_1-124.dat,vns_vnd,401,8000,0.29416658659448713,0.44293750245339975,empirical,empirical_reference_fronts/A__250_20_1439_5_S_1-124.json
A,data/input/set2/250_20_1439_5_S_1-124.dat,spea2,401,8000,0.800943985724845,0.015735814648921886,empirical,empirical_reference_fronts/A__250_20_1439_5_S_1-124.json
A,data/input/set2/250_20_1439_5_S_1-124.dat,vns_vnd,503,8000,0.328405281704631,0.40602966141628755,empirical,empirical_reference_fronts/A__250_20_1439_5_S_1-124.json
A,data/input/set2/250_20_1439_5_S_1-124.dat,spea2,503,8000,0.8076665775108324,0.01329377209854189,empirical,empirical_reference_fronts/A__250_20_1439_5_S_1-124.json
A,data/input/set2/250_20_1439_5_S_1-124.dat,moead,503,8000,0.7938040211156895,0.016575095901211083,empirical,empirical_reference_fronts/A__250_20_1439_5_S_1-124.json
A,data/input/set2/250_20_1439_5_S_1-124.dat,spea2,601,8000,0.8122646274986899,0.016084646264599822,empirical,empirical_reference_fronts/A__250_20_1439_5_S_1-124.json
A,data/input/set2/250_20_1439_5_S_1-124.dat,moead,601,8000,0.7975024330557974,0.015147530869762064,empirical,empirical_reference_fronts/A__250_20_1439_5_S_1-124.json
A,data/input/set2/250_20_1439_5_S_1-124.dat,vns_vnd,601,8000,0.2457373473395624,0.5110396873461824,empirical,empirical_reference_fronts/A__250_20_1439_5_S_1-124.json
A,data/input/set2/250_20_1439_5_S_1-124.dat,moead,701,8000,0.7939644115104889,0.013235108315610459,empirical,empirical_reference_fronts/A__250_20_1439_5_S_1-124.json
A,data/input/set2/250_20_1439_5_S_1-124.dat,vns_vnd,701,8000,0.2706726687464587,0.4800825565166426,empirical,empirical_reference_fronts/A__250_20_1439_5_S_1-124.json
A,data/input/set2/250_20_1439_5_S_1-124.dat,spea2,701,8000,0.8116375198893773,0.01202472142110607,empirical,empirical_reference_fronts/A__250_20_1439_5_S_1-124.json
A,data/input/set2/250_20_1439_5_S_1-124.dat,vns_vnd,809,8000,0.3159233584030571,0.4185973181010937,empirical,empirical_reference_fronts/A__250_20_1439_5_S_1-124.json
A,data/input/set2/250_20_1439_5_S_1-124.dat,spea2,809,8000,0.8134124505995914,0.0027364249780154146,empirical,empirical_reference_fronts/A__250_20_1439_5_S_1-124.json
A,data/input/set2/250_20_1439_5_S_1-124.dat,moead,809,8000,0.80263268165783,0.005943947834116236,empirical,empirical_reference_fronts/A__250_20_1439_5_S_1-124.json
A,data/input/set2/250_20_1439_5_S_1-124.dat,spea2,907,8000,0.8140940083808992,0.0061446911604752285,empirical,empirical_reference_fronts/A__250_20_1439_5_S_1-124.json
A,data/input/set2/250_20_1439_5_S_1-124.dat,moead,907,8000,0.7982825856207699,0.013567267470813197,empirical,empirical_reference_fronts/A__250_20_1439_5_S_1-124.json
A,data/input/set2/250_20_1439_5_S_1-124.dat,vns_vnd,907,8000,0.23873719467265522,0.5053843640207663,empirical,empirical_reference_fronts/A__250_20_1439_5_S_1-124.json
A,data/input/set2/250_20_1439_5_S_1-124.dat,moead,1009,8000,0.7973012490433791,0.012514688117685493,empirical,empirical_reference_fronts/A__250_20_1439_5_S_1-124.json
A,data/input/set2/250_20_1439_5_S_1-124.dat,vns_vnd,1009,8000,0.28543367212201365,0.44986924158350317,empirical,empirical_reference_fronts/A__250_20_1439_5_S_1-124.json
A,data/input/set2/250_20_1439_5_S_1-124.dat,spea2,1009,8000,0.803658278349173,0.014233697086937277,empirical,empirical_reference_fronts/A__250_20_1439_5_S_1-124.json
A,data/input/set2/250_20_1439_5_S_1-9.dat,vns_vnd,101,8000,0.4085394882747748,0.5749656372987876,empirical,empirical_reference_fronts/A__250_20_1439_5_S_1-9.json
A,data/input/set2/250_20_1439_5_S_1-9.dat,spea2,101,8000,1.0266492997934822,0.0010538168623840554,empirical,empirical_reference_fronts/A__250_20_1439_5_S_1-9.json
A,data/input/set2/250_20_1439_5_S_1-9.dat,moead,101,8000,1.0214195489373574,0.003954557311862515,empirical,empirical_reference_fronts/A__250_20_1439_5_S_1-9.json
A,data/input/set2/250_20_1439_5_S_1-9.dat,spea2,211,8000,1.0255056649119698,0.0025494919473895467,empirical,empirical_reference_fronts/A__250_20_1439_5_S_1-9.json
A,data/input/set2/250_20_1439_5_S_1-9.dat,moead,211,8000,1.0235171771086915,0.002832607600550909,empirical,empirical_reference_fronts/A__250_20_1439_5_S_1-9.json
A,data/input/set2/250_20_1439_5_S_1-9.dat,vns_vnd,211,8000,0.33843468551400807,0.6275642782975936,empirical,empirical_reference_fronts/A__250_20_1439_5_S_1-9.json
A,data/input/set2/250_20_1439_5_S_1-9.dat,moead,307,8000,1.0192480629694243,0.0053791790097525525,empirical,empirical_reference_fronts/A__250_20_1439_5_S_1-9.json
A,data/input/set2/250_20_1439_5_S_1-9.dat,vns_vnd,307,8000,0.31978317796314776,0.6526779045720397,empirical,empirical_reference_fronts/A__250_20_1439_5_S_1-9.json
A,data/input/set2/250_20_1439_5_S_1-9.dat,spea2,307,8000,1.025436870979242,0.001198746408443638,empirical,empirical_reference_fronts/A__250_20_1439_5_S_1-9.json
A,data/input/set2/250_20_1439_5_S_1-9.dat,vns_vnd,401,8000,0.4021560794854902,0.5617479510262853,empirical,empirical_reference_fronts/A__250_20_1439_5_S_1-9.json
A,data/input/set2/250_20_1439_5_S_1-9.dat,spea2,401,8000,1.0238010479307404,0.0016262528713770292,empirical,empirical_reference_fronts/A__250_20_1439_5_S_1-9.json
A,data/input/set2/250_20_1439_5_S_1-9.dat,moead,401,8000,1.0196450918723294,0.004969532632088241,empirical,empirical_reference_fronts/A__250_20_1439_5_S_1-9.json
A,data/input/set2/250_20_1439_5_S_1-9.dat,spea2,503,8000,1.023830791610071,0.001583959351948051,empirical,empirical_reference_fronts/A__250_20_1439_5_S_1-9.json
A,data/input/set2/250_20_1439_5_S_1-9.dat,moead,503,8000,1.0178520911672204,0.005464969165561555,empirical,empirical_reference_fronts/A__250_20_1439_5_S_1-9.json
A,data/input/set2/250_20_1439_5_S_1-9.dat,vns_vnd,503,8000,0.45359087387509867,0.5082295948450919,empirical,empirical_reference_fronts/A__250_20_1439_5_S_1-9.json
A,data/input/set2/250_20_1439_5_S_1-9.dat,moead,601,8000,1.0169034386249827,0.0063714850084598575,empirical,empirical_reference_fronts/A__250_20_1439_5_S_1-9.json
A,data/input/set2/250_20_1439_5_S_1-9.dat,vns_vnd,601,8000,0.34490550030426237,0.6245686691253982,empirical,empirical_reference_fronts/A__250_20_1439_5_S_1-9.json
A,data/input/set2/250_20_1439_5_S_1-9.dat,spea2,601,8000,1.025266419851437,0.001819896784317663,empirical,empirical_reference_fronts/A__250_20_1439_5_S_1-9.json
A,data/input/set2/250_20_1439_5_S_1-9.dat,vns_vnd,701,8000,0.34031478537879795,0.6473954538723127,empirical,empirical_reference_fronts/A__250_20_1439_5_S_1-9.json
A,data/input/set2/250_20_1439_5_S_1-9.dat,spea2,701,8000,1.024205036988104,0.0023764306559394587,empirical,empirical_reference_fronts/A__250_20_1439_5_S_1-9.json
A,data/input/set2/250_20_1439_5_S_1-9.dat,moead,701,8000,1.0195776726138592,0.0033124191652447585,empirical,empirical_reference_fronts/A__250_20_1439_5_S_1-9.json
A,data/input/set2/250_20_1439_5_S_1-9.dat,spea2,809,8000,1.022921590439419,0.004043907569592117,empirical,empirical_reference_fronts/A__250_20_1439_5_S_1-9.json
A,data/input/set2/250_20_1439_5_S_1-9.dat,moead,809,8000,1.0206029202302747,0.0040777528472934095,empirical,empirical_reference_fronts/A__250_20_1439_5_S_1-9.json
A,data/input/set2/250_20_1439_5_S_1-9.dat,vns_vnd,809,8000,0.3593760332111867,0.6034487809726771,empirical,empirical_reference_fronts/A__250_20_1439_5_S_1-9.json
A,data/input/set2/250_20_1439_5_S_1-9.dat,moead,907,8000,1.0197900203123866,0.0030665336824915296,empirical,empirical_reference_fronts/A__250_20_1439_5_S_1-9.json
A,data/input/set2/250_20_1439_5_S_1-9.dat,vns_vnd,907,8000,0.36722891976896477,0.5985402478021667,empirical,empirical_reference_fronts/A__250_20_1439_5_S_1-9.json
A,data/input/set2/250_20_1439_5_S_1-9.dat,spea2,907,8000,1.0240669259833477,0.0011779750003914477,empirical,empirical_reference_fronts/A__250_20_1439_5_S_1-9.json
A,data/input/set2/250_20_1439_5_S_1-9.dat,vns_vnd,1009,8000,0.31281432698353606,0.6562777303891891,empirical,empirical_reference_fronts/A__250_20_1439_5_S_1-9.json
A,data/input/set2/250_20_1439_5_S_1-9.dat,spea2,1009,8000,1.0232516312239892,0.0028310231413236106,empirical,empirical_reference_fronts/A__250_20_1439_5_S_1-9.json
A,data/input/set2/250_20_1439_5_S_1-9.dat,moead,1009,8000,1.0212579469612253,0.0038268943203656047,empirical,empirical_reference_fronts/A__250_20_1439_5_S_1-9.json
B,data/input/set2/750_10_1439_5_S_1-124.dat,spea2,101,2000,0.7284110147928071,0.005664399329956212,empirical,empirical_reference_fronts/B__750_10_1439_5_S_1-124.json
B,data/input/set2/750_10_1439_5_S_1-124.dat,moead,101,2000,0.7114235521017398,0.008578330887086264,empirical,empirical_reference_fronts/B__750_10_1439_5_S_1-124.json
B,data/input/set2/750_10_1439_5_S_1-124.dat,vns_vnd,101,2000,0.4010342493906496,0.27902050290124264,empirical,empirical_reference_fronts/B__750_10_1439_5_S_1-124.json
B,data/input/set2/750_10_1439_5_S_1-124.dat,moead,211,2000,0.7170381762866855,0.006583782314148251,empirical,empirical_reference_fronts/B__750_10_1439_5_S_1-124.json
B,data/input/set2/750_10_1439_5_S_1-124.dat,vns_vnd,211,2000,0.4385830374291179,0.23400150964201719,empirical,empirical_reference_fronts/B__750_10_1439_5_S_1-124.json
B,data/input/set2/750_10_1439_5_S_1-124.dat,spea2,211,2000,0.7288454162219956,0.0009809762773816807,empirical,empirical_reference_fronts/B__750_10_1439_5_S_1-124.json
B,data/input/set2/750_10_1439_5_S_1-124.dat,vns_vnd,307,2000,0.44044244151516637,0.23173657769563943,empirical,empirical_reference_fronts/B__750_10_1439_5_S_1-124.json
B,data/input/set2/750_10_1439_5_S_1-124.dat,spea2,307,2000,0.7304161398686302,0.0058255828618118365,empirical,empirical_reference_fronts/B__750_10_1439_5_S_1-124.json
B,data/input/set2/750_10_1439_5_S_1-124.dat,moead,307,2000,0.7105622775384576,0.006915667558558913,empirical,empirical_reference_fronts/B__750_10_1439_5_S_1-124.json
B,data/input/set2/750_10_1439_5_S_1-124.dat,spea2,401,2000,0.7274585904548044,0.005384025389464472,empirical,empirical_reference_fronts/B__750_10_1439_5_S_1-124.json
B,data/input/set2/750_10_1439_5_S_1-124.dat,moead,401,2000,0.7164594007730505,0.005343732356985183,empirical,empirical_reference_fronts/B__750_10_1439_5_S_1-124.json
B,data/input/set2/750_10_1439_5_S_1-124.dat,vns_vnd,401,2000,0.3999568893869383,0.2811211322189214,empirical,empirical_reference_fronts/B__750_10_1439_5_S_1-124.json
B,data/input/set2/750_10_1439_5_S_1-124.dat,moead,503,2000,0.712422218474526,0.006392616062194638,empirical,empirical_reference_fronts/B__750_10_1439_5_S_1-124.json
B,data/input/set2/750_10_1439_5_S_1-124.dat,vns_vnd,503,2000,0.43163461439344786,0.2428405074767669,empirical,empirical_reference_fronts/B__750_10_1439_5_S_1-124.json
B,data/input/set2/750_10_1439_5_S_1-124.dat,spea2,503,2000,0.7265746399309655,0.0044134715797158695,empirical,empirical_reference_fronts/B__750_10_1439_5_S_1-124.json
B,data/input/set2/750_10_1439_5_S_1-9.dat,spea2,101,2000,0.8445923003227954,0.002120030160455129,empirical,empirical_reference_fronts/B__750_10_1439_5_S_1-9.json
B,data/input/set2/750_10_1439_5_S_1-9.dat,moead,101,2000,0.8130581215498981,0.021647698551130166,empirical,empirical_reference_fronts/B__750_10_1439_5_S_1-9.json
B,data/input/set2/750_10_1439_5_S_1-9.dat,spea2,211,2000,0.8487608702898125,0.0,empirical,empirical_reference_fronts/B__750_10_1439_5_S_1-9.json
B,data/input/set2/750_10_1439_5_S_1-9.dat,moead,211,2000,0.815995096182745,0.019667990005121334,empirical,empirical_reference_fronts/B__750_10_1439_5_S_1-9.json
B,data/input/set2/750_10_1439_5_S_1-9.dat,moead,307,2000,0.8161630779889407,0.017374448220606502,empirical,empirical_reference_fronts/B__750_10_1439_5_S_1-9.json
B,data/input/set2/750_10_1439_5_S_1-9.dat,spea2,307,2000,0.8429564277260335,0.0024821530557201446,empirical,empirical_reference_fronts/B__750_10_1439_5_S_1-9.json
B,data/input/set2/750_10_1439_5_S_1-9.dat,spea2,401,2000,0.836614755128707,0.004301128831677957,empirical,empirical_reference_fronts/B__750_10_1439_5_S_1-9.json
B,data/input/set2/750_10_1439_5_S_1-9.dat,moead,401,2000,0.8133328902388871,0.01943146097434335,empirical,empirical_reference_fronts/B__750_10_1439_5_S_1-9.json
B,data/input/set2/750_10_1439_5_S_1-9.dat,spea2,503,2000,0.836858185607387,0.004544061169339282,empirical,empirical_reference_fronts/B__750_10_1439_5_S_1-9.json
B,data/input/set2/750_10_1439_5_S_1-9.dat,moead,503,2000,0.820901447725838,0.013944921720901072,empirical,empirical_reference_fronts/B__750_10_1439_5_S_1-9.json
B,data/input/set2/750_20_1439_5_S_1-124.dat,moead,101,2000,0.7739316787476872,0.00242977771816791,empirical,empirical_reference_fronts/B__750_20_1439_5_S_1-124.json
B,data/input/set2/750_20_1439_5_S_1-124.dat,vns_vnd,101,2000,0.34158892861248996,0.36807822607444507,empirical,empirical_reference_fronts/B__750_20_1439_5_S_1-124.json
B,data/input/set2/750_20_1439_5_S_1-124.dat,spea2,101,2000,0.7809751609212627,0.004773790225024452,empirical,empirical_reference_fronts/B__750_20_1439_5_S_1-124.json
B,data/input/set2/750_20_1439_5_S_1-124.dat,vns_vnd,211,2000,0.3367103321877748,0.3702351205932303,empirical,empirical_reference_fronts/B__750_20_1439_5_S_1-124.json
B,data/input/set2/750_20_1439_5_S_1-124.dat,spea2,211,2000,0.7759728937898761,0.003925935324884639,empirical,empirical_reference_fronts/B__750_20_1439_5_S_1-124.json
B,data/input/set2/750_20_1439_5_S_1-124.dat,moead,211,2000,0.7695285772277538,0.005412659748622771,empirical,empirical_reference_fronts/B__750_20_1439_5_S_1-124.json
B,data/input/set2/750_20_1439_5_S_1-124.dat,spea2,307,2000,0.7833059712134772,0.004134268818505152,empirical,empirical_reference_fronts/B__750_20_1439_5_S_1-124.json
B,data/input/set2/750_20_1439_5_S_1-124.dat,moead,307,2000,0.774158257374565,0.003786188311117532,empirical,empirical_reference_fronts/B__750_20_1439_5_S_1-124.json
B,data/input/set2/750_20_1439_5_S_1-124.dat,vns_vnd,307,2000,0.3646822373720721,0.3389105536537804,empirical,empirical_reference_fronts/B__750_20_1439_5_S_1-124.json
B,data/input/set2/750_20_1439_5_S_1-124.dat,moead,401,2000,0.7733016474250208,0.003115135885476641,empirical,empirical_reference_fronts/B__750_20_1439_5_S_1-124.json
B,data/input/set2/750_20_1439_5_S_1-124.dat,vns_vnd,401,2000,0.3111335092153482,0.4009289441380973,empirical,empirical_reference_fronts/B__750_20_1439_5_S_1-124.json
B,data/input/set2/750_20_1439_5_S_1-124.dat,spea2,401,2000,0.7825217279871007,0.005032817360941608,empirical,empirical_reference_fronts/B__750_20_1439_5_S_1-124.json
B,data/input/set2/750_20_1439_5_S_1-124.dat,vns_vnd,503,2000,0.3716055017244741,0.33096749118465507,empirical,empirical_reference_fronts/B__750_20_1439_5_S_1-124.json
B,data/input/set2/750_20_1439_5_S_1-124.dat,spea2,503,2000,0.7816605378041159,0.0015835699114233582,empirical,empirical_reference_fronts/B__750_20_1439_5_S_1-124.json
B,data/input/set2/750_20_1439_5_S_1-124.dat,moead,503,2000,0.7730618254799692,0.0024704851396097683,empirical,empirical_reference_fronts/B__750_20_1439_5_S_1-124.json
B,data/input/set2/750_20_1439_5_S_1-9.dat,spea2,101,2000,0.9878028938482305,0.000337010105471114,empirical,empirical_reference_fronts/B__750_20_1439_5_S_1-9.json
B,data/input/set2/750_20_1439_5_S_1-9.dat,moead,101,2000,0.9820071930011072,0.0021485841612514825,empirical,empirical_reference_fronts/B__750_20_1439_5_S_1-9.json
B,data/input/set2/750_20_1439_5_S_1-9.dat,vns_vnd,101,2000,0.1522034043719706,0.800689439020365,empirical,empirical_reference_fronts/B__750_20_1439_5_S_1-9.json
B,data/input/set2/750_20_1439_5_S_1-9.dat,moead,211,2000,0.9812991471074531,0.0037790228123893914,empirical,empirical_reference_fronts/B__750_20_1439_5_S_1-9.json
B,data/input/set2/750_20_1439_5_S_1-9.dat,vns_vnd,211,2000,0.08651306907059604,0.8732382257122747,empirical,empirical_reference_fronts/B__750_20_1439_5_S_1-9.json
B,data/input/set2/750_20_1439_5_S_1-9.dat,spea2,211,2000,0.9830775307694389,0.002577093748716514,empirical,empirical_reference_fronts/B__750_20_1439_5_S_1-9.json
B,data/input/set2/750_20_1439_5_S_1-9.dat,vns_vnd,307,2000,0.09286136555434342,0.8658747646081669,empirical,empirical_reference_fronts/B__750_20_1439_5_S_1-9.json
B,data/input/set2/750_20_1439_5_S_1-9.dat,spea2,307,2000,0.984067009996721,0.0016553464700621242,empirical,empirical_reference_fronts/B__750_20_1439_5_S_1-9.json
B,data/input/set2/750_20_1439_5_S_1-9.dat,moead,307,2000,0.9823420733365558,0.001974624909942415,empirical,empirical_reference_fronts/B__750_20_1439_5_S_1-9.json
B,data/input/set2/750_20_1439_5_S_1-9.dat,spea2,401,2000,0.9827693785298277,0.0025604127479341987,empirical,empirical_reference_fronts/B__750_20_1439_5_S_1-9.json
B,data/input/set2/750_20_1439_5_S_1-9.dat,moead,401,2000,0.9796667393836548,0.0031593978378543523,empirical,empirical_reference_fronts/B__750_20_1439_5_S_1-9.json
B,data/input/set2/750_20_1439_5_S_1-9.dat,vns_vnd,401,2000,0.11427081725720915,0.8410785096669107,empirical,empirical_reference_fronts/B__750_20_1439_5_S_1-9.json
B,data/input/set2/750_20_1439_5_S_1-9.dat,moead,503,2000,0.9813047759880836,0.0026624960019645994,empirical,empirical_reference_fronts/B__750_20_1439_5_S_1-9.json
B,data/input/set2/750_20_1439_5_S_1-9.dat,vns_vnd,503,2000,0.07145752495545314,0.8875355569071837,empirical,empirical_reference_fronts/B__750_20_1439_5_S_1-9.json
B,data/input/set2/750_20_1439_5_S_1-9.dat,spea2,503,2000,0.9862192787863211,0.001848434987761829,empirical,empirical_reference_fronts/B__750_20_1439_5_S_1-9.json
C,data/input/set2/250_10_1439_5_S_1-9.dat,vns_vnd,101,20000,0.05563751824977586,0.8557292035794877,empirical,empirical_reference_fronts/C__250_10_1439_5_S_1-9.json
C,data/input/set2/250_10_1439_5_S_1-9.dat,spea2,101,20000,0.9410480045341113,0.0033622972946091233,empirical,empirical_reference_fronts/C__250_10_1439_5_S_1-9.json
C,data/input/set2/250_10_1439_5_S_1-9.dat,moead,101,20000,0.9292558193361273,0.007880617518954112,empirical,empirical_reference_fronts/C__250_10_1439_5_S_1-9.json
C,data/input/set2/250_10_1439_5_S_1-9.dat,spea2,211,20000,0.9445869826046701,0.0008269847634322352,empirical,empirical_reference_fronts/C__250_10_1439_5_S_1-9.json
C,data/input/set2/250_10_1439_5_S_1-9.dat,moead,211,20000,0.9238101674733613,0.01478795845545844,empirical,empirical_reference_fronts/C__250_10_1439_5_S_1-9.json
C,data/input/set2/250_10_1439_5_S_1-9.dat,vns_vnd,211,20000,0.04770167045402503,0.8630044026150941,empirical,empirical_reference_fronts/C__250_10_1439_5_S_1-9.json
C,data/input/set2/250_10_1439_5_S_1-9.dat,moead,307,20000,0.9289886119417667,0.007221691281248637,empirical,empirical_reference_fronts/C__250_10_1439_5_S_1-9.json
C,data/input/set2/250_10_1439_5_S_1-9.dat,vns_vnd,307,20000,0.0473970094126382,0.8618363587211543,empirical,empirical_reference_fronts/C__250_10_1439_5_S_1-9.json
C,data/input/set2/250_10_1439_5_S_1-9.dat,spea2,307,20000,0.9361497047024822,0.005068993667035136,empirical,empirical_reference_fronts/C__250_10_1439_5_S_1-9.json
C,data/input/set2/250_10_1439_5_S_1-9.dat,vns_vnd,401,20000,0.04765520320332136,0.8613300976484375,empirical,empirical_reference_fronts/C__250_10_1439_5_S_1-9.json
C,data/input/set2/250_10_1439_5_S_1-9.dat,spea2,401,20000,0.9476661338736779,0.004908116445632721,empirical,empirical_reference_fronts/C__250_10_1439_5_S_1-9.json
C,data/input/set2/250_10_1439_5_S_1-9.dat,moead,401,20000,0.9488075630077751,0.0011635371186907413,empirical,empirical_reference_fronts/C__250_10_1439_5_S_1-9.json
C,data/input/set2/250_10_1439_5_S_1-9.dat,spea2,503,20000,0.9359699003277805,0.005440751017940171,empirical,empirical_reference_fronts/C__250_10_1439_5_S_1-9.json
C,data/input/set2/250_10_1439_5_S_1-9.dat,moead,503,20000,0.9296028474384198,0.01163738147497697,empirical,empirical_reference_fronts/C__250_10_1439_5_S_1-9.json
C,data/input/set2/250_10_1439_5_S_1-9.dat,vns_vnd,503,20000,0.04694014659048967,0.8641511270576371,empirical,empirical_reference_fronts/C__250_10_1439_5_S_1-9.json
