experiment,instance,algorithm,seed,planned_max_evaluations,status,initialization_success,run_completed,failure_stage,failure_reason,initialization_attempts,search_attempts,feasible_evaluations,rejected_evaluations,elapsed_seconds,quality_status,outcome_file
A,data/input/set2/250_10_1439_5_S_1-9.dat,vns_vnd,101,8000,completed,True,True,,,,8000,5089,2911,18.660024436999265,valid_front,outcomes/A__250_10_1439_5_S_1-9__vns_vnd__b8000__s101.json
A,data/input/set2/250_10_1439_5_S_1-9.dat,spea2,101,8000,completed,True,True,,,,8000,8000,0,37.300179010999955,valid_front,outcomes/A__250_10_1439_5_S_1-9__spea2__b8000__s101.json
A,data/input/set2/250_10_1439_5_S_1-9.dat,moead,101,8000,completed,True,True,,,,8000,8000,0,32.352388915000006,valid_front,outcomes/A__250_10_1439_5_S_1-9__moead__b8000__s101.json
A,data/input/set2/250_10_1439_5_S_1-9.dat,spea2,211,8000,completed,True,True,,,,8000,8000,0,41.32890232700004,valid_front,outcomes/A__250_10_1439_5_S_1-9__spea2__b8000__s211.json
A,data/input/set2/250_10_1439_5_S_1-9.dat,moead,211,8000,completed,True,True,,,,8000,8000,0,38.775711441,valid_front,outcomes/A__250_10_1439_5_S_1-9__moead__b8000__s211.json
A,data/input/set2/250_10_1439_5_S_1-9.dat,vns_vnd,211,8000,completed,True,True,,,,8000,4004,3996,16.549102925000057,valid_front,outcomes/A__250_10_1439_5_S_1-9__vns_vnd__b8000__s211.json
A,data/input/set2/250_10_1439_5_S_1-9.dat,moead,307,8000,completed,True,True,,,,8000,8000,0,33.26760681799999,valid_front,outcomes/A__250_10_1439_5_S_1-9__moead__b8000__s307.json
A,data/input/set2/250_10_1439_5_S_1-9.dat,vns_vnd,307,8000,completed,True,True,,,,8000,4114,3886,17.051403212999958,valid_front,outcomes/A__250_10_1439_5_S_1-9__vns_vnd__b8000__s307.json
A,data/input/set2/250_10_1439_5_S_1-9.dat,spea2,307,8000,completed,True,True,,,,8000,8000,0,38.17456051399995,valid_front,outcomes/A__250_10_1439_5_S_1-9__spea2__b8000__s307.json
A,data/input/set2/250_10_1439_5_S_1-9.dat,vns_vnd,401,8000,completed,True,True,,,,8000,4250,3750,17.043743957999936,valid_front,outcomes/A__250_10_1439_5_S_1-9__vns_vnd__b8000__s401.json
A,data/input/set2/250_10_1439_5_S_1-9.dat,spea2,401,8000,completed,True,True,,,,8000,8000,0,38.22580102100005,valid_front,outcomes/A__250_10_1439_5_S_1-9__spea2__b8000__s401.json
A,data/input/set2/250_10_1439_5_S_1-9.dat,moead,401,8000,completed,True,True,,,,8000,8000,0,32.51087057699988,valid_front,outcomes/A__250_10_1439_5_S_1-9__moead__b8000__s401.json
A,data/input/set2/250_10_1439_5_S_1-9.dat,spea2,503,8000,completed,True,True,,,,8000,8000,0,38.38324518099989,valid_front,outcomes/A__250_10_1439_5_S_1-9__spea2__b8000__s503.json
A,data/input/set2/250_10_1439_5_S_1-9.dat,moead,503,8000,completed,True,True,,,,8000,8000,0,32.17007166600001,valid_front,outcomes/A__250_10_1439_5_S_1-9__moead__b8000__s503.json
A,data/input/set2/250_10_1439_5_S_1-9.dat,vns_vnd,503,8000,completed,True,True,,,,8000,4471,3529,17.15889716999982,valid_front,outcomes/A__250_10_1439_5_S_1-9__vns_vnd__b8000__s503.json
A,data/input/set2/250_10_1439_5_S_1-9.dat,moead,601,8000,completed,True,True,,,,8000,8000,0,31.700100607999957,valid_front,outcomes/A__250_10_1439_5_S_1-9__moead__b8000__s601.json
A,data/input/set2/250_10_1439_5_S_1-9.dat,vns_vnd,601,8000,completed,True,True,,,,8000,4193,3807,16.537510440000005,valid_front,outcomes/A__250_10_1439_5_S_1-9__vns_vnd__b8000__s601.json
A,data/input/set2/250_10_1439_5_S_1-9.dat,spea2,601,8000,completed,True,True,,,,8000,8000,0,37.85183834400004,valid_front,outcomes/A__250_10_1439_5_S_1-9__spea2__b8000__s601.json
A,data/input/set2/250_10_1439_5_S_1-9.dat,vns_vnd,701,8000,completed,True,True,,,,8000,4973,3027,18.616745075999916,valid_front,outcomes/A__250_10_1439_5_S_1-9__vns_vnd__b8000__s701.json
A,data/input/set2/250_10_1439_5_S_1-9.dat,spea2,701,8000,completed,True,True,,,,8000,8000,0,38.78255359599984,valid_front,outcomes/A__250_10_1439_5_S_1-9__spea2__b8000__s701.json
A,data/input/set2/250_10_1439_5_S_1-9.dat,moead,701,8000,completed,True,True,,,,8000,8000,0,33.11991328599993,valid_front,outcomes/A__250_10_1439_5_S_1-9__moead__b8000__s701.json
A,data/input/set2/250_10_1439_5_S_1-9.dat,spea2,809,8000,completed,True,True,,,,8000,8000,0,38.94331899400004,valid_front,outcomes/A__250_10_1439_5_S_1-9__spea2__b8000__s809.json
A,data/input/set2/250_10_1439_5_S_1-9.dat,moead,809,8000,completed,True,True,,,,8000,8000,0,32.96701221000012,valid_front,outcomes/A__250_10_1439_5_S_1-9__moead__b8000__s809.json
A,data/input/set2/250_10_1439_5_S_1-9.dat,vns_vnd,809,8000,completed,True,True,,,,8000,3728,4272,15.89019319099998,valid_front,outcomes/A__250_10_1439_5_S_1-9__vns_vnd__b8000__s809.json
A,data/input/set2/250_10_1439_5_S_1-9.dat,moead,907,8000,completed,True,True,,,,8000,8000,0,32.29932389700002,valid_front,outcomes/A__250_10_1439_5_S_1-9__moead__b8000__s907.json
A,data/input/set2/250_10_1439_5_S_1-9.dat,vns_vnd,907,8000,completed,True,True,,,,8000,4383,3617,17.368260503999863,valid_front,outcomes/A__250_10_1439_5_S_1-9__vns_vnd__b8000__s907.json
A,data/input/set2/250_10_1439_5_S_1-9.dat,spea2,907,8000,completed,True,True,,,,8000,8000,0,37.87995730099988,valid_front,outcomes/A__250_10_1439_5_S_1-9__spea2__b8000__s907.json
A,data/input/set2/250_10_1439_5_S_1-9.dat,vns_vnd,1009,8000,completed,True,True,,,,8000,4165,3835,16.727823710999928,valid_front,outcomes/A__250_10_1439_5_S_1-9__vns_vnd__b8000__s1009.json
A,data/input/set2/250_10_1439_5_S_1-9.dat,spea2,1009,8000,completed,True,True,,,,8000,8000,0,40.17301387500015,valid_front,outcomes/A__250_10_1439_5_S_1-9__spea2__b8000__s1009.json
A,data/input/set2/250_10_1439_5_S_1-9.dat,moead,1009,8000,completed,True,True,,,,8000,8000,0,33.621238318999985,valid_front,outcomes/A__250_10_1439_5_S_1-9__moead__b8000__s1009.json
A,data/input/set1/6_2_1439_3_S_1-9.dat,spea2,101,8000,completed,True,True,,,,8000,8000,0,8.036364936999917,valid_front,outcomes/A__6_2_1439_3_S_1-9__spea2__b8000__s101.json
A,data/input/set1/6_2_1439_3_S_1-9.dat,moead,101,8000,completed,True,True,,,,8000,8000,0,2.920079714999929,valid_front,outcomes/A__6_2_1439_3_S_1-9__moead__b8000__s101.json
A,data/input/set1/6_2_1439_3_S_1-9.dat,vns_vnd,101,8000,completed,True,True,,,,8000,6946,1054,0.7812223309999808,valid_front,outcomes/A__6_2_1439_3_S_1-9__vns_vnd__b8000__s101.json
A,data/input/set1/6_2_1439_3_S_1-9.dat,moead,211,8000,completed,True,True,,,,8000,8000,0,2.8994741760000124,valid_front,outcomes/A__6_2_1439_3_S_1-9__moead__b8000__s211.json
A,data/input/set1/6_2_1439_3_S_1-9.dat,vns_vnd,211,8000,completed,True,True,,,,8000,7039,961,0.7877920569999333,valid_front,outcomes/A__6_2_1439_3_S_1-9__vns_vnd__b8000__s211.json
A,data/input/set1/6_2_1439_3_S_1-9.dat,spea2,211,8000,completed,True,True,,,,8000,8000,0,7.670054322999931,valid_front,outcomes/A__6_2_1439_3_S_1-9__spea2__b8000__s211.json
A,data/input/set1/6_2_1439_3_S_1-9.dat,vns_vnd,307,8000,completed,True,True,,,,8000,6988,1012,0.7842155939999884,valid_front,outcomes/A__6_2_1439_3_S_1-9__vns_vnd__b8000__s307.json
A,data/input/set1/6_2_1439_3_S_1-9.dat,spea2,307,8000,completed,True,True,,,,8000,8000,0,7.740446150000025,valid_front,outcomes/A__6_2_1439_3_S_1-9__spea2__b8000__s307.json
A,data/input/set1/6_2_1439_3_S_1-9.dat,moead,307,8000,completed,True,True,,,,8000,8000,0,2.908902227999988,valid_front,outcomes/A__6_2_1439_3_S_1-9__moead__b8000__s307.json
A,data/input/set1/6_2_1439_3_S_1-9.dat,spea2,401,8000,completed,True,True,,,,8000,8000,0,7.704293008999912,valid_front,outcomes/A__6_2_1439_3_S_1-9__spea2__b8000__s401.json
A,data/input/set1/6_2_1439_3_S_1-9.dat,moead,401,8000,completed,True,True,,,,8000,8000,0,2.9506193370000346,valid_front,outcomes/A__6_2_1439_3_S_1-9__moead__b8000__s401.json
A,data/input/set1/6_2_1439_3_S_1-9.dat,vns_vnd,401,8000,completed,True,True,,,,8000,6860,1140,0.7962941279999995,valid_front,outcomes/A__6_2_1439_3_S_1-9__vns_vnd__b8000__s401.json
A,data/input/set1/6_2_1439_3_S_1-9.dat,moead,503,8000,completed,True,True,,,,8000,8000,0,2.9044322960000954,valid_front,outcomes/A__6_2_1439_3_S_1-9__moead__b8000__s503.json
A,data/input/set1/6_2_1439_3_S_1-9.dat,vns_vnd,503,8000,completed,True,True,,,,8000,7030,970,0.8237522179999814,valid_front,outcomes/A__6_2_1439_3_S_1-9__vns_vnd__b8000__s503.json
A,data/input/set1/6_2_1439_3_S_1-9.dat,spea2,503,8000,completed,True,True,,,,8000,8000,0,7.80807908099996,valid_front,outcomes/A__6_2_1439_3_S_1-9__spea2__b8000__s503.json
A,data/input/set1/6_2_1439_3_S_1-9.dat,vns_vnd,601,8000,completed,True,True,,,,8000,7097,903,0.8138094670000555,valid_front,outcomes/A__6_2_1439_3_S_1-9__vns_vnd__b8000__s601.json
A,data/input/set1/6_2_1439_3_S_1-9.dat,spea2,601,8000,completed,True,True,,,,8000,8000,0,7.795814278999842,valid_front,outcomes/A__6_2_1439_3_S_1-9__spea2__b8000__s601.json
A,data/input/set1/6_2_1439_3_S_1-9.dat,moead,601,8000,completed,True,True,,,,8000,8000,0,2.9733628430001318,valid_front,outcomes/A__6_2_1439_3_S_1-9__moead__b8000__s601.json
A,data/input/set1/6_2_1439_3_S_1-9.dat,spea2,701,8000,completed,True,True,,,,8000,8000,0,7.838981656999977,valid_front,outcomes/A__6_2_1439_3_S_1-9__spea2__b8000__s701.json
A,data/input/set1/6_2_1439_3_S_1-9.dat,moead,701,8000,completed,True,True,,,,8000,8000,0,2.973708154000178,valid_front,outcomes/A__6_2_1439_3_S_1-9__moead__b8000__s701.json
A,data/input/set1/6_2_1439_3_S_1-9.dat,vns_vnd,701,8000,completed,True,True,,,,8000,7103,897,0.7873584589999609,valid_front,outcomes/A__6_2_1439_3_S_1-9__vns_vnd__b8000__s701.json
A,data/input/set1/6_2_1439_3_S_1-9.dat,moead,809,8000,completed,True,True,,,,8000,8000,0,2.984684514000037,valid_front,outcomes/A__6_2_1439_3_S_1-9__moead__b8000__s809.json
A,data/input/set1/6_2_1439_3_S_1-9.dat,vns_vnd,809,8000,completed,True,True,,,,8000,7072,928,0.7885335920000216,valid_front,outcomes/A__6_2_1439_3_S_1-9__vns_vnd__b8000__s809.json
A,data/input/set1/6_2_1439_3_S_1-9.dat,spea2,809,8000,completed,True,True,,,,8000,8000,0,7.92774966900015,valid_front,outcomes/A__6_2_1439_3_S_1-9__spea2__b8000__s809.json
A,data/input/set1/6_2_1439_3_S_1-9.dat,vns_vnd,907,8000,completed,True,True,,,,8000,7199,801,0.800872365000032,valid_front,outcomes/A__6_2_1439_3_S_1-9__vns_vnd__b8000__s907.json
A,data/input/set1/6_2_1439_3_S_1-9.dat,spea2,907,8000,completed,True,True,,,,8000,8000,0,7.952066095999953,valid_front,outcomes/A__6_2_1439_3_S_1-9__spea2__b8000__s907.json
A,data/input/set1/6_2_1439_3_S_1-9.dat,moead,907,8000,completed,True,True,,,,8000,8000,0,2.935500119999915,valid_front,outcomes/A__6_2_1439_3_S_1-9__moead__b8000__s907.json
A,data/input/set1/6_2_1439_3_S_1-9.dat,spea2,1009,8000,completed,True,True,,,,8000,8000,0,7.83135310800003,valid_front,outcomes/A__6_2_1439_3_S_1-9__spea2__b8000__s1009.json
A,data/input/set1/6_2_1439_3_S_1-9.dat,moead,1009,8000,completed,True,True,,,,8000,8000,0,2.9603197660001115,valid_front,outcomes/A__6_2_1439_3_S_1-9__moead__b8000__s1009.json
A,data/input/set1/6_2_1439_3_S_1-9.dat,vns_vnd,1009,8000,completed,True,True,,,,8000,6889,1111,0.8330861970000569,valid_front,outcomes/A__6_2_1439_3_S_1-9__vns_vnd__b8000__s1009.json
A,data/input/set1/7_2_1439_3_S_1-9.dat,moead,101,8000,completed,True,True,,,,8000,8000,0,2.9915796830000545,valid_front,outcomes/A__7_2_1439_3_S_1-9__moead__b8000__s101.json
A,data/input/set1/7_2_1439_3_S_1-9.dat,vns_vnd,101,8000,completed,True,True,,,,8000,6960,1040,0.8735483220000333,valid_front,outcomes/A__7_2_1439_3_S_1-9__vns_vnd__b8000__s101.json
A,data/input/set1/7_2_1439_3_S_1-9.dat,spea2,101,8000,completed,True,True,,,,8000,8000,0,7.845765412999981,valid_front,outcomes/A__7_2_1439_3_S_1-9__spea2__b8000__s101.json
A,data/input/set1/7_2_1439_3_S_1-9.dat,vns_vnd,211,8000,completed,True,True,,,,8000,7209,791,0.8364088050000191,valid_front,outcomes/A__7_2_1439_3_S_1-9__vns_vnd__b8000__s211.json
A,data/input/set1/7_2_1439_3_S_1-9.dat,spea2,211,8000,completed,True,True,,,,8000,8000,0,7.95527280500005,valid_front,outcomes/A__7_2_1439_3_S_1-9__spea2__b8000__s211.json
A,data/input/set1/7_2_1439_3_S_1-9.dat,moead,211,8000,completed,True,True,,,,8000,8000,0,2.911321093999959,valid_front,outcomes/A__7_2_1439_3_S_1-9__moead__b8000__s211.json
A,data/input/set1/7_2_1439_3_S_1-9.dat,spea2,307,8000,completed,True,True,,,,8000,8000,0,7.97237407700004,valid_front,outcomes/A__7_2_1439_3_S_1-9__spea2__b8000__s307.json
A,data/input/set1/7_2_1439_3_S_1-9.dat,moead,307,8000,completed,True,True,,,,8000,8000,0,2.981656052000062,valid_front,outcomes/A__7_2_1439_3_S_1-9__moead__b8000__s307.json
A,data/input/set1/7_2_1439_3_S_1-9.dat,vns_vnd,307,8000,completed,True,True,,,,8000,7090,910,0.8490252419999251,valid_front,outcomes/A__7_2_1439_3_S_1-9__vns_vnd__b8000__s307.json
A,data/input/set1/7_2_1439_3_S_1-9.dat,moead,401,8000,completed,True,True,,,,8000,8000,0,3.0329204069998923,valid_front,outcomes/A__7_2_1439_3_S_1-9__moead__b8000__s401.json
A,data/input/set1/7_2_1439_3_S_1-9.dat,vns_vnd,401,8000,completed,True,True,,,,8000,6795,1205,0.8378957369998261,valid_front,outcomes/A__7_2_1439_3_S_1-9__vns_vnd__b8000__s401.json
A,data/input/set1/7_2_1439_3_S_1-9.dat,spea2,401,8000,completed,True,True,,,,8000,8000,0,7.868449423999891,valid_front,outcomes/A__7_2_1439_3_S_1-9__spea2__b8000__s401.json
A,data/input/set1/7_2_1439_3_S_1-9.dat,vns_vnd,503,8000,completed,True,True,,,,8000,6986,1014,0.8537496779999856,valid_front,outcomes/A__7_2_1439_3_S_1-9__vns_vnd__b8000__s503.json
A,data/input/set1/7_2_1439_3_S_1-9.dat,spea2,503,8000,completed,True,True,,,,8000,8000,0,7.972297370999968,valid_front,outcomes/A__7_2_1439_3_S_1-9__spea2__b8000__s503.json
A,data/input/set1/7_2_1439_3_S_1-9.dat,moead,503,8000,completed,True,True,,,,8000,8000,0,2.9142602500000976,valid_front,outcomes/A__7_2_1439_3_S_1-9__moead__b8000__s503.json
A,data/input/set1/7_2_1439_3_S_1-9.dat,spea2,601,8000,completed,True,True,,,,8000,8000,0,7.730853587999945,valid_front,outcomes/A__7_2_1439_3_S_1-9__spea2__b8000__s601.json
A,data/input/set1/7_2_1439_3_S_1-9.dat,moead,601,8000,completed,True,True,,,,8000,8000,0,3.128655068999933,valid_front,outcomes/A__7_2_1439_3_S_1-9__moead__b8000__s601.json
A,data/input/set1/7_2_1439_3_S_1-9.dat,vns_vnd,601,8000,completed,True,True,,,,8000,6938,1062,0.8542548990001251,valid_front,outcomes/A__7_2_1439_3_S_1-9__vns_vnd__b8000__s601.json
A,data/input/set1/7_2_1439_3_S_1-9.dat,moead,701,8000,completed,True,True,,,,8000,8000,0,2.987151937000135,valid_front,outcomes/A__7_2_1439_3_S_1-9__moead__b8000__s701.json
A,data/input/set1/7_2_1439_3_S_1-9.dat,vns_vnd,701,8000,completed,True,True,,,,8000,6546,1454,0.8182300549999582,valid_front,outcomes/A__7_2_1439_3_S_1-9__vns_vnd__b8000__s701.json
A,data/input/set1/7_2_1439_3_S_1-9.dat,spea2,701,8000,completed,True,True,,,,8000,8000,0,7.840459385000031,valid_front,outcomes/A__7_2_1439_3_S_1-9__spea2__b8000__s701.json
A,data/input/set1/7_2_1439_3_S_1-9.dat,vns_vnd,809,8000,completed,True,True,,,,8000,7071,929,0.8405940840000312,valid_front,outcomes/A__7_2_1439_3_S_1-9__vns_vnd__b8000__s809.json
A,data/input/set1/7_2_1439_3_S_1-9.dat,spea2,809,8000,completed,True,True,,,,8000,8000,0,8.646065402999966,valid_front,outcomes/A__7_2_1439_3_S_1-9__spea2__b8000__s809.json
A,data/input/set1/7_2_1439_3_S_1-9.dat,moead,809,8000,completed,True,True,,,,8000,8000,0,2.975447380000105,valid_front,outcomes/A__7_2_1439_3_S_1-9__moead__b8000__s809.json
A,data/input/set1/7_2_1439_3_S_1-9.dat,spea2,907,8000,completed,True,True,,,,8000,8000,0,7.863345245000119,valid_front,outcomes/A__7_2_1439_3_S_1-9__spea2__b8000__s907.json
A,data/input/set1/7_2_1439_3_S_1-9.dat,moead,907,8000,completed,True,True,,,,8000,8000,0,3.0228249729998424,valid_front,outcomes/A__7_2_1439_3_S_1-9__moead__b8000__s907.json
A,data/input/set1/7_2_1439_3_S_1-9.dat,vns_vnd,907,8000,completed,True,True,,,,8000,7076,924,0.854287210999928,valid_front,outcomes/A__7_2_1439_3_S_1-9__vns_vnd__b8000__s907.json
A,data/input/set1/7_2_1439_3_S_1-9.dat,moead,1009,8000,completed,True,True,,,,8000,8000,0,2.970624305000001,valid_front,outcomes/A__7_2_1439_3_S_1-9__moead__b8000__s1009.json
A,data/input/set1/7_2_1439_3_S_1-9.dat,vns_vnd,1009,8000,completed,True,True,,,,8000,6994,1006,0.8414581219999491,valid_front,outcomes/A__7_2_1439_3_S_1-9__vns_vnd__b8000__s1009.json
A,data/input/set1/7_2_1439_3_S_1-9.dat,spea2,1009,8000,completed,True,True,,,,8000,8000,0,8.167099019000034,valid_front,outcomes/A__7_2_1439_3_S_1-9__spea2__b8000__s1009.json
A,data/input/set1/8_2_1439_3_S_1-9.dat,vns_vnd,101,8000,completed,True,True,,,,8000,6910,1090,0.8925259469999673,valid_front,outcomes/A__8_2_1439_3_S_1-9__vns_vnd__b8000__s101.json
A,data/input/set1/8_2_1439_3_S_1-9.dat,spea2,101,8000,completed,True,True,,,,8000,8000,0,8.038427956000078,valid_front,outcomes/A__8_2_1439_3_S_1-9__spea2__b8000__s101.json
A,data/input/set1/8_2_1439_3_S_1-9.dat,moead,101,8000,completed,True,True,,,,8000,8000,0,3.1027717270001176,valid_front,outcomes/A__8_2_1439_3_S_1-9__moead__b8000__s101.json
A,data/input/set1/8_2_1439_3_S_1-9.dat,spea2,211,8000,completed,True,True,,,,8000,8000,0,8.247379064000143,valid_front,outcomes/A__8_2_1439_3_S_1-9__spea2__b8000__s211.json
A,data/input/set1/8_2_1439_3_S_1-9.dat,moead,211,8000,completed,True,True,,,,8000,8000,0,3.1518104120000316,valid_front,outcomes/A__8_2_1439_3_S_1-9__moead__b8000__s211.json
A,data/input/set1/8_2_1439_3_S_1-9.dat,vns_vnd,211,8000,completed,True,True,,,,8000,6819,1181,0.9136273440001332,valid_front,outcomes/A__8_2_1439_3_S_1-9__vns_vnd__b8000__s211.json
A,data/input/set1/8_2_1439_3_S_1-9.dat,moead,307,8000,completed,True,True,,,,8000,8000,0,3.202490943000157,valid_front,outcomes/A__8_2_1439_3_S_1-9__moead__b8000__s307.json
A,data/input/set1/8_2_1439_3_S_1-9.dat,vns_vnd,307,8000,completed,True,True,,,,8000,7050,950,0.9253756989999147,valid_front,outcomes/A__8_2_1439_3_S_1-9__vns_vnd__b8000__s307.json
A,data/input/set1/8_2_1439_3_S_1-9.dat,spea2,307,8000,completed,True,True,,,,8000,8000,0,8.013772716999938,valid_front,outcomes/A__8_2_1439_3_S_1-9__spea2__b8000__s307.json
A,data/input/set1/8_2_1439_3_S_1-9.dat,vns_vnd,401,8000,completed,True,True,,,,8000,7047,953,0.9632708459998867,valid_front,outcomes/A__8_2_1439_3_S_1-9__vns_vnd__b8000__s401.json
A,data/input/set1/8_2_1439_3_S_1-9.dat,spea2,401,8000,completed,True,True,,,,8000,8000,0,8.07409999100014,valid_front,outcomes/A__8_2_1439_3_S_1-9__spea2__b8000__s401.json
A,data/input/set1/8_2_1439_3_S_1-9.dat,moead,401,8000,completed,True,True,,,,8000,8000,0,3.0630684489999567,valid_front,outcomes/A__8_2_1439_3_S_1-9__moead__b8000__s401.json
A,data/input/set1/8_2_1439_3_S_1-9.dat,spea2,503,8000,completed,True,True,,,,8000,8000,0,8.093545898999992,valid_front,outcomes/A__8_2_1439_3_S_1-9__spea2__b8000__s503.json
A,data/input/set1/8_2_1439_3_S_1-9.dat,moead,503,8000,completed,True,True,,,,8000,8000,0,3.0436341939998783,valid_front,outcomes/A__8_2_1439_3_S_1-9__moead__b8000__s503.json
A,data/input/set1/8_2_1439_3_S_1-9.dat,vns_vnd,503,8000,completed,True,True,,,,8000,6871,1129,0.8597094169999764,valid_front,outcomes/A__8_2_1439_3_S_1-9__vns_vnd__b8000__s503.json
A,data/input/set1/8_2_1439_3_S_1-9.dat,moead,601,8000,completed,True,True,,,,8000,8000,0,3.108774700999902,valid_front,outcomes/A__8_2_1439_3_S_1-9__moead__b8000__s601.json
A,data/input/set1/8_2_1439_3_S_1-9.dat,vns_vnd,601,8000,completed,True,True,,,,8000,7020,980,0.9151007959999333,valid_front,outcomes/A__8_2_1439_3_S_1-9__vns_vnd__b8000__s601.json
A,data/input/set1/8_2_1439_3_S_1-9.dat,spea2,601,8000,completed,True,True,,,,8000,8000,0,7.9092647090001265,valid_front,outcomes/A__8_2_1439_3_S_1-9__spea2__b8000__s601.json
A,data/input/set1/8_2_1439_3_S_1-9.dat,vns_vnd,701,8000,completed,True,True,,,,8000,6753,1247,0.8976154469999074,valid_front,outcomes/A__8_2_1439_3_S_1-9__vns_vnd__b8000__s701.json
A,data/input/set1/8_2_1439_3_S_1-9.dat,spea2,701,8000,completed,True,True,,,,8000,8000,0,7.931668103999982,valid_front,outcomes/A__8_2_1439_3_S_1-9__spea2__b8000__s701.json
A,data/input/set1/8_2_1439_3_S_1-9.dat,moead,701,8000,completed,True,True,,,,8000,8000,0,3.0751710219999495,valid_front,outcomes/A__8_2_1439_3_S_1-9__moead__b8000__s701.json
A,data/input/set1/8_2_1439_3_S_1-9.dat,spea2,809,8000,completed,True,True,,,,8000,8000,0,7.893147789000068,valid_front,outcomes/A__8_2_1439_3_S_1-9__spea2__b8000__s809.json
A,data/input/set1/8_2_1439_3_S_1-9.dat,moead,809,8000,completed,True,True,,,,8000,8000,0,3.08569053899987,valid_front,outcomes/A__8_2_1439_3_S_1-9__moead__b8000__s809.json
A,data/input/set1/8_2_1439_3_S_1-9.dat,vns_vnd,809,8000,completed,True,True,,,,8000,6892,1108,0.9581968109998797,valid_front,outcomes/A__8_2_1439_3_S_1-9__vns_vnd__b8000__s809.json
A,data/input/set1/8_2_1439_3_S_1-9.dat,moead,907,8000,completed,True,True,,,,8000,8000,0,3.0886644790000446,valid_front,outcomes/A__8_2_1439_3_S_1-9__moead__b8000__s907.json
A,data/input/set1/8_2_1439_3_S_1-9.dat,vns_vnd,907,8000,completed,True,True,,,,8000,7108,892,0.8730654179998965,valid_front,outcomes/A__8_2_1439_3_S_1-9__vns_vnd__b8000__s907.json
A,data/input/set1/8_2_1439_3_S_1-9.dat,spea2,907,8000,completed,True,True,,,,8000,8000,0,7.698788994999859,valid_front,outcomes/A__8_2_1439_3_S_1-9__spea2__b8000__s907.json
A,data/input/set1/8_2_1439_3_S_1-9.dat,vns_vnd,1009,8000,completed,True,True,,,,8000,6973,1027,0.8739047789999859,valid_front,outcomes/A__8_2_1439_3_S_1-9__vns_vnd__b8000__s1009.json
A,data/input/set1/8_2_1439_3_S_1-9.dat,spea2,1009,8000,completed,True,True,,,,8000,8000,0,8.055319272999895,valid_front,outcomes/A__8_2_1439_3_S_1-9__spea2__b8000__s1009.json
A,data/input/set1/8_2_1439_3_S_1-9.dat,moead,1009,8000,completed,True,True,,,,8000,8000,0,3.033505944000126,valid_front,outcomes/A__8_2_1439_3_S_1-9__moead__b8000__s1009.json
A,data/input/set1/9_2_1439_3_S_1-9.dat,spea2,101,8000,completed,True,True,,,,8000,8000,0,7.789556793999964,valid_front,outcomes/A__9_2_1439_3_S_1-9__spea2__b8000__s101.json
A,data/input/set1/9_2_1439_3_S_1-9.dat,moead,101,8000,completed,True,True,,,,8000,8000,0,3.1462695200000326,valid_front,outcomes/A__9_2_1439_3_S_1-9__moead__b8000__s101.json
A,data/input/set1/9_2_1439_3_S_1-9.dat,vns_vnd,101,8000,completed,True,True,,,,8000,7122,878,0.9169380060000094,valid_front,outcomes/A__9_2_1439_3_S_1-9__vns_vnd__b8000__s101.json
A,data/input/set1/9_2_1439_3_S_1-9.dat,moead,211,8000,completed,True,True,,,,8000,8000,0,3.1685937009999634,valid_front,outcomes/A__9_2_1439_3_S_1-9__moead__b8000__s211.json
A,data/input/set1/9_2_1439_3_S_1-9.dat,vns_vnd,211,8000,completed,True,True,,,,8000,7072,928,0.9570072320000236,valid_front,outcomes/A__9_2_1439_3_S_1-9__vns_vnd__b8000__s211.json
A,data/input/set1/9_2_1439_3_S_1-9.dat,spea2,211,8000,completed,True,True,,,,8000,8000,0,8.160147129000052,valid_front,outcomes/A__9_2_1439_3_S_1-9__spea2__b8000__s211.json
A,data/input/set1/9_2_1439_3_S_1-9.dat,vns_vnd,307,8000,completed,True,True,,,,8000,6913,1087,0.9408975900000769,valid_front,outcomes/A__9_2_1439_3_S_1-9__vns_vnd__b8000__s307.json
A,data/input/set1/9_2_1439_3_S_1-9.dat,spea2,307,8000,completed,True,True,,,,8000,8000,0,7.8385311080000974,valid_front,outcomes/A__9_2_1439_3_S_1-9__spea2__b8000__s307.json
A,data/input/set1/9_2_1439_3_S_1-9.dat,moead,307,8000,completed,True,True,,,,8000,8000,0,3.046742251000069,valid_front,outcomes/A__9_2_1439_3_S_1-9__moead__b8000__s307.json
A,data/input/set1/9_2_1439_3_S_1-9.dat,spea2,401,8000,completed,True,True,,,,8000,8000,0,7.683499301999973,valid_front,outcomes/A__9_2_1439_3_S_1-9__spea2__b8000__s401.json
A,data/input/set1/9_2_1439_3_S_1-9.dat,moead,401,8000,completed,True,True,,,,8000,8000,0,3.045572939999829,valid_front,outcomes/A__9_2_1439_3_S_1-9__moead__b8000__s401.json
A,data/input/set1/9_2_1439_3_S_1-9.dat,vns_vnd,401,8000,completed,True,True,,,,8000,7131,869,0.9301683170001525,valid_front,outcomes/A__9_2_1439_3_S_1-9__vns_vnd__b8000__s401.json
A,data/input/set1/9_2_1439_3_S_1-9.dat,moead,503,8000,completed,True,True,,,,8000,8000,0,3.08845204499994,valid_front,outcomes/A__9_2_1439_3_S_1-9__moead__b8000__s503.json
A,data/input/set1/9_2_1439_3_S_1-9.dat,vns_vnd,503,8000,completed,True,True,,,,8000,7000,1000,0.9601943539998956,valid_front,outcomes/A__9_2_1439_3_S_1-9__vns_vnd__b8000__s503.json
A,data/input/set1/9_2_1439_3_S_1-9.dat,spea2,503,8000,completed,True,True,,,,8000,8000,0,7.728138608000108,valid_front,outcomes/A__9_2_1439_3_S_1-9__spea2__b8000__s503.json
A,data/input/set1/9_2_1439_3_S_1-9.dat,vns_vnd,601,8000,completed,True,True,,,,8000,6783,1217,0.9379349920000095,valid_front,outcomes/A__9_2_1439_3_S_1-9__vns_vnd__b8000__s601.json
A,data/input/set1/9_2_1439_3_S_1-9.dat,spea2,601,8000,completed,True,True,,,,8000,8000,0,7.620580797999992,valid_front,outcomes/A__9_2_1439_3_S_1-9__spea2__b8000__s601.json
A,data/input/set1/9_2_1439_3_S_1-9.dat,moead,601,8000,completed,True,True,,,,8000,8000,0,3.0759137800000644,valid_front,outcomes/A__9_2_1439_3_S_1-9__moead__b8000__s601.json
A,data/input/set1/9_2_1439_3_S_1-9.dat,spea2,701,8000,completed,True,True,,,,8000,8000,0,7.677940820999993,valid_front,outcomes/A__9_2_1439_3_S_1-9__spea2__b8000__s701.json
A,data/input/set1/9_2_1439_3_S_1-9.dat,moead,701,8000,completed,True,True,,,,8000,8000,0,3.069705388000102,valid_front,outcomes/A__9_2_1439_3_S_1-9__moead__b8000__s701.json
A,data/input/set1/9_2_1439_3_S_1-9.dat,vns_vnd,701,8000,completed,True,True,,,,8000,7004,996,0.9122937669999374,valid_front,outcomes/A__9_2_1439_3_S_1-9__vns_vnd__b8000__s701.json
A,data/input/set1/9_2_1439_3_S_1-9.dat,moead,809,8000,completed,True,True,,,,8000,8000,0,3.0912080660000356,valid_front,outcomes/A__9_2_1439_3_S_1-9__moead__b8000__s809.json
A,data/input/set1/9_2_1439_3_S_1-9.dat,vns_vnd,809,8000,completed,True,True,,,,8000,6679,1321,0.9100410940000074,valid_front,outcomes/A__9_2_1439_3_S_1-9__vns_vnd__b8000__s809.json
A,data/input/set1/9_2_1439_3_S_1-9.dat,spea2,809,8000,completed,True,True,,,,8000,8000,0,7.678356047000079,valid_front,outcomes/A__9_2_1439_3_S_1-9__spea2__b8000__s809.json
A,data/input/set1/9_2_1439_3_S_1-9.dat,vns_vnd,907,8000,completed,True,True,,,,8000,6850,1150,0.9222450709999066,valid_front,outcomes/A__9_2_1439_3_S_1-9__vns_vnd__b8000__s907.json
A,data/input/set1/9_2_1439_3_S_1-9.dat,spea2,907,8000,completed,True,True,,,,8000,8000,0,8.074395003999825,valid_front,outcomes/A__9_2_1439_3_S_1-9__spea2__b8000__s907.json
A,data/input/set1/9_2_1439_3_S_1-9.dat,moead,907,8000,completed,True,True,,,,8000,8000,0,3.248623070999656,valid_front,outcomes/A__9_2_1439_3_S_1-9__moead__b8000__s907.json
A,data/input/set1/9_2_1439_3_S_1-9.dat,spea2,1009,8000,completed,True,True,,,,8000,8000,0,7.9937002360002225,valid_front,outcomes/A__9_2_1439_3_S_1-9__spea2__b8000__s1009.json
A,data/input/set1/9_2_1439_3_S_1-9.dat,moead,1009,8000,completed,True,True,,,,8000,8000,0,3.1994682019999345,valid_front,outcomes/A__9_2_1439_3_S_1-9__moead__b8000__s1009.json
A,data/input/set1/9_2_1439_3_S_1-9.dat,vns_vnd,1009,8000,completed,True,True,,,,8000,6814,1186,0.9377325139998902,valid_front,outcomes/A__9_2_1439_3_S_1-9__vns_vnd__b8000__s1009.json
A,data/input/set1/10_2_1439_3_S_1-9.dat,moead,101,8000,completed,True,True,,,,8000,8000,0,3.269046109000101,valid_front,outcomes/A__10_2_1439_3_S_1-9__moead__b8000__s101.json
A,data/input/set1/10_2_1439_3_S_1-9.dat,vns_vnd,101,8000,completed,True,True,,,,8000,6973,1027,1.001680137999756,valid_front,outcomes/A__10_2_1439_3_S_1-9__vns_vnd__b8000__s101.json
A,data/input/set1/10_2_1439_3_S_1-9.dat,spea2,101,8000,completed,True,True,,,,8000,8000,0,8.051291794000008,valid_front,outcomes/A__10_2_1439_3_S_1-9__spea2__b8000__s101.json
A,data/input/set1/10_2_1439_3_S_1-9.dat,vns_vnd,211,8000,completed,True,True,,,,8000,6962,1038,0.99207099799969,valid_front,outcomes/A__10_2_1439_3_S_1-9__vns_vnd__b8000__s211.json
A,data/input/set1/10_2_1439_3_S_1-9.dat,spea2,211,8000,completed,True,True,,,,8000,8000,0,7.960405054999683,valid_front,outcomes/A__10_2_1439_3_S_1-9__spea2__b8000__s211.json
A,data/input/set1/10_2_1439_3_S_1-9.dat,moead,211,8000,completed,True,True,,,,8000,8000,0,3.2516158819998964,valid_front,outcomes/A__10_2_1439_3_S_1-9__moead__b8000__s211.json
A,data/input/set1/10_2_1439_3_S_1-9.dat,spea2,307,8000,completed,True,True,,,,8000,8000,0,7.956190563000291,valid_front,outcomes/A__10_2_1439_3_S_1-9__spea2__b8000__s307.json
A,data/input/set1/10_2_1439_3_S_1-9.dat,moead,307,8000,completed,True,True,,,,8000,8000,0,3.1623351030002596,valid_front,outcomes/A__10_2_1439_3_S_1-9__moead__b8000__s307.json
A,data/input/set1/10_2_1439_3_S_1-9.dat,vns_vnd,307,8000,completed,True,True,,,,8000,6934,1066,0.9929643139998916,valid_front,outcomes/A__10_2_1439_3_S_1-9__vns_vnd__b8000__s307.json
A,data/input/set1/10_2_1439_3_S_1-9.dat,moead,401,8000,completed,True,True,,,,8000,8000,0,3.1815871120002157,valid_front,outcomes/A__10_2_1439_3_S_1-9__moead__b8000__s401.json
A,data/input/set1/10_2_1439_3_S_1-9.dat,vns_vnd,401,8000,completed,True,True,,,,8000,6911,1089,0.962560628999654,valid_front,outcomes/A__10_2_1439_3_S_1-9__vns_vnd__b8000__s401.json
A,data/input/set1/10_2_1439_3_S_1-9.dat,spea2,401,8000,completed,True,True,,,,8000,8000,0,7.989728313999876,valid_front,outcomes/A__10_2_1439_3_S_1-9__spea2__b8000__s401.json
A,data/input/set1/10_2_1439_3_S_1-9.dat,vns_vnd,503,8000,completed,True,True,,,,8000,6857,1143,0.9970687899999575,valid_front,outcomes/A__10_2_1439_3_S_1-9__vns_vnd__b8000__s503.json
A,data/input/set1/10_2_1439_3_S_1-9.dat,spea2,503,8000,completed,True,True,,,,8000,8000,0,8.16341249900006,valid_front,outcomes/A__10_2_1439_3_S_1-9__spea2__b8000__s503.json
A,data/input/set1/10_2_1439_3_S_1-9.dat,moead,503,8000,completed,True,True,,,,8000,8000,0,3.253288246000011,valid_front,outcomes/A__10_2_1439_3_S_1-9__moead__b8000__s503.json
A,data/input/set1/10_2_1439_3_S_1-9.dat,spea2,601,8000,completed,True,True,,,,8000,8000,0,8.213064893000137,valid_front,outcomes/A__10_2_1439_3_S_1-9__spea2__b8000__s601.json
A,data/input/set1/10_2_1439_3_S_1-9.dat,moead,601,8000,completed,True,True,,,,8000,8000,0,3.3201009270001123,valid_front,outcomes/A__10_2_1439_3_S_1-9__moead__b8000__s601.json
A,data/input/set1/10_2_1439_3_S_1-9.dat,vns_vnd,601,8000,completed,True,True,,,,8000,6953,1047,1.0169355660000292,valid_front,outcomes/A__10_2_1439_3_S_1-9__vns_vnd__b8000__s601.json
A,data/input/set1/10_2_1439_3_S_1-9.dat,moead,701,8000,completed,True,True,,,,8000,8000,0,3.3845535940004083,valid_front,outcomes/A__10_2_1439_3_S_1-9__moead__b8000__s701.json
A,data/input/set1/10_2_1439_3_S_1-9.dat,vns_vnd,701,8000,completed,True,True,,,,8000,6977,1023,1.0019762510000874,valid_front,outcomes/A__10_2_1439_3_S_1-9__vns_vnd__b8000__s701.json
A,data/input/set1/10_2_1439_3_S_1-9.dat,spea2,701,8000,completed,True,True,,,,8000,8000,0,8.264796490000208,valid_front,outcomes/A__10_2_1439_3_S_1-9__spea2__b8000__s701.json
A,data/input/set1/10_2_1439_3_S_1-9.dat,vns_vnd,809,8000,completed,True,True,,,,8000,6823,1177,0.9969435040002281,valid_front,outcomes/A__10_2_1439_3_S_1-9__vns_vnd__b8000__s809.json
A,data/input/set1/10_2_1439_3_S_1-9.dat,spea2,809,8000,completed,True,True,,,,8000,8000,0,8.191240593999737,valid_front,outcomes/A__10_2_1439_3_S_1-9__spea2__b8000__s809.json
A,data/input/set1/10_2_1439_3_S_1-9.dat,moead,809,8000,completed,True,True,,,,8000,8000,0,3.3456615139998576,valid_front,outcomes/A__10_2_1439_3_S_1-9__moead__b8000__s809.json
A,data/input/set1/10_2_1439_3_S_1-9.dat,spea2,907,8000,completed,True,True,,,,8000,8000,0,8.18780442599973,valid_front,outcomes/A__10_2_1439_3_S_1-9__spea2__b8000__s907.json
A,data/input/set1/10_2_1439_3_S_1-9.dat,moead,907,8000,completed,True,True,,,,8000,8000,0,3.2944394699998156,valid_front,outcomes/A__10_2_1439_3_S_1-9__moead__b8000__s907.json
A,data/input/set1/10_2_1439_3_S_1-9.dat,vns_vnd,907,8000,completed,True,True,,,,8000,7047,953,1.0253441929999099,valid_front,outcomes/A__10_2_1439_3_S_1-9__vns_vnd__b8000__s907.json
A,data/input/set1/10_2_1439_3_S_1-9.dat,moead,1009,8000,completed,True,True,,,,8000,8000,0,3.3054369399997086,valid_front,outcomes/A__10_2_1439_3_S_1-9__moead__b8000__s1009.json
A,data/input/set1/10_2_1439_3_S_1-9.dat,vns_vnd,1009,8000,completed,True,True,,,,8000,6942,1058,0.9942897749997428,valid_front,outcomes/A__10_2_1439_3_S_1-9__vns_vnd__b8000__s1009.json
A,data/input/set1/10_2_1439_3_S_1-9.dat,spea2,1009,8000,completed,True,True,,,,8000,8000,0,8.09892304999994,valid_front,outcomes/A__10_2_1439_3_S_1-9__spea2__b8000__s1009.json
A,data/input/set2/50_10_1439_5_S_1-124.dat,vns_vnd,101,8000,completed,True,True,,,,8000,6620,1380,5.695502838999801,valid_front,outcomes/A__50_10_1439_5_S_1-124__vns_vnd__b8000__s101.json
A,data/input/set2/50_10_1439_5_S_1-124.dat,spea2,101,8000,completed,True,True,,,,8000,8000,0,14.447315855999932,valid_front,outcomes/A__50_10_1439_5_S_1-124__spea2__b8000__s101.json
A,data/input/set2/50_10_1439_5_S_1-124.dat,moead,101,8000,completed,True,True,,,,8000,8000,0,9.535843741000008,valid_front,outcomes/A__50_10_1439_5_S_1-124__moead__b8000__s101.json
A,data/input/set2/50_10_1439_5_S_1-124.dat,spea2,211,8000,completed,True,True,,,,8000,8000,0,14.496894956999768,valid_front,outcomes/A__50_10_1439_5_S_1-124__spea2__b8000__s211.json
A,data/input/set2/50_10_1439_5_S_1-124.dat,moead,211,8000,completed,True,True,,,,8000,8000,0,9.497461958999793,valid_front,outcomes/A__50_10_1439_5_S_1-124__moead__b8000__s211.json
A,data/input/set2/50_10_1439_5_S_1-124.dat,vns_vnd,211,8000,completed,True,True,,,,8000,6648,1352,5.657961736999823,valid_front,outcomes/A__50_10_1439_5_S_1-124__vns_vnd__b8000__s211.json
A,data/input/set2/50_10_1439_5_S_1-124.dat,moead,307,8000,completed,True,True,,,,8000,8000,0,9.568628307999916,valid_front,outcomes/A__50_10_1439_5_S_1-124__moead__b8000__s307.json
A,data/input/set2/50_10_1439_5_S_1-124.dat,vns_vnd,307,8000,completed,True,True,,,,8000,6622,1378,5.763809347000006,valid_front,outcomes/A__50_10_1439_5_S_1-124__vns_vnd__b8000__s307.json
A,data/input/set2/50_10_1439_5_S_1-124.dat,spea2,307,8000,completed,True,True,,,,8000,8000,0,14.484867883999868,valid_front,outcomes/A__50_10_1439_5_S_1-124__spea2__b8000__s307.json
A,data/input/set2/50_10_1439_5_S_1-124.dat,vns_vnd,401,8000,completed,True,True,,,,8000,6640,1360,5.750040188000185,valid_front,outcomes/A__50_10_1439_5_S_1-124__vns_vnd__b8000__s401.json
A,data/input/set2/50_10_1439_5_S_1-124.dat,spea2,401,8000,completed,True,True,,,,8000,8000,0,14.595826893999856,valid_front,outcomes/A__50_10_1439_5_S_1-124__spea2__b8000__s401.json
A,data/input/set2/50_10_1439_5_S_1-124.dat,moead,401,8000,completed,True,True,,,,8000,8000,0,9.64578482099978,valid_front,outcomes/A__50_10_1439_5_S_1-124__moead__b8000__s401.json
A,data/input/set2/50_10_1439_5_S_1-124.dat,spea2,503,8000,completed,True,True,,,,8000,8000,0,14.912858961000438,valid_front,outcomes/A__50_10_1439_5_S_1-124__spea2__b8000__s503.json
A,data/input/set2/50_10_1439_5_S_1-124.dat,moead,503,8000,completed,True,True,,,,8000,8000,0,9.718206889000157,valid_front,outcomes/A__50_10_1439_5_S_1-124__moead__b8000__s503.json
A,data/input/set2/50_10_1439_5_S_1-124.dat,vns_vnd,503,8000,completed,True,True,,,,8000,6430,1570,5.643076045000271,valid_front,outcomes/A__50_10_1439_5_S_1-124__vns_vnd__b8000__s503.json
A,data/input/set2/50_10_1439_5_S_1-124.dat,moead,601,8000,completed,True,True,,,,8000,8000,0,9.646026995999819,valid_front,outcomes/A__50_10_1439_5_S_1-124__moead__b8000__s601.json
A,data/input/set2/50_10_1439_5_S_1-124.dat,vns_vnd,601,8000,completed,True,True,,,,8000,6572,1428,5.667222053999922,valid_front,outcomes/A__50_10_1439_5_S_1-124__vns_vnd__b8000__s601.json
A,data/input/set2/50_10_1439_5_S_1-124.dat,spea2,601,8000,completed,True,True,,,,8000,8000,0,14.405697258000146,valid_front,outcomes/A__50_10_1439_5_S_1-124__spea2__b8000__s601.json
A,data/input/set2/50_10_1439_5_S_1-124.dat,vns_vnd,701,8000,completed,True,True,,,,8000,6431,1569,5.713301653999679,valid_front,outcomes/A__50_10_1439_5_S_1-124__vns_vnd__b8000__s701.json
A,data/input/set2/50_10_1439_5_S_1-124.dat,spea2,701,8000,completed,True,True,,,,8000,8000,0,14.48894055699975,valid_front,outcomes/A__50_10_1439_5_S_1-124__spea2__b8000__s701.json
A,data/input/set2/50_10_1439_5_S_1-124.dat,moead,701,8000,completed,True,True,,,,8000,8000,0,9.652072930000031,valid_front,outcomes/A__50_10_1439_5_S_1-124__moead__b8000__s701.json
A,data/input/set2/50_10_1439_5_S_1-124.dat,spea2,809,8000,completed,True,True,,,,8000,8000,0,14.23947189899991,valid_front,outcomes/A__50_10_1439_5_S_1-124__spea2__b8000__s809.json
A,data/input/set2/50_10_1439_5_S_1-124.dat,moead,809,8000,completed,True,True,,,,8000,8000,0,9.41084743700003,valid_front,outcomes/A__50_10_1439_5_S_1-124__moead__b8000__s809.json
A,data/input/set2/50_10_1439_5_S_1-124.dat,vns_vnd,809,8000,completed,True,True,,,,8000,6600,1400,5.722298541999862,valid_front,outcomes/A__50_10_1439_5_S_1-124__vns_vnd__b8000__s809.json
A,data/input/set2/50_10_1439_5_S_1-124.dat,moead,907,8000,completed,True,True,,,,8000,8000,0,9.583075688000008,valid_front,outcomes/A__50_10_1439_5_S_1-124__moead__b8000__s907.json
A,data/input/set2/50_10_1439_5_S_1-124.dat,vns_vnd,907,8000,completed,True,True,,,,8000,6580,1420,5.695016748999933,valid_front,outcomes/A__50_10_1439_5_S_1-124__vns_vnd__b8000__s907.json
A,data/input/set2/50_10_1439_5_S_1-124.dat,spea2,907,8000,completed,True,True,,,,8000,8000,0,14.324984148000112,valid_front,outcomes/A__50_10_1439_5_S_1-124__spea2__b8000__s907.json
A,data/input/set2/50_10_1439_5_S_1-124.dat,vns_vnd,1009,8000,completed,True,True,,,,8000,6637,1363,5.611187208000047,valid_front,outcomes/A__50_10_1439_5_S_1-124__vns_vnd__b8000__s1009.json
A,data/input/set2/50_10_1439_5_S_1-124.dat,spea2,1009,8000,completed,True,True,,,,8000,8000,0,14.07683934500028,valid_front,outcomes/A__50_10_1439_5_S_1-124__spea2__b8000__s1009.json
A,data/input/set2/50_10_1439_5_S_1-124.dat,moead,1009,8000,completed,True,True,,,,8000,8000,0,9.499320245000035,valid_front,outcomes/A__50_10_1439_5_S_1-124__moead__b8000__s1009.json
A,data/input/set2/50_10_1439_5_S_1-9.dat,spea2,101,8000,completed,True,True,,,,8000,8000,0,14.01244182399978,valid_front,outcomes/A__50_10_1439_5_S_1-9__spea2__b8000__s101.json
A,data/input/set2/50_10_1439_5_S_1-9.dat,moead,101,8000,completed,True,True,,,,8000,8000,0,9.208223596000153,valid_front,outcomes/A__50_10_1439_5_S_1-9__moead__b8000__s101.json
A,data/input/set2/50_10_1439_5_S_1-9.dat,vns_vnd,101,8000,completed,True,True,,,,8000,7086,914,5.59512543100027,valid_front,outcomes/A__50_10_1439_5_S_1-9__vns_vnd__b8000__s101.json
A,data/input/set2/50_10_1439_5_S_1-9.dat,moead,211,8000,completed,True,True,,,,8000,8000,0,9.26395867400015,valid_front,outcomes/A__50_10_1439_5_S_1-9__moead__b8000__s211.json
A,data/input/set2/50_10_1439_5_S_1-9.dat,vns_vnd,211,8000,completed,True,True,,,,8000,6961,1039,5.1142622130000746,valid_front,outcomes/A__50_10_1439_5_S_1-9__vns_vnd__b8000__s211.json
A,data/input/set2/50_10_1439_5_S_1-9.dat,spea2,211,8000,completed,True,True,,,,8000,8000,0,13.407230568000159,valid_front,outcomes/A__50_10_1439_5_S_1-9__spea2__b8000__s211.json
A,data/input/set2/50_10_1439_5_S_1-9.dat,vns_vnd,307,8000,completed,True,True,,,,8000,7118,882,5.826746292999815,valid_front,outcomes/A__50_10_1439_5_S_1-9__vns_vnd__b8000__s307.json
A,data/input/set2/50_10_1439_5_S_1-9.dat,spea2,307,8000,completed,True,True,,,,8000,8000,0,14.060266660000252,valid_front,outcomes/A__50_10_1439_5_S_1-9__spea2__b8000__s307.json
A,data/input/set2/50_10_1439_5_S_1-9.dat,moead,307,8000,completed,True,True,,,,8000,8000,0,9.084204870000121,valid_front,outcomes/A__50_10_1439_5_S_1-9__moead__b8000__s307.json
A,data/input/set2/50_10_1439_5_S_1-9.dat,spea2,401,8000,completed,True,True,,,,8000,8000,0,14.209518797999863,valid_front,outcomes/A__50_10_1439_5_S_1-9__spea2__b8000__s401.json
A,data/input/set2/50_10_1439_5_S_1-9.dat,moead,401,8000,completed,True,True,,,,8000,8000,0,9.2096032620002,valid_front,outcomes/A__50_10_1439_5_S_1-9__moead__b8000__s401.json
A,data/input/set2/50_10_1439_5_S_1-9.dat,vns_vnd,401,8000,completed,True,True,,,,8000,7019,981,5.539338501000202,valid_front,outcomes/A__50_10_1439_5_S_1-9__vns_vnd__b8000__s401.json
A,data/input/set2/50_10_1439_5_S_1-9.dat,moead,503,8000,completed,True,True,,,,8000,8000,0,9.059142904000055,valid_front,outcomes/A__50_10_1439_5_S_1-9__moead__b8000__s503.json
A,data/input/set2/50_10_1439_5_S_1-9.dat,vns_vnd,503,8000,completed,True,True,,,,8000,7141,859,5.363680360000217,valid_front,outcomes/A__50_10_1439_5_S_1-9__vns_vnd__b8000__s503.json
A,data/input/set2/50_10_1439_5_S_1-9.dat,spea2,503,8000,completed,True,True,,,,8000,8000,0,13.503761416000089,valid_front,outcomes/A__50_10_1439_5_S_1-9__spea2__b8000__s503.json
A,data/input/set2/50_10_1439_5_S_1-9.dat,vns_vnd,601,8000,completed,True,True,,,,8000,6997,1003,5.477593290000186,valid_front,outcomes/A__50_10_1439_5_S_1-9__vns_vnd__b8000__s601.json
A,data/input/set2/50_10_1439_5_S_1-9.dat,spea2,601,8000,completed,True,True,,,,8000,8000,0,13.771840456000064,valid_front,outcomes/A__50_10_1439_5_S_1-9__spea2__b8000__s601.json
A,data/input/set2/50_10_1439_5_S_1-9.dat,moead,601,8000,completed,True,True,,,,8000,8000,0,9.084883077000086,valid_front,outcomes/A__50_10_1439_5_S_1-9__moead__b8000__s601.json
A,data/input/set2/50_10_1439_5_S_1-9.dat,spea2,701,8000,completed,True,True,,,,8000,8000,0,13.693576070999825,valid_front,outcomes/A__50_10_1439_5_S_1-9__spea2__b8000__s701.json
A,data/input/set2/50_10_1439_5_S_1-9.dat,moead,701,8000,completed,True,True,,,,8000,8000,0,9.445040583999798,valid_front,outcomes/A__50_10_1439_5_S_1-9__moead__b8000__s701.json
A,data/input/set2/50_10_1439_5_S_1-9.dat,vns_vnd,701,8000,completed,True,True,,,,8000,6847,1153,5.623723934999816,valid_front,outcomes/A__50_10_1439_5_S_1-9__vns_vnd__b8000__s701.json
A,data/input/set2/50_10_1439_5_S_1-9.dat,moead,809,8000,completed,True,True,,,,8000,8000,0,9.091436319999957,valid_front,outcomes/A__50_10_1439_5_S_1-9__moead__b8000__s809.json
A,data/input/set2/50_10_1439_5_S_1-9.dat,vns_vnd,809,8000,completed,True,True,,,,8000,7066,934,5.539306647000103,valid_front,outcomes/A__50_10_1439_5_S_1-9__vns_vnd__b8000__s809.json
A,data/input/set2/50_10_1439_5_S_1-9.dat,spea2,809,8000,completed,True,True,,,,8000,8000,0,14.49487950899993,valid_front,outcomes/A__50_10_1439_5_S_1-9__spea2__b8000__s809.json
A,data/input/set2/50_10_1439_5_S_1-9.dat,vns_vnd,907,8000,completed,True,True,,,,8000,7043,957,5.640076513000167,valid_front,outcomes/A__50_10_1439_5_S_1-9__vns_vnd__b8000__s907.json
A,data/input/set2/50_10_1439_5_S_1-9.dat,spea2,907,8000,completed,True,True,,,,8000,8000,0,13.827894594999634,valid_front,outcomes/A__50_10_1439_5_S_1-9__spea2__b8000__s907.json
A,data/input/set2/50_10_1439_5_S_1-9.dat,moead,907,8000,completed,True,True,,,,8000,8000,0,9.456459272999837,valid_front,outcomes/A__50_10_1439_5_S_1-9__moead__b8000__s907.json
A,data/input/set2/50_10_1439_5_S_1-9.dat,spea2,1009,8000,completed,True,True,,,,8000,8000,0,14.252600109000014,valid_front,outcomes/A__50_10_1439_5_S_1-9__spea2__b8000__s1009.json
A,data/input/set2/50_10_1439_5_S_1-9.dat,moead,1009,8000,completed,True,True,,,,8000,8000,0,9.162924541999928,valid_front,outcomes/A__50_10_1439_5_S_1-9__moead__b8000__s1009.json
A,data/input/set2/50_10_1439_5_S_1-9.dat,vns_vnd,1009,8000,completed,True,True,,,,8000,7053,947,5.891826455999762,valid_front,outcomes/A__50_10_1439_5_S_1-9__vns_vnd__b8000__s1009.json
A,data/input/set2/50_20_1439_5_S_1-124.dat,moead,101,8000,completed,True,True,,,,8000,8000,0,12.722577932999684,valid_front,outcomes/A__50_20_1439_5_S_1-124__moead__b8000__s101.json
A,data/input/set2/50_20_1439_5_S_1-124.dat,vns_vnd,101,8000,completed,True,True,,,,8000,7060,940,8.899274461000005,valid_front,outcomes/A__50_20_1439_5_S_1-124__vns_vnd__b8000__s101.json
A,data/input/set2/50_20_1439_5_S_1-124.dat,spea2,101,8000,completed,True,True,,,,8000,8000,0,17.85326659700013,valid_front,outcomes/A__50_20_1439_5_S_1-124__spea2__b8000__s101.json
A,data/input/set2/50_20_1439_5_S_1-124.dat,vns_vnd,211,8000,completed,True,True,,,,8000,6976,1024,8.582363695999902,valid_front,outcomes/A__50_20_1439_5_S_1-124__vns_vnd__b8000__s211.json
A,data/input/set2/50_20_1439_5_S_1-124.dat,spea2,211,8000,completed,True,True,,,,8000,8000,0,17.893350800999997,valid_front,outcomes/A__50_20_1439_5_S_1-124__spea2__b8000__s211.json
A,data/input/set2/50_20_1439_5_S_1-124.dat,moead,211,8000,completed,True,True,,,,8000,8000,0,12.900742332999926,valid_front,outcomes/A__50_20_1439_5_S_1-124__moead__b8000__s211.json
A,data/input/set2/50_20_1439_5_S_1-124.dat,spea2,307,8000,completed,True,True,,,,8000,8000,0,18.114384681000047,valid_front,outcomes/A__50_20_1439_5_S_1-124__spea2__b8000__s307.json
A,data/input/set2/50_20_1439_5_S_1-124.dat,moead,307,8000,completed,True,True,,,,8000,8000,0,12.953697429000385,valid_front,outcomes/A__50_20_1439_5_S_1-124__moead__b8000__s307.json
A,data/input/set2/50_20_1439_5_S_1-124.dat,vns_vnd,307,8000,completed,True,True,,,,8000,7044,956,8.983221706999757,valid_front,outcomes/A__50_20_1439_5_S_1-124__vns_vnd__b8000__s307.json
A,data/input/set2/50_20_1439_5_S_1-124.dat,moead,401,8000,completed,True,True,,,,8000,8000,0,12.883022206000078,valid_front,outcomes/A__50_20_1439_5_S_1-124__moead__b8000__s401.json
A,data/input/set2/50_20_1439_5_S_1-124.dat,vns_vnd,401,8000,completed,True,True,,,,8000,6946,1054,8.624315613999897,valid_front,outcomes/A__50_20_1439_5_S_1-124__vns_vnd__b8000__s401.json
A,data/input/set2/50_20_1439_5_S_1-124.dat,spea2,401,8000,completed,True,True,,,,8000,8000,0,17.64882780400012,valid_front,outcomes/A__50_20_1439_5_S_1-124__spea2__b8000__s401.json
A,data/input/set2/50_20_1439_5_S_1-124.dat,vns_vnd,503,8000,completed,True,True,,,,8000,7071,929,8.731036265000057,valid_front,outcomes/A__50_20_1439_5_S_1-124__vns_vnd__b8000__s503.json
A,data/input/set2/50_20_1439_5_S_1-124.dat,spea2,503,8000,completed,True,True,,,,8000,8000,0,17.82859838200011,valid_front,outcomes/A__50_20_1439_5_S_1-124__spea2__b8000__s503.json
A,data/input/set2/50_20_1439_5_S_1-124.dat,moead,503,8000,completed,True,True,,,,8000,8000,0,13.017276090999985,valid_front,outcomes/A__50_20_1439_5_S_1-124__moead__b8000__s503.json
A,data/input/set2/50_20_1439_5_S_1-124.dat,spea2,601,8000,completed,True,True,,,,8000,8000,0,17.856818555000245,valid_front,outcomes/A__50_20_1439_5_S_1-124__spea2__b8000__s601.json
A,data/input/set2/50_20_1439_5_S_1-124.dat,moead,601,8000,completed,True,True,,,,8000,8000,0,12.921152389000326,valid_front,outcomes/A__50_20_1439_5_S_1-124__moead__b8000__s601.json
A,data/input/set2/50_20_1439_5_S_1-124.dat,vns_vnd,601,8000,completed,True,True,,,,8000,7001,999,8.81781666300003,valid_front,outcomes/A__50_20_1439_5_S_1-124__vns_vnd__b8000__s601.json
A,data/input/set2/50_20_1439_5_S_1-124.dat,moead,701,8000,completed,True,True,,,,8000,8000,0,12.993383594000079,valid_front,outcomes/A__50_20_1439_5_S_1-124__moead__b8000__s701.json
A,data/input/set2/50_20_1439_5_S_1-124.dat,vns_vnd,701,8000,completed,True,True,,,,8000,7037,963,8.753489378000268,valid_front,outcomes/A__50_20_1439_5_S_1-124__vns_vnd__b8000__s701.json
A,data/input/set2/50_20_1439_5_S_1-124.dat,spea2,701,8000,completed,True,True,,,,8000,8000,0,17.97120560400026,valid_front,outcomes/A__50_20_1439_5_S_1-124__spea2__b8000__s701.json
A,data/input/set2/50_20_1439_5_S_1-124.dat,vns_vnd,809,8000,completed,True,True,,,,8000,6879,1121,8.641160403999947,valid_front,outcomes/A__50_20_1439_5_S_1-124__vns_vnd__b8000__s809.json
A,data/input/set2/50_20_1439_5_S_1-124.dat,spea2,809,8000,completed,True,True,,,,8000,8000,0,17.705342417000338,valid_front,outcomes/A__50_20_1439_5_S_1-124__spea2__b8000__s809.json
A,data/input/set2/50_20_1439_5_S_1-124.dat,moead,809,8000,completed,True,True,,,,8000,8000,0,13.149709632000395,valid_front,outcomes/A__50_20_1439_5_S_1-124__moead__b8000__s809.json
A,data/input/set2/50_20_1439_5_S_1-124.dat,spea2,907,8000,completed,True,True,,,,8000,8000,0,17.869832982999924,valid_front,outcomes/A__50_20_1439_5_S_1-124__spea2__b8000__s907.json
A,data/input/set2/50_20_1439_5_S_1-124.dat,moead,907,8000,completed,True,True,,,,8000,8000,0,13.010452544000145,valid_front,outcomes/A__50_20_1439_5_S_1-124__moead__b8000__s907.json
A,data/input/set2/50_20_1439_5_S_1-124.dat,vns_vnd,907,8000,completed,True,True,,,,8000,7082,918,8.730094680000093,valid_front,outcomes/A__50_20_1439_5_S_1-124__vns_vnd__b8000__s907.json
A,data/input/set2/50_20_1439_5_S_1-124.dat,moead,1009,8000,completed,True,True,,,,8000,8000,0,13.027754968999943,valid_front,outcomes/A__50_20_1439_5_S_1-124__moead__b8000__s1009.json
A,data/input/set2/50_20_1439_5_S_1-124.dat,vns_vnd,1009,8000,completed,True,True,,,,8000,7100,900,8.724248637000073,valid_front,outcomes/A__50_20_1439_5_S_1-124__vns_vnd__b8000__s1009.json
A,data/input/set2/50_20_1439_5_S_1-124.dat,spea2,1009,8000,completed,True,True,,,,8000,8000,0,17.603648754000005,valid_front,outcomes/A__50_20_1439_5_S_1-124__spea2__b8000__s1009.json
A,data/input/set2/50_20_1439_5_S_1-9.dat,vns_vnd,101,8000,completed,True,True,,,,8000,7347,653,8.79250440199985,valid_front,outcomes/A__50_20_1439_5_S_1-9__vns_vnd__b8000__s101.json
A,data/input/set2/50_20_1439_5_S_1-9.dat,spea2,101,8000,completed,True,True,,,,8000,8000,0,17.809110848999808,valid_front,outcomes/A__50_20_1439_5_S_1-9__spea2__b8000__s101.json
A,data/input/set2/50_20_1439_5_S_1-9.dat,moead,101,8000,completed,True,True,,,,8000,8000,0,12.993317948999902,valid_front,outcomes/A__50_20_1439_5_S_1-9__moead__b8000__s101.json
A,data/input/set2/50_20_1439_5_S_1-9.dat,spea2,211,8000,completed,True,True,,,,8000,8000,0,18.162769144999857,valid_front,outcomes/A__50_20_1439_5_S_1-9__spea2__b8000__s211.json
A,data/input/set2/50_20_1439_5_S_1-9.dat,moead,211,8000,completed,True,True,,,,8000,8000,0,13.047726381000302,valid_front,outcomes/A__50_20_1439_5_S_1-9__moead__b8000__s211.json
A,data/input/set2/50_20_1439_5_S_1-9.dat,vns_vnd,211,8000,completed,True,True,,,,8000,7182,818,8.700849150999602,valid_front,outcomes/A__50_20_1439_5_S_1-9__vns_vnd__b8000__s211.json
A,data/input/set2/50_20_1439_5_S_1-9.dat,moead,307,8000,completed,True,True,,,,8000,8000,0,12.868600984000295,valid_front,outcomes/A__50_20_1439_5_S_1-9__moead__b8000__s307.json
A,data/input/set2/50_20_1439_5_S_1-9.dat,vns_vnd,307,8000,completed,True,True,,,,8000,7251,749,8.643125195000266,valid_front,outcomes/A__50_20_1439_5_S_1-9__vns_vnd__b8000__s307.json
A,data/input/set2/50_20_1439_5_S_1-9.dat,spea2,307,8000,completed,True,True,,,,8000,8000,0,17.786668497999926,valid_front,outcomes/A__50_20_1439_5_S_1-9__spea2__b8000__s307.json
A,data/input/set2/50_20_1439_5_S_1-9.dat,vns_vnd,401,8000,completed,True,True,,,,8000,7133,867,9.04482616300038,valid_front,outcomes/A__50_20_1439_5_S_1-9__vns_vnd__b8000__s401.json
A,data/input/set2/50_20_1439_5_S_1-9.dat,spea2,401,8000,completed,True,True,,,,8000,8000,0,17.690754308000123,valid_front,outcomes/A__50_20_1439_5_S_1-9__spea2__b8000__s401.json
A,data/input/set2/50_20_1439_5_S_1-9.dat,moead,401,8000,completed,True,True,,,,8000,8000,0,13.005314025999724,valid_front,outcomes/A__50_20_1439_5_S_1-9__moead__b8000__s401.json
A,data/input/set2/50_20_1439_5_S_1-9.dat,spea2,503,8000,completed,True,True,,,,8000,8000,0,18.23093038299976,valid_front,outcomes/A__50_20_1439_5_S_1-9__spea2__b8000__s503.json
A,data/input/set2/50_20_1439_5_S_1-9.dat,moead,503,8000,completed,True,True,,,,8000,8000,0,13.009738567000113,valid_front,outcomes/A__50_20_1439_5_S_1-9__moead__b8000__s503.json
A,data/input/set2/50_20_1439_5_S_1-9.dat,vns_vnd,503,8000,completed,True,True,,,,8000,7304,696,8.728993156000342,valid_front,outcomes/A__50_20_1439_5_S_1-9__vns_vnd__b8000__s503.json
A,data/input/set2/50_20_1439_5_S_1-9.dat,moead,601,8000,completed,True,True,,,,8000,8000,0,13.239413571999648,valid_front,outcomes/A__50_20_1439_5_S_1-9__moead__b8000__s601.json
A,data/input/set2/50_20_1439_5_S_1-9.dat,vns_vnd,601,8000,completed,True,True,,,,8000,7200,800,8.798979472000156,valid_front,outcomes/A__50_20_1439_5_S_1-9__vns_vnd__b8000__s601.json
A,data/input/set2/50_20_1439_5_S_1-9.dat,spea2,601,8000,completed,True,True,,,,8000,8000,0,17.83774565900012,valid_front,outcomes/A__50_20_1439_5_S_1-9__spea2__b8000__s601.json
A,data/input/set2/50_20_1439_5_S_1-9.dat,vns_vnd,701,8000,completed,True,True,,,,8000,7354,646,8.746736960000362,valid_front,outcomes/A__50_20_1439_5_S_1-9__vns_vnd__b8000__s701.json
A,data/input/set2/50_20_1439_5_S_1-9.dat,spea2,701,8000,completed,True,True,,,,8000,8000,0,17.648672977999922,valid_front,outcomes/A__50_20_1439_5_S_1-9__spea2__b8000__s701.json
A,data/input/set2/50_20_1439_5_S_1-9.dat,moead,701,8000,completed,True,True,,,,8000,8000,0,13.076432274000126,valid_front,outcomes/A__50_20_1439_5_S_1-9__moead__b8000__s701.json
A,data/input/set2/50_20_1439_5_S_1-9.dat,spea2,809,8000,completed,True,True,,,,8000,8000,0,17.99947077900015,valid_front,outcomes/A__50_20_1439_5_S_1-9__spea2__b8000__s809.json
A,data/input/set2/50_20_1439_5_S_1-9.dat,moead,809,8000,completed,True,True,,,,8000,8000,0,13.124947030000385,valid_front,outcomes/A__50_20_1439_5_S_1-9__moead__b8000__s809.json
A,data/input/set2/50_20_1439_5_S_1-9.dat,vns_vnd,809,8000,completed,True,True,,,,8000,7184,816,8.779931198000213,valid_front,outcomes/A__50_20_1439_5_S_1-9__vns_vnd__b8000__s809.json
A,data/input/set2/50_20_1439_5_S_1-9.dat,moead,907,8000,completed,True,True,,,,8000,8000,0,13.082615359000101,valid_front,outcomes/A__50_20_1439_5_S_1-9__moead__b8000__s907.json
A,data/input/set2/50_20_1439_5_S_1-9.dat,vns_vnd,907,8000,completed,True,True,,,,8000,7269,731,8.759356300000036,valid_front,outcomes/A__50_20_1439_5_S_1-9__vns_vnd__b8000__s907.json
A,data/input/set2/50_20_1439_5_S_1-9.dat,spea2,907,8000,completed,True,True,,,,8000,8000,0,18.033205052000085,valid_front,outcomes/A__50_20_1439_5_S_1-9__spea2__b8000__s907.json
A,data/input/set2/50_20_1439_5_S_1-9.dat,vns_vnd,1009,8000,completed,True,True,,,,8000,7255,745,8.958366866999768,valid_front,outcomes/A__50_20_1439_5_S_1-9__vns_vnd__b8000__s1009.json
A,data/input/set2/50_20_1439_5_S_1-9.dat,spea2,1009,8000,completed,True,True,,,,8000,8000,0,17.79156227600015,valid_front,outcomes/A__50_20_1439_5_S_1-9__spea2__b8000__s1009.json
A,data/input/set2/50_20_1439_5_S_1-9.dat,moead,1009,8000,completed,True,True,,,,8000,8000,0,13.212761149000016,valid_front,outcomes/A__50_20_1439_5_S_1-9__moead__b8000__s1009.json
A,data/input/set2/250_10_1439_5_S_1-124.dat,spea2,101,8000,completed,True,True,,,,8000,8000,0,38.90705353699968,valid_front,outcomes/A__250_10_1439_5_S_1-124__spea2__b8000__s101.json
A,data/input/set2/250_10_1439_5_S_1-124.dat,moead,101,8000,completed,True,True,,,,8000,8000,0,34.0245239740002,valid_front,outcomes/A__250_10_1439_5_S_1-124__moead__b8000__s101.json
A,data/input/set2/250_10_1439_5_S_1-124.dat,vns_vnd,101,8000,completed,True,True,,,,8000,6290,1710,21.76610128199991,valid_front,outcomes/A__250_10_1439_5_S_1-124__vns_vnd__b8000__s101.json
A,data/input/set2/250_10_1439_5_S_1-124.dat,moead,211,8000,completed,True,True,,,,8000,8000,0,33.3565516929998,valid_front,outcomes/A__250_10_1439_5_S_1-124__moead__b8000__s211.json
A,data/input/set2/250_10_1439_5_S_1-124.dat,vns_vnd,211,8000,completed,True,True,,,,8000,6283,1717,21.890417590000197,valid_front,outcomes/A__250_10_1439_5_S_1-124__vns_vnd__b8000__s211.json
A,data/input/set2/250_10_1439_5_S_1-124.dat,spea2,211,8000,completed,True,True,,,,8000,8000,0,38.91419362700026,valid_front,outcomes/A__250_10_1439_5_S_1-124__spea2__b8000__s211.json
A,data/input/set2/250_10_1439_5_S_1-124.dat,vns_vnd,307,8000,completed,True,True,,,,8000,6099,1901,21.444134116999976,valid_front,outcomes/A__250_10_1439_5_S_1-124__vns_vnd__b8000__s307.json
A,data/input/set2/250_10_1439_5_S_1-124.dat,spea2,307,8000,completed,True,True,,,,8000,8000,0,39.31131493199973,valid_front,outcomes/A__250_10_1439_5_S_1-124__spea2__b8000__s307.json
A,data/input/set2/250_10_1439_5_S_1-124.dat,moead,307,8000,completed,True,True,,,,8000,8000,0,34.08841564800014,valid_front,outcomes/A__250_10_1439_5_S_1-124__moead__b8000__s307.json
A,data/input/set2/250_10_1439_5_S_1-124.dat,spea2,401,8000,completed,True,True,,,,8000,7999,1,38.99854960099992,valid_front,outcomes/A__250_10_1439_5_S_1-124__spea2__b8000__s401.json
A,data/input/set2/250_10_1439_5_S_1-124.dat,moead,401,8000,completed,True,True,,,,8000,8000,0,33.65323073400032,valid_front,outcomes/A__250_10_1439_5_S_1-124__moead__b8000__s401.json
A,data/input/set2/250_10_1439_5_S_1-124.dat,vns_vnd,401,8000,completed,True,True,,,,8000,6208,1792,21.712858228000187,valid_front,outcomes/A__250_10_1439_5_S_1-124__vns_vnd__b8000__s401.json
A,data/input/set2/250_10_1439_5_S_1-124.dat,moead,503,8000,completed,True,True,,,,8000,8000,0,33.651911331000065,valid_front,outcomes/A__250_10_1439_5_S_1-124__moead__b8000__s503.json
A,data/input/set2/250_10_1439_5_S_1-124.dat,vns_vnd,503,8000,completed,True,True,,,,8000,6335,1665,21.687025863000144,valid_front,outcomes/A__250_10_1439_5_S_1-124__vns_vnd__b8000__s503.json
A,data/input/set2/250_10_1439_5_S_1-124.dat,spea2,503,8000,completed,True,True,,,,8000,8000,0,38.528710749999846,valid_front,outcomes/A__250_10_1439_5_S_1-124__spea2__b8000__s503.json
A,data/input/set2/250_10_1439_5_S_1-124.dat,vns_vnd,601,8000,completed,True,True,,,,8000,6161,1839,21.531308724000155,valid_front,outcomes/A__250_10_1439_5_S_1-124__vns_vnd__b8000__s601.json
A,data/input/set2/250_10_1439_5_S_1-124.dat,spea2,601,8000,completed,True,True,,,,8000,8000,0,38.438786633999825,valid_front,outcomes/A__250_10_1439_5_S_1-124__spea2__b8000__s601.json
A,data/input/set2/250_10_1439_5_S_1-124.dat,moead,601,8000,completed,True,True,,,,8000,8000,0,33.448808995000036,valid_front,outcomes/A__250_10_1439_5_S_1-124__moead__b8000__s601.json
A,data/input/set2/250_10_1439_5_S_1-124.dat,spea2,701,8000,completed,True,True,,,,8000,8000,0,38.80230732200016,valid_front,outcomes/A__250_10_1439_5_S_1-124__spea2__b8000__s701.json
A,data/input/set2/250_10_1439_5_S_1-124.dat,moead,701,8000,completed,True,True,,,,8000,8000,0,34.14500957200016,valid_front,outcomes/A__250_10_1439_5_S_1-124__moead__b8000__s701.json
A,data/input/set2/250_10_1439_5_S_1-124.dat,vns_vnd,701,8000,completed,True,True,,,,8000,6158,1842,22.161167277999994,valid_front,outcomes/A__250_10_1439_5_S_1-124__vns_vnd__b8000__s701.json
A,data/input/set2/250_10_1439_5_S_1-124.dat,moead,809,8000,completed,True,True,,,,8000,8000,0,34.18152225199992,valid_front,outcomes/A__250_10_1439_5_S_1-124__moead__b8000__s809.json
A,data/input/set2/250_10_1439_5_S_1-124.dat,vns_vnd,809,8000,completed,True,True,,,,8000,6473,1527,22.208295743000235,valid_front,outcomes/A__250_10_1439_5_S_1-124__vns_vnd__b8000__s809.json
A,data/input/set2/250_10_1439_5_S_1-124.dat,spea2,809,8000,completed,True,True,,,,8000,8000,0,39.17986760900021,valid_front,outcomes/A__250_10_1439_5_S_1-124__spea2__b8000__s809.json
A,data/input/set2/250_10_1439_5_S_1-124.dat,vns_vnd,907,8000,completed,True,True,,,,8000,6320,1680,21.79574465099995,valid_front,outcomes/A__250_10_1439_5_S_1-124__vns_vnd__b8000__s907.json
A,data/input/set2/250_10_1439_5_S_1-124.dat,spea2,907,8000,completed,True,True,,,,8000,8000,0,39.01288139799999,valid_front,outcomes/A__250_10_1439_5_S_1-124__spea2__b8000__s907.json
A,data/input/set2/250_10_1439_5_S_1-124.dat,moead,907,8000,completed,True,True,,,,8000,8000,0,34.15658953100046,valid_front,outcomes/A__250_10_1439_5_S_1-124__moead__b8000__s907.json
A,data/input/set2/250_10_1439_5_S_1-124.dat,spea2,1009,8000,completed,True,True,,,,8000,8000,0,39.13443235200066,valid_front,outcomes/A__250_10_1439_5_S_1-124__spea2__b8000__s1009.json
A,data/input/set2/250_10_1439_5_S_1-124.dat,moead,1009,8000,completed,True,True,,,,8000,8000,0,33.95204477799962,valid_front,outcomes/A__250_10_1439_5_S_1-124__moead__b8000__s1009.json
A,data/input/set2/250_10_1439_5_S_1-124.dat,vns_vnd,1009,8000,completed,True,True,,,,8000,6449,1551,22.061473942000703,valid_front,outcomes/A__250_10_1439_5_S_1-124__vns_vnd__b8000__s1009.json
A,data/input/set2/250_20_1439_5_S_1-124.dat,moead,101,8000,completed,True,True,,,,8000,8000,0,38.55630310900051,valid_front,outcomes/A__250_20_1439_5_S_1-124__moead__b8000__s101.json
A,data/input/set2/250_20_1439_5_S_1-124.dat,vns_vnd,101,8000,completed,True,True,,,,8000,6563,1437,24.98486275400046,valid_front,outcomes/A__250_20_1439_5_S_1-124__vns_vnd__b8000__s101.json
A,data/input/set2/250_20_1439_5_S_1-124.dat,spea2,101,8000,completed,True,True,,,,8000,8000,0,43.717737306000345,valid_front,outcomes/A__250_20_1439_5_S_1-124__spea2__b8000__s101.json
A,data/input/set2/250_20_1439_5_S_1-124.dat,vns_vnd,211,8000,completed,True,True,,,,8000,6546,1454,24.88255748499978,valid_front,outcomes/A__250_20_1439_5_S_1-124__vns_vnd__b8000__s211.json
A,data/input/set2/250_20_1439_5_S_1-124.dat,spea2,211,8000,completed,True,True,,,,8000,8000,0,43.448338971999874,valid_front,outcomes/A__250_20_1439_5_S_1-124__spea2__b8000__s211.json
A,data/input/set2/250_20_1439_5_S_1-124.dat,moead,211,8000,completed,True,True,,,,8000,8000,0,37.748157641000034,valid_front,outcomes/A__250_20_1439_5_S_1-124__moead__b8000__s211.json
A,data/input/set2/250_20_1439_5_S_1-124.dat,spea2,307,8000,completed,True,True,,,,8000,8000,0,43.33193130099971,valid_front,outcomes/A__250_20_1439_5_S_1-124__spea2__b8000__s307.json
A,data/input/set2/250_20_1439_5_S_1-124.dat,moead,307,8000,completed,True,True,,,,8000,8000,0,37.90483233800023,valid_front,outcomes/A__250_20_1439_5_S_1-124__moead__b8000__s307.json
A,data/input/set2/250_20_1439_5_S_1-124.dat,vns_vnd,307,8000,completed,True,True,,,,8000,6464,1536,24.59214429399981,valid_front,outcomes/A__250_20_1439_5_S_1-124__vns_vnd__b8000__s307.json
A,data/input/set2/250_20_1439_5_S_1-124.dat,moead,401,8000,completed,True,True,,,,8000,8000,0,37.82789864499955,valid_front,outcomes/A__250_20_1439_5_S_1-124__moead__b8000__s401.json
A,data/input/set2/250_20_1439_5_S_1-124.dat,vns_vnd,401,8000,completed,True,True,,,,8000,6640,1360,25.057006376000572,valid_front,outcomes/A__250_20_1439_5_S_1-124__vns_vnd__b8000__s401.json
A,data/input/set2/250_20_1439_5_S_1-124.dat,spea2,401,8000,completed,True,True,,,,8000,8000,0,43.51165945199955,valid_front,outcomes/A__250_20_1439_5_S_1-124__spea2__b8000__s401.json
A,data/input/set2/250_20_1439_5_S_1-124.dat,vns_vnd,503,8000,completed,True,True,,,,8000,6639,1361,24.921545960000003,valid_front,outcomes/A__250_20_1439_5_S_1-124__vns_vnd__b8000__s503.json
A,data/input/set2/250_20_1439_5_S_1-124.dat,spea2,503,8000,completed,True,True,,,,8000,8000,0,43.70053915100016,valid_front,outcomes/A__250_20_1439_5_S_1-124__spea2__b8000__s503.json
A,data/input/set2/250_20_1439_5_S_1-124.dat,moead,503,8000,completed,True,True,,,,8000,8000,0,38.80223746400043,valid_front,outcomes/A__250_20_1439_5_S_1-124__moead__b8000__s503.json
A,data/input/set2/250_20_1439_5_S_1-124.dat,spea2,601,8000,completed,True,True,,,,8000,8000,0,44.09870313600004,valid_front,outcomes/A__250_20_1439_5_S_1-124__spea2__b8000__s601.json
A,data/input/set2/250_20_1439_5_S_1-124.dat,moead,601,8000,completed,True,True,,,,8000,8000,0,38.71187247599937,valid_front,outcomes/A__250_20_1439_5_S_1-124__moead__b8000__s601.json
A,data/input/set2/250_20_1439_5_S_1-124.dat,vns_vnd,601,8000,completed,True,True,,,,8000,6612,1388,25.14230234200022,valid_front,outcomes/A__250_20_1439_5_S_1-124__vns_vnd__b8000__s601.json
A,data/input/set2/250_20_1439_5_S_1-124.dat,moead,701,8000,completed,True,True,,,,8000,8000,0,38.33198999599972,valid_front,outcomes/A__250_20_1439_5_S_1-124__moead__b8000__s701.json
A,data/input/set2/250_20_1439_5_S_1-124.dat,vns_vnd,701,8000,completed,True,True,,,,8000,6645,1355,25.891499420999935,valid_front,outcomes/A__250_20_1439_5_S_1-124__vns_vnd__b8000__s701.json
A,data/input/set2/250_20_1439_5_S_1-124.dat,spea2,701,8000,completed,True,True,,,,8000,8000,0,42.251626346000194,valid_front,outcomes/A__250_20_1439_5_S_1-124__spea2__b8000__s701.json
A,data/input/set2/250_20_1439_5_S_1-124.dat,vns_vnd,809,8000,completed,True,True,,,,8000,6679,1321,24.58229348199984,valid_front,outcomes/A__250_20_1439_5_S_1-124__vns_vnd__b8000__s809.json
A,data/input/set2/250_20_1439_5_S_1-124.dat,spea2,809,8000,completed,True,True,,,,8000,8000,0,41.82830265099983,valid_front,outcomes/A__250_20_1439_5_S_1-124__spea2__b8000__s809.json
A,data/input/set2/250_20_1439_5_S_1-124.dat,moead,809,8000,completed,True,True,,,,8000,8000,0,36.581961738000246,valid_front,outcomes/A__250_20_1439_5_S_1-124__moead__b8000__s809.json
A,data/input/set2/250_20_1439_5_S_1-124.dat,spea2,907,8000,completed,True,True,,,,8000,8000,0,42.41242147599951,valid_front,outcomes/A__250_20_1439_5_S_1-124__spea2__b8000__s907.json
A,data/input/set2/250_20_1439_5_S_1-124.dat,moead,907,8000,completed,True,True,,,,8000,8000,0,37.50165661000028,valid_front,outcomes/A__250_20_1439_5_S_1-124__moead__b8000__s907.json
A,data/input/set2/250_20_1439_5_S_1-124.dat,vns_vnd,907,8000,completed,True,True,,,,8000,6597,1403,24.74377596999966,valid_front,outcomes/A__250_20_1439_5_S_1-124__vns_vnd__b8000__s907.json
A,data/input/set2/250_20_1439_5_S_1-124.dat,moead,1009,8000,completed,True,True,,,,8000,8000,0,37.7566033209996,valid_front,outcomes/A__250_20_1439_5_S_1-124__moead__b8000__s1009.json
A,data/input/set2/250_20_1439_5_S_1-124.dat,vns_vnd,1009,8000,completed,True,True,,,,8000,6595,1405,24.975840678000168,valid_front,outcomes/A__250_20_1439_5_S_1-124__vns_vnd__b8000__s1009.json
A,data/input/set2/250_20_1439_5_S_1-124.dat,spea2,1009,8000,completed,True,True,,,,8000,8000,0,43.7806794979997,valid_front,outcomes/A__250_20_1439_5_S_1-124__spea2__b8000__s1009.json
A,data/input/set2/250_20_1439_5_S_1-9.dat,vns_vnd,101,8000,completed,True,True,,,,8000,6517,1483,24.197499046000303,valid_front,outcomes/A__250_20_1439_5_S_1-9__vns_vnd__b8000__s101.json
A,data/input/set2/250_20_1439_5_S_1-9.dat,spea2,101,8000,completed,True,True,,,,8000,8000,0,42.80184959500002,valid_front,outcomes/A__250_20_1439_5_S_1-9__spea2__b8000__s101.json
A,data/input/set2/250_20_1439_5_S_1-9.dat,moead,101,8000,completed,True,True,,,,8000,8000,0,37.47855266799979,valid_front,outcomes/A__250_20_1439_5_S_1-9__moead__b8000__s101.json
A,data/input/set2/250_20_1439_5_S_1-9.dat,spea2,211,8000,completed,True,True,,,,8000,8000,0,43.697634700999515,valid_front,outcomes/A__250_20_1439_5_S_1-9__spea2__b8000__s211.json
A,data/input/set2/250_20_1439_5_S_1-9.dat,moead,211,8000,completed,True,True,,,,8000,8000,0,38.09624928199992,valid_front,outcomes/A__250_20_1439_5_S_1-9__moead__b8000__s211.json
A,data/input/set2/250_20_1439_5_S_1-9.dat,vns_vnd,211,8000,completed,True,True,,,,8000,6523,1477,23.524173363000045,valid_front,outcomes/A__250_20_1439_5_S_1-9__vns_vnd__b8000__s211.json
A,data/input/set2/250_20_1439_5_S_1-9.dat,moead,307,8000,completed,True,True,,,,8000,8000,0,35.12348093500077,valid_front,outcomes/A__250_20_1439_5_S_1-9__moead__b8000__s307.json
A,data/input/set2/250_20_1439_5_S_1-9.dat,vns_vnd,307,8000,completed,True,True,,,,8000,6560,1440,23.214904901999944,valid_front,outcomes/A__250_20_1439_5_S_1-9__vns_vnd__b8000__s307.json
A,data/input/set2/250_20_1439_5_S_1-9.dat,spea2,307,8000,completed,True,True,,,,8000,8000,0,40.08253642700038,valid_front,outcomes/A__250_20_1439_5_S_1-9__spea2__b8000__s307.json
A,data/input/set2/250_20_1439_5_S_1-9.dat,vns_vnd,401,8000,completed,True,True,,,,8000,6647,1353,23.31132774999969,valid_front,outcomes/A__250_20_1439_5_S_1-9__vns_vnd__b8000__s401.json
A,data/input/set2/250_20_1439_5_S_1-9.dat,spea2,401,8000,completed,True,True,,,,8000,8000,0,39.861743428999944,valid_front,outcomes/A__250_20_1439_5_S_1-9__spea2__b8000__s401.json
A,data/input/set2/250_20_1439_5_S_1-9.dat,moead,401,8000,completed,True,True,,,,8000,8000,0,35.37347846300054,valid_front,outcomes/A__250_20_1439_5_S_1-9__moead__b8000__s401.json
A,data/input/set2/250_20_1439_5_S_1-9.dat,spea2,503,8000,completed,True,True,,,,8000,8000,0,40.06420285999957,valid_front,outcomes/A__250_20_1439_5_S_1-9__spea2__b8000__s503.json
A,data/input/set2/250_20_1439_5_S_1-9.dat,moead,503,8000,completed,True,True,,,,8000,8000,0,35.347841757000424,valid_front,outcomes/A__250_20_1439_5_S_1-9__moead__b8000__s503.json
A,data/input/set2/250_20_1439_5_S_1-9.dat,vns_vnd,503,8000,completed,True,True,,,,8000,6605,1395,23.16735865999999,valid_front,outcomes/A__250_20_1439_5_S_1-9__vns_vnd__b8000__s503.json
A,data/input/set2/250_20_1439_5_S_1-9.dat,moead,601,8000,completed,True,True,,,,8000,8000,0,35.23391748099948,valid_front,outcomes/A__250_20_1439_5_S_1-9__moead__b8000__s601.json
A,data/input/set2/250_20_1439_5_S_1-9.dat,vns_vnd,601,8000,completed,True,True,,,,8000,6658,1342,23.139795582999795,valid_front,outcomes/A__250_20_1439_5_S_1-9__vns_vnd__b8000__s601.json
A,data/input/set2/250_20_1439_5_S_1-9.dat,spea2,601,8000,completed,True,True,,,,8000,8000,0,39.978727063000406,valid_front,outcomes/A__250_20_1439_5_S_1-9__spea2__b8000__s601.json
A,data/input/set2/250_20_1439_5_S_1-9.dat,vns_vnd,701,8000,completed,True,True,,,,8000,6487,1513,23.11586423300014,valid_front,outcomes/A__250_20_1439_5_S_1-9__vns_vnd__b8000__s701.json
A,data/input/set2/250_20_1439_5_S_1-9.dat,spea2,701,8000,completed,True,True,,,,8000,8000,0,39.95471296300002,valid_front,outcomes/A__250_20_1439_5_S_1-9__spea2__b8000__s701.json
A,data/input/set2/250_20_1439_5_S_1-9.dat,moead,701,8000,completed,True,True,,,,8000,8000,0,35.152379764000216,valid_front,outcomes/A__250_20_1439_5_S_1-9__moead__b8000__s701.json
A,data/input/set2/250_20_1439_5_S_1-9.dat,spea2,809,8000,completed,True,True,,,,8000,8000,0,40.40482554299979,valid_front,outcomes/A__250_20_1439_5_S_1-9__spea2__b8000__s809.json
A,data/input/set2/250_20_1439_5_S_1-9.dat,moead,809,8000,completed,True,True,,,,8000,8000,0,36.95063427900004,valid_front,outcomes/A__250_20_1439_5_S_1-9__moead__b8000__s809.json
A,data/input/set2/250_20_1439_5_S_1-9.dat,vns_vnd,809,8000,completed,True,True,,,,8000,6545,1455,23.867251234999458,valid_front,outcomes/A__250_20_1439_5_S_1-9__vns_vnd__b8000__s809.json
A,data/input/set2/250_20_1439_5_S_1-9.dat,moead,907,8000,completed,True,True,,,,8000,8000,0,36.73974459999954,valid_front,outcomes/A__250_20_1439_5_S_1-9__moead__b8000__s907.json
A,data/input/set2/250_20_1439_5_S_1-9.dat,vns_vnd,907,8000,completed,True,True,,,,8000,6646,1354,23.811713615999906,valid_front,outcomes/A__250_20_1439_5_S_1-9__vns_vnd__b8000__s907.json
A,data/input/set2/250_20_1439_5_S_1-9.dat,spea2,907,8000,completed,True,True,,,,8000,8000,0,41.83587363800052,valid_front,outcomes/A__250_20_1439_5_S_1-9__spea2__b8000__s907.json
A,data/input/set2/250_20_1439_5_S_1-9.dat,vns_vnd,1009,8000,completed,True,True,,,,8000,6579,1421,23.7172277210002,valid_front,outcomes/A__250_20_1439_5_S_1-9__vns_vnd__b8000__s1009.json
A,data/input/set2/250_20_1439_5_S_1-9.dat,spea2,1009,8000,completed,True,True,,,,8000,8000,0,40.162066514999424,valid_front,outcomes/A__250_20_1439_5_S_1-9__spea2__b8000__s1009.json
A,data/input/set2/250_20_1439_5_S_1-9.dat,moead,1009,8000,completed,True,True,,,,8000,8000,0,35.374036377000266,valid_front,outcomes/A__250_20_1439_5_S_1-9__moead__b8000__s1009.json
B,data/input/set2/750_10_1439_5_S_1-124.dat,spea2,101,2000,completed,True,True,,,,2000,2000,0,43.287264392,valid_front,outcomes/B__750_10_1439_5_S_1-124__spea2__b2000__s101.json
B,data/input/set2/750_10_1439_5_S_1-124.dat,moead,101,2000,completed,True,True,,,,2000,2000,0,41.98576753799989,valid_front,outcomes/B__750_10_1439_5_S_1-124__moead__b2000__s101.json
B,data/input/set2/750_10_1439_5_S_1-124.dat,vns_vnd,101,2000,completed,True,True,,,,2000,1964,36,32.00229688199943,valid_front,outcomes/B__750_10_1439_5_S_1-124__vns_vnd__b2000__s101.json
B,data/input/set2/750_10_1439_5_S_1-124.dat,moead,211,2000,completed,True,True,,,,2000,2000,0,42.04734963899955,valid_front,outcomes/B__750_10_1439_5_S_1-124__moead__b2000__s211.json
B,data/input/set2/750_10_1439_5_S_1-124.dat,vns_vnd,211,2000,completed,True,True,,,,2000,1991,9,32.027797260000625,valid_front,outcomes/B__750_10_1439_5_S_1-124__vns_vnd__b2000__s211.json
B,data/input/set2/750_10_1439_5_S_1-124.dat,spea2,211,2000,completed,True,True,,,,2000,2000,0,43.14164067499951,valid_front,outcomes/B__750_10_1439_5_S_1-124__spea2__b2000__s211.json
B,data/input/set2/750_10_1439_5_S_1-124.dat,vns_vnd,307,2000,completed,True,True,,,,2000,1990,10,32.01969602099962,valid_front,outcomes/B__750_10_1439_5_S_1-124__vns_vnd__b2000__s307.json
B,data/input/set2/750_10_1439_5_S_1-124.dat,spea2,307,2000,completed,True,True,,,,2000,2000,0,43.35957443300049,valid_front,outcomes/B__750_10_1439_5_S_1-124__spea2__b2000__s307.json
B,data/input/set2/750_10_1439_5_S_1-124.dat,moead,307,2000,completed,True,True,,,,2000,2000,0,42.57017787299992,valid_front,outcomes/B__750_10_1439_5_S_1-124__moead__b2000__s307.json
B,data/input/set2/750_10_1439_5_S_1-124.dat,spea2,401,2000,completed,True,True,,,,2000,2000,0,45.05041805200017,valid_front,outcomes/B__750_10_1439_5_S_1-124__spea2__b2000__s401.json
B,data/input/set2/750_10_1439_5_S_1-124.dat,moead,401,2000,completed,True,True,,,,2000,2000,0,44.17045802999928,valid_front,outcomes/B__750_10_1439_5_S_1-124__moead__b2000__s401.json
B,data/input/set2/750_10_1439_5_S_1-124.dat,vns_vnd,401,2000,completed,True,True,,,,2000,2000,0,33.52239433900013,valid_front,outcomes/B__750_10_1439_5_S_1-124__vns_vnd__b2000__s401.json
B,data/input/set2/750_10_1439_5_S_1-124.dat,moead,503,2000,completed,True,True,,,,2000,2000,0,43.77738320200024,valid_front,outcomes/B__750_10_1439_5_S_1-124__moead__b2000__s503.json
B,data/input/set2/750_10_1439_5_S_1-124.dat,vns_vnd,503,2000,completed,True,True,,,,2000,1973,27,33.310672235999846,valid_front,outcomes/B__750_10_1439_5_S_1-124__vns_vnd__b2000__s503.json
B,data/input/set2/750_10_1439_5_S_1-124.dat,spea2,503,2000,completed,True,True,,,,2000,2000,0,45.24797663299978,valid_front,outcomes/B__750_10_1439_5_S_1-124__spea2__b2000__s503.json
B,data/input/set2/750_10_1439_5_S_1-9.dat,vns_vnd,101,2000,initialization_failed,False,False,initialization,Inicialização aleatória não encontrou schedule completo,200,0,0,0,,N/A — initialization_failed,outcomes/B__750_10_1439_5_S_1-9__vns_vnd__b2000__s101.json
B,data/input/set2/750_10_1439_5_S_1-9.dat,spea2,101,2000,completed,True,True,,,,2000,2000,0,41.99783616100001,valid_front,outcomes/B__750_10_1439_5_S_1-9__spea2__b2000__s101.json
B,data/input/set2/750_10_1439_5_S_1-9.dat,moead,101,2000,completed,True,True,,,,2000,2000,0,41.21132875599994,valid_front,outcomes/B__750_10_1439_5_S_1-9__moead__b2000__s101.json
B,data/input/set2/750_10_1439_5_S_1-9.dat,spea2,211,2000,completed,True,True,,,,2000,2000,0,45.24133833600001,valid_front,outcomes/B__750_10_1439_5_S_1-9__spea2__b2000__s211.json
B,data/input/set2/750_10_1439_5_S_1-9.dat,moead,211,2000,completed,True,True,,,,2000,2000,0,59.11283513799992,valid_front,outcomes/B__750_10_1439_5_S_1-9__moead__b2000__s211.json
B,data/input/set2/750_10_1439_5_S_1-9.dat,vns_vnd,211,2000,initialization_failed,False,False,initialization,Inicialização aleatória não encontrou schedule completo,200,0,0,0,8.101508871000078,N/A — initialization_failed,outcomes/B__750_10_1439_5_S_1-9__vns_vnd__b2000__s211.json
B,data/input/set2/750_10_1439_5_S_1-9.dat,moead,307,2000,completed,True,True,,,,2000,2000,0,39.34360913499995,valid_front,outcomes/B__750_10_1439_5_S_1-9__moead__b2000__s307.json
B,data/input/set2/750_10_1439_5_S_1-9.dat,vns_vnd,307,2000,initialization_failed,False,False,initialization,Inicialização aleatória não encontrou schedule completo,200,0,0,0,8.250097650000043,N/A — initialization_failed,outcomes/B__750_10_1439_5_S_1-9__vns_vnd__b2000__s307.json
B,data/input/set2/750_10_1439_5_S_1-9.dat,spea2,307,2000,completed,True,True,,,,2000,2000,0,41.172610143000156,valid_front,outcomes/B__750_10_1439_5_S_1-9__spea2__b2000__s307.json
B,data/input/set2/750_10_1439_5_S_1-9.dat,vns_vnd,401,2000,initialization_failed,False,False,initialization,Inicialização aleatória não encontrou schedule completo,200,0,0,0,8.184263091000048,N/A — initialization_failed,outcomes/B__750_10_1439_5_S_1-9__vns_vnd__b2000__s401.json
B,data/input/set2/750_10_1439_5_S_1-9.dat,spea2,401,2000,completed,True,True,,,,2000,2000,0,41.1805787950002,valid_front,outcomes/B__750_10_1439_5_S_1-9__spea2__b2000__s401.json
B,data/input/set2/750_10_1439_5_S_1-9.dat,moead,401,2000,completed,True,True,,,,2000,2000,0,39.36150440100005,valid_front,outcomes/B__750_10_1439_5_S_1-9__moead__b2000__s401.json
B,data/input/set2/750_10_1439_5_S_1-9.dat,spea2,503,2000,completed,True,True,,,,2000,2000,0,40.65136562700013,valid_front,outcomes/B__750_10_1439_5_S_1-9__spea2__b2000__s503.json
B,data/input/set2/750_10_1439_5_S_1-9.dat,moead,503,2000,completed,True,True,,,,2000,2000,0,39.306663814999865,valid_front,outcomes/B__750_10_1439_5_S_1-9__moead__b2000__s503.json
B,data/input/set2/750_10_1439_5_S_1-9.dat,vns_vnd,503,2000,initialization_failed,False,False,initialization,Inicialização aleatória não encontrou schedule completo,200,0,0,0,8.058216096000024,N/A — initialization_failed,outcomes/B__750_10_1439_5_S_1-9__vns_vnd__b2000__s503.json
B,data/input/set2/750_20_1439_5_S_1-124.dat,moead,101,2000,completed,True,True,,,,2000,2000,0,45.00279165400002,valid_front,outcomes/B__750_20_1439_5_S_1-124__moead__b2000__s101.json
B,data/input/set2/750_20_1439_5_S_1-124.dat,vns_vnd,101,2000,completed,True,True,,,,2000,1990,10,30.283840613000166,valid_front,outcomes/B__750_20_1439_5_S_1-124__vns_vnd__b2000__s101.json
B,data/input/set2/750_20_1439_5_S_1-124.dat,spea2,101,2000,completed,True,True,,,,2000,2000,0,46.73380016700003,valid_front,outcomes/B__750_20_1439_5_S_1-124__spea2__b2000__s101.json
B,data/input/set2/750_20_1439_5_S_1-124.dat,vns_vnd,211,2000,completed,True,True,,,,2000,1967,33,30.283462175000068,valid_front,outcomes/B__750_20_1439_5_S_1-124__vns_vnd__b2000__s211.json
B,data/input/set2/750_20_1439_5_S_1-124.dat,spea2,211,2000,completed,True,True,,,,2000,2000,0,46.57781825799998,valid_front,outcomes/B__750_20_1439_5_S_1-124__spea2__b2000__s211.json
B,data/input/set2/750_20_1439_5_S_1-124.dat,moead,211,2000,completed,True,True,,,,2000,2000,0,45.191700037000146,valid_front,outcomes/B__750_20_1439_5_S_1-124__moead__b2000__s211.json
B,data/input/set2/750_20_1439_5_S_1-124.dat,spea2,307,2000,completed,True,True,,,,2000,2000,0,46.105987512999945,valid_front,outcomes/B__750_20_1439_5_S_1-124__spea2__b2000__s307.json
B,data/input/set2/750_20_1439_5_S_1-124.dat,moead,307,2000,completed,True,True,,,,2000,2000,0,44.94380809800009,valid_front,outcomes/B__750_20_1439_5_S_1-124__moead__b2000__s307.json
B,data/input/set2/750_20_1439_5_S_1-124.dat,vns_vnd,307,2000,completed,True,True,,,,2000,2000,0,30.477601276000087,valid_front,outcomes/B__750_20_1439_5_S_1-124__vns_vnd__b2000__s307.json
B,data/input/set2/750_20_1439_5_S_1-124.dat,moead,401,2000,completed,True,True,,,,2000,2000,0,45.13799590899998,valid_front,outcomes/B__750_20_1439_5_S_1-124__moead__b2000__s401.json
B,data/input/set2/750_20_1439_5_S_1-124.dat,vns_vnd,401,2000,completed,True,True,,,,2000,2000,0,31.0162968489999,valid_front,outcomes/B__750_20_1439_5_S_1-124__vns_vnd__b2000__s401.json
B,data/input/set2/750_20_1439_5_S_1-124.dat,spea2,401,2000,completed,True,True,,,,2000,2000,0,47.02246416899993,valid_front,outcomes/B__750_20_1439_5_S_1-124__spea2__b2000__s401.json
B,data/input/set2/750_20_1439_5_S_1-124.dat,vns_vnd,503,2000,completed,True,True,,,,2000,1976,24,30.648633995999944,valid_front,outcomes/B__750_20_1439_5_S_1-124__vns_vnd__b2000__s503.json
B,data/input/set2/750_20_1439_5_S_1-124.dat,spea2,503,2000,completed,True,True,,,,2000,2000,0,46.65328246900003,valid_front,outcomes/B__750_20_1439_5_S_1-124__spea2__b2000__s503.json
B,data/input/set2/750_20_1439_5_S_1-124.dat,moead,503,2000,completed,True,True,,,,2000,2000,0,45.25595223999994,valid_front,outcomes/B__750_20_1439_5_S_1-124__moead__b2000__s503.json
B,data/input/set2/750_20_1439_5_S_1-9.dat,spea2,101,2000,completed,True,True,,,,2000,2000,0,45.55897502199991,valid_front,outcomes/B__750_20_1439_5_S_1-9__spea2__b2000__s101.json
B,data/input/set2/750_20_1439_5_S_1-9.dat,moead,101,2000,completed,True,True,,,,2000,2000,0,44.19186290500011,valid_front,outcomes/B__750_20_1439_5_S_1-9__moead__b2000__s101.json
B,data/input/set2/750_20_1439_5_S_1-9.dat,vns_vnd,101,2000,completed,True,True,,,,2000,1975,25,29.129473738999877,valid_front,outcomes/B__750_20_1439_5_S_1-9__vns_vnd__b2000__s101.json
B,data/input/set2/750_20_1439_5_S_1-9.dat,moead,211,2000,completed,True,True,,,,2000,2000,0,44.138391531000025,valid_front,outcomes/B__750_20_1439_5_S_1-9__moead__b2000__s211.json
B,data/input/set2/750_20_1439_5_S_1-9.dat,vns_vnd,211,2000,completed,True,True,,,,2000,1993,7,29.383738982000068,valid_front,outcomes/B__750_20_1439_5_S_1-9__vns_vnd__b2000__s211.json
B,data/input/set2/750_20_1439_5_S_1-9.dat,spea2,211,2000,completed,True,True,,,,2000,2000,0,45.53249727100001,valid_front,outcomes/B__750_20_1439_5_S_1-9__spea2__b2000__s211.json
B,data/input/set2/750_20_1439_5_S_1-9.dat,vns_vnd,307,2000,completed,True,True,,,,2000,1947,53,28.798751263999748,valid_front,outcomes/B__750_20_1439_5_S_1-9__vns_vnd__b2000__s307.json
B,data/input/set2/750_20_1439_5_S_1-9.dat,spea2,307,2000,completed,True,True,,,,2000,2000,0,45.39632226399999,valid_front,outcomes/B__750_20_1439_5_S_1-9__spea2__b2000__s307.json
B,data/input/set2/750_20_1439_5_S_1-9.dat,moead,307,2000,completed,True,True,,,,2000,2000,0,43.91216738999992,valid_front,outcomes/B__750_20_1439_5_S_1-9__moead__b2000__s307.json
B,data/input/set2/750_20_1439_5_S_1-9.dat,spea2,401,2000,completed,True,True,,,,2000,2000,0,45.1413190129997,valid_front,outcomes/B__750_20_1439_5_S_1-9__spea2__b2000__s401.json
B,data/input/set2/750_20_1439_5_S_1-9.dat,moead,401,2000,completed,True,True,,,,2000,2000,0,43.49194545599994,valid_front,outcomes/B__750_20_1439_5_S_1-9__moead__b2000__s401.json
B,data/input/set2/750_20_1439_5_S_1-9.dat,vns_vnd,401,2000,completed,True,True,,,,2000,1932,68,28.459932757999923,valid_front,outcomes/B__750_20_1439_5_S_1-9__vns_vnd__b2000__s401.json
B,data/input/set2/750_20_1439_5_S_1-9.dat,moead,503,2000,completed,True,True,,,,2000,2000,0,44.09521941000003,valid_front,outcomes/B__750_20_1439_5_S_1-9__moead__b2000__s503.json
B,data/input/set2/750_20_1439_5_S_1-9.dat,vns_vnd,503,2000,completed,True,True,,,,2000,1995,5,29.370951391999824,valid_front,outcomes/B__750_20_1439_5_S_1-9__vns_vnd__b2000__s503.json
B,data/input/set2/750_20_1439_5_S_1-9.dat,spea2,503,2000,completed,True,True,,,,2000,2000,0,45.77475914099978,valid_front,outcomes/B__750_20_1439_5_S_1-9__spea2__b2000__s503.json
C,data/input/set2/250_10_1439_5_S_1-9.dat,vns_vnd,101,20000,completed,True,True,,,,20000,12579,7421,44.258849861999806,valid_front,outcomes/C__250_10_1439_5_S_1-9__vns_vnd__b20000__s101.json
C,data/input/set2/250_10_1439_5_S_1-9.dat,spea2,101,20000,completed,True,True,,,,20000,20000,0,87.06978822000019,valid_front,outcomes/C__250_10_1439_5_S_1-9__spea2__b20000__s101.json
C,data/input/set2/250_10_1439_5_S_1-9.dat,moead,101,20000,completed,True,True,,,,20000,20000,0,75.67147217399997,valid_front,outcomes/C__250_10_1439_5_S_1-9__moead__b20000__s101.json
C,data/input/set2/250_10_1439_5_S_1-9.dat,spea2,211,20000,completed,True,True,,,,20000,20000,0,87.26491578700006,valid_front,outcomes/C__250_10_1439_5_S_1-9__spea2__b20000__s211.json
C,data/input/set2/250_10_1439_5_S_1-9.dat,moead,211,20000,completed,True,True,,,,20000,20000,0,75.55037332300026,valid_front,outcomes/C__250_10_1439_5_S_1-9__moead__b20000__s211.json
C,data/input/set2/250_10_1439_5_S_1-9.dat,vns_vnd,211,20000,completed,True,True,,,,20000,10744,9256,40.576600008999776,valid_front,outcomes/C__250_10_1439_5_S_1-9__vns_vnd__b20000__s211.json
C,data/input/set2/250_10_1439_5_S_1-9.dat,moead,307,20000,completed,True,True,,,,20000,20000,0,74.31827700900021,valid_front,outcomes/C__250_10_1439_5_S_1-9__moead__b20000__s307.json
C,data/input/set2/250_10_1439_5_S_1-9.dat,vns_vnd,307,20000,completed,True,True,,,,20000,10990,9010,40.81413282700032,valid_front,outcomes/C__250_10_1439_5_S_1-9__vns_vnd__b20000__s307.json
C,data/input/set2/250_10_1439_5_S_1-9.dat,spea2,307,20000,completed,True,True,,,,20000,20000,0,86.54211452500022,valid_front,outcomes/C__250_10_1439_5_S_1-9__spea2__b20000__s307.json
C,data/input/set2/250_10_1439_5_S_1-9.dat,vns_vnd,401,20000,completed,True,True,,,,20000,10893,9107,41.19895660700013,valid_front,outcomes/C__250_10_1439_5_S_1-9__vns_vnd__b20000__s401.json
C,data/input/set2/250_10_1439_5_S_1-9.dat,spea2,401,20000,completed,True,True,,,,20000,20000,0,85.98413895099975,valid_front,outcomes/C__250_10_1439_5_S_1-9__spea2__b20000__s401.json
C,data/input/set2/250_10_1439_5_S_1-9.dat,moead,401,20000,completed,True,True,,,,20000,20000,0,74.82858806600007,valid_front,outcomes/C__250_10_1439_5_S_1-9__moead__b20000__s401.json
C,data/input/set2/250_10_1439_5_S_1-9.dat,spea2,503,20000,completed,True,True,,,,20000,20000,0,85.85829580999962,valid_front,outcomes/C__250_10_1439_5_S_1-9__spea2__b20000__s503.json
C,data/input/set2/250_10_1439_5_S_1-9.dat,moead,503,20000,completed,True,True,,,,20000,20000,0,75.17996520099996,valid_front,outcomes/C__250_10_1439_5_S_1-9__moead__b20000__s503.json
C,data/input/set2/250_10_1439_5_S_1-9.dat,vns_vnd,503,20000,completed,True,True,,,,20000,11403,8597,41.043543810999836,valid_front,outcomes/C__250_10_1439_5_S_1-9__vns_vnd__b20000__s503.json
