experiment,instance,algorithm,metric,seeds,planned_runs,completion_rate,median,q1,q3,minimum,maximum
A,data/input/set1/10_2_1439_3_S_1-9.dat,moead,hv,10,10,1.0,1.0731699115685154,1.0707840395847172,1.073421750538609,1.0664214978554445,1.076829848784162
A,data/input/set1/10_2_1439_3_S_1-9.dat,moead,igd_plus,10,10,1.0,0.002204777754735634,0.001919405739674265,0.0025759909467801298,0.0017595309220992978,0.0039083123940726605
A,data/input/set1/10_2_1439_3_S_1-9.dat,moead,front_size,10,10,1.0,40.0,38.25,41.5,36,43
A,data/input/set1/10_2_1439_3_S_1-9.dat,moead,cmax_min,10,10,1.0,177.0,175.0,180.75,172,184
A,data/input/set1/10_2_1439_3_S_1-9.dat,moead,tec_min,10,10,1.0,185.976602,185.976602,186.77316034999998,185.976602,187.9554886
A,data/input/set1/10_2_1439_3_S_1-9.dat,moead,elapsed_seconds,10,10,1.0,3.2817427894999582,3.252033972999925,3.3164349302500113,3.1623351030002596,3.3845535940004083
A,data/input/set1/10_2_1439_3_S_1-9.dat,moead,ms_per_attempt,10,10,1.0,0.4102178486874948,0.40650424662499063,0.4145543662812514,0.39529188787503244,0.42306919925005104
A,data/input/set1/10_2_1439_3_S_1-9.dat,moead,feasible_evaluations,10,10,1.0,8000.0,8000.0,8000.0,8000,8000
A,data/input/set1/10_2_1439_3_S_1-9.dat,moead,rejected_evaluations,10,10,1.0,0.0,0.0,0.0,0,0
A,data/input/set1/10_2_1439_3_S_1-9.dat,moead,rejection_rate,10,10,1.0,0.0,0.0,0.0,0.0,0.0
A,data/input/set1/10_2_1439_3_S_1-9.dat,moead,allocations,10,10,1.0,5.0,4.0,5.0,3,6
A,data/input/set1/10_2_1439_3_S_1-9.dat,moead,orders,10,10,1.0,17.0,14.75,18.5,9,23
A,data/input/set1/10_2_1439_3_S_1-9.dat,moead,modes,10,10,1.0,36.5,35.25,37.0,33,39
A,data/input/set1/10_2_1439_3_S_1-9.dat,moead,waits,10,10,1.0,2.0,2.0,3.0,1,6
A,data/input/set1/10_2_1439_3_S_1-9.dat,spea2,hv,10,10,1.0,1.0770095745384927,1.0749646212072306,1.077963774954575,1.0685502115065235,1.0783392975407697
A,data/input/set1/10_2_1439_3_S_1-9.dat,spea2,igd_plus,10,10,1.0,0.0019549423122948014,0.001822531526472901,0.0022835610508296117,0.001463010056704021,0.005394957655637062
A,data/input/set1/10_2_1439_3_S_1-9.dat,spea2,front_size,10,10,1.0,50.0,50.0,50.0,50,50
A,data/input/set1/10_2_1439_3_S_1-9.dat,spea2,cmax_min,10,10,1.0,170.5,170.0,172.0,170,172
A,data/input/set1/10_2_1439_3_S_1-9.dat,spea2,tec_min,10,10,1.0,185.976602,185.976602,187.9554886,185.976602,193.5402746
A,data/input/set1/10_2_1439_3_S_1-9.dat,spea2,elapsed_seconds,10,10,1.0,8.1311677745,8.00511918399991,8.190381551999735,7.956190563000291,8.264796490000208
A,data/input/set1/10_2_1439_3_S_1-9.dat,spea2,ms_per_attempt,10,10,1.0,1.0163959718125,1.0006398979999886,1.023797693999967,0.9945238203750364,1.033099561250026
A,data/input/set1/10_2_1439_3_S_1-9.dat,spea2,feasible_evaluations,10,10,1.0,8000.0,8000.0,8000.0,8000,8000
A,data/input/set1/10_2_1439_3_S_1-9.dat,spea2,rejected_evaluations,10,10,1.0,0.0,0.0,0.0,0,0
A,data/input/set1/10_2_1439_3_S_1-9.dat,spea2,rejection_rate,10,10,1.0,0.0,0.0,0.0,0.0,0.0
A,data/input/set1/10_2_1439_3_S_1-9.dat,spea2,allocations,10,10,1.0,5.0,4.0,5.75,3,6
A,data/input/set1/10_2_1439_3_S_1-9.dat,spea2,orders,10,10,1.0,21.0,21.0,22.75,13,34
A,data/input/set1/10_2_1439_3_S_1-9.dat,spea2,modes,10,10,1.0,46.0,46.0,47.0,44,50
A,data/input/set1/10_2_1439_3_S_1-9.dat,spea2,waits,10,10,1.0,6.0,4.0,7.75,3,10
A,data/input/set1/10_2_1439_3_S_1-9.dat,vns_vnd,hv,10,10,1.0,1.0416122933954397,1.0357462386690595,1.0464176157567893,1.0317683961826345,1.0532632631884284
A,data/input/set1/10_2_1439_3_S_1-9.dat,vns_vnd,igd_plus,10,10,1.0,0.009845344038564439,0.0075607408568407475,0.012471641402190876,0.006716671225958684,0.012948589160985305
A,data/input/set1/10_2_1439_3_S_1-9.dat,vns_vnd,front_size,10,10,1.0,17.5,16.0,19.0,10,25
A,data/input/set1/10_2_1439_3_S_1-9.dat,vns_vnd,cmax_min,10,10,1.0,206.5,202.75,215.0,184,223
A,data/input/set1/10_2_1439_3_S_1-9.dat,vns_vnd,tec_min,10,10,1.0,190.7478816,187.9554886,198.5375282,187.9554886,206.75437326666668
A,data/input/set1/10_2_1439_3_S_1-9.dat,vns_vnd,elapsed_seconds,10,10,1.0,0.9970061470000928,0.9932956792498544,1.0019022227500045,0.962560628999654,1.0253441929999099
A,data/input/set1/10_2_1439_3_S_1-9.dat,vns_vnd,ms_per_attempt,10,10,1.0,0.1246257683750116,0.1241619599062318,0.12523777784375056,0.12032007862495675,0.12816802412498873
A,data/input/set1/10_2_1439_3_S_1-9.dat,vns_vnd,feasible_evaluations,10,10,1.0,6947.5,6916.75,6970.25,6823,7047
A,data/input/set1/10_2_1439_3_S_1-9.dat,vns_vnd,rejected_evaluations,10,10,1.0,1052.5,1029.75,1083.25,953,1177
A,data/input/set1/10_2_1439_3_S_1-9.dat,vns_vnd,rejection_rate,10,10,1.0,0.1315625,0.12871875,0.13540625,0.119125,0.147125
A,data/input/set1/10_2_1439_3_S_1-9.dat,vns_vnd,allocations,10,10,1.0,3.0,2.25,4.0,2,5
A,data/input/set1/10_2_1439_3_S_1-9.dat,vns_vnd,orders,10,10,1.0,6.0,6.0,7.0,2,9
A,data/input/set1/10_2_1439_3_S_1-9.dat,vns_vnd,modes,10,10,1.0,15.0,11.5,18.0,9,22
A,data/input/set1/10_2_1439_3_S_1-9.dat,vns_vnd,waits,10,10,1.0,1.0,1.0,1.0,1,2
A,data/input/set1/6_2_1439_3_S_1-9.dat,moead,hv,10,10,1.0,1.0825361795867745,1.0815349376146903,1.0828221340114008,1.0804764140137786,1.0829138348230747
A,data/input/set1/6_2_1439_3_S_1-9.dat,moead,igd_plus,10,10,1.0,0.0011419979650347733,0.0009158311020946659,0.0013833470495296357,0.0007277560825464211,0.0021919012217671862
A,data/input/set1/6_2_1439_3_S_1-9.dat,moead,front_size,10,10,1.0,28.5,26.25,29.0,26,30
A,data/input/set1/6_2_1439_3_S_1-9.dat,moead,cmax_min,10,10,1.0,94.5,94.0,96.0,94,98
A,data/input/set1/6_2_1439_3_S_1-9.dat,moead,tec_min,10,10,1.0,134.099428,134.099428,134.099428,134.099428,134.099428
A,data/input/set1/6_2_1439_3_S_1-9.dat,moead,elapsed_seconds,10,10,1.0,2.943059728499975,2.9116965997499733,2.9701020737501267,2.8994741760000124,2.984684514000037
A,data/input/set1/6_2_1439_3_S_1-9.dat,moead,ms_per_attempt,10,10,1.0,0.36788246606249686,0.36396207496874666,0.37126275921876584,0.36243427200000156,0.3730855642500046
A,data/input/set1/6_2_1439_3_S_1-9.dat,moead,feasible_evaluations,10,10,1.0,8000.0,8000.0,8000.0,8000,8000
A,data/input/set1/6_2_1439_3_S_1-9.dat,moead,rejected_evaluations,10,10,1.0,0.0,0.0,0.0,0,0
A,data/input/set1/6_2_1439_3_S_1-9.dat,moead,rejection_rate,10,10,1.0,0.0,0.0,0.0,0.0,0.0
A,data/input/set1/6_2_1439_3_S_1-9.dat,moead,allocations,10,10,1.0,5.0,4.25,5.0,4,5
A,data/input/set1/6_2_1439_3_S_1-9.dat,moead,orders,10,10,1.0,9.0,8.0,9.0,6,13
A,data/input/set1/6_2_1439_3_S_1-9.dat,moead,modes,10,10,1.0,19.5,18.25,20.0,18,20
A,data/input/set1/6_2_1439_3_S_1-9.dat,moead,waits,10,10,1.0,1.5,1.0,2.0,1,3
A,data/input/set1/6_2_1439_3_S_1-9.dat,spea2,hv,10,10,1.0,1.0829943220760803,1.0829783693821393,1.0830477231905524,1.0828919156117531,1.0830908679803535
A,data/input/set1/6_2_1439_3_S_1-9.dat,spea2,igd_plus,10,10,1.0,0.0006751141967953555,0.0005128853331121182,0.0007542494696972119,0.00032206008830697495,0.0010564125140127996
A,data/input/set1/6_2_1439_3_S_1-9.dat,spea2,front_size,10,10,1.0,39.5,39.0,40.0,36,41
A,data/input/set1/6_2_1439_3_S_1-9.dat,spea2,cmax_min,10,10,1.0,94.0,94.0,94.0,94,94
A,data/input/set1/6_2_1439_3_S_1-9.dat,spea2,tec_min,10,10,1.0,134.099428,134.099428,134.099428,134.099428,134.099428
A,data/input/set1/6_2_1439_3_S_1-9.dat,spea2,elapsed_seconds,10,10,1.0,7.819716094499995,7.754288182249979,7.905557666000107,7.670054322999931,8.036364936999917
A,data/input/set1/6_2_1439_3_S_1-9.dat,spea2,ms_per_attempt,10,10,1.0,0.9774645118124994,0.9692860227812474,0.9881947082500133,0.9587567903749914,1.0045456171249896
A,data/input/set1/6_2_1439_3_S_1-9.dat,spea2,feasible_evaluations,10,10,1.0,8000.0,8000.0,8000.0,8000,8000
A,data/input/set1/6_2_1439_3_S_1-9.dat,spea2,rejected_evaluations,10,10,1.0,0.0,0.0,0.0,0,0
A,data/input/set1/6_2_1439_3_S_1-9.dat,spea2,rejection_rate,10,10,1.0,0.0,0.0,0.0,0.0,0.0
A,data/input/set1/6_2_1439_3_S_1-9.dat,spea2,allocations,10,10,1.0,5.0,5.0,5.0,4,5
A,data/input/set1/6_2_1439_3_S_1-9.dat,spea2,orders,10,10,1.0,6.5,6.0,8.5,6,9
A,data/input/set1/6_2_1439_3_S_1-9.dat,spea2,modes,10,10,1.0,29.5,29.0,30.0,26,31
A,data/input/set1/6_2_1439_3_S_1-9.dat,spea2,waits,10,10,1.0,3.0,2.25,4.75,1,6
A,data/input/set1/6_2_1439_3_S_1-9.dat,vns_vnd,hv,10,10,1.0,1.0760889592350351,1.067834003428335,1.0788545985748494,1.0545989949204937,1.0797258752389451
A,data/input/set1/6_2_1439_3_S_1-9.dat,vns_vnd,igd_plus,10,10,1.0,0.0022597144947535614,0.0014950198540641408,0.00464727849460291,0.001402136406790928,0.005775179360383605
A,data/input/set1/6_2_1439_3_S_1-9.dat,vns_vnd,front_size,10,10,1.0,20.0,17.25,22.0,13,27
A,data/input/set1/6_2_1439_3_S_1-9.dat,vns_vnd,cmax_min,10,10,1.0,104.5,100.25,108.5,99,119
A,data/input/set1/6_2_1439_3_S_1-9.dat,vns_vnd,tec_min,10,10,1.0,134.099428,134.099428,134.099428,134.099428,145.8274786
A,data/input/set1/6_2_1439_3_S_1-9.dat,vns_vnd,elapsed_seconds,10,10,1.0,0.7924138600000106,0.787466858499954,0.8105751915000496,0.7812223309999808,0.8330861970000569
A,data/input/set1/6_2_1439_3_S_1-9.dat,vns_vnd,ms_per_attempt,10,10,1.0,0.09905173250000132,0.09843335731249425,0.1013218989375062,0.0976527913749976,0.10413577462500712
A,data/input/set1/6_2_1439_3_S_1-9.dat,vns_vnd,feasible_evaluations,10,10,1.0,7034.5,6956.5,7090.75,6860,7199
A,data/input/set1/6_2_1439_3_S_1-9.dat,vns_vnd,rejected_evaluations,10,10,1.0,965.5,909.25,1043.5,801,1140
A,data/input/set1/6_2_1439_3_S_1-9.dat,vns_vnd,rejection_rate,10,10,1.0,0.1206875,0.11365625,0.1304375,0.100125,0.1425
A,data/input/set1/6_2_1439_3_S_1-9.dat,vns_vnd,allocations,10,10,1.0,4.5,4.0,5.0,3,5
A,data/input/set1/6_2_1439_3_S_1-9.dat,vns_vnd,orders,10,10,1.0,7.0,6.0,8.0,5,9
A,data/input/set1/6_2_1439_3_S_1-9.dat,vns_vnd,modes,10,10,1.0,14.5,13.25,15.75,8,19
A,data/input/set1/6_2_1439_3_S_1-9.dat,vns_vnd,waits,10,10,1.0,1.0,1.0,1.0,1,1
A,data/input/set1/7_2_1439_3_S_1-9.dat,moead,hv,10,10,1.0,1.0811789913545862,1.0810510055640934,1.0817532172177167,1.080348904807927,1.0818730134721108
A,data/input/set1/7_2_1439_3_S_1-9.dat,moead,igd_plus,10,10,1.0,0.0008234331831128625,0.0006451174674292255,0.0009392542683848042,0.0005839205689439087,0.001151528149763115
A,data/input/set1/7_2_1439_3_S_1-9.dat,moead,front_size,10,10,1.0,27.0,26.0,27.0,24,28
A,data/input/set1/7_2_1439_3_S_1-9.dat,moead,cmax_min,10,10,1.0,125.0,124.0,125.0,124,126
A,data/input/set1/7_2_1439_3_S_1-9.dat,moead,tec_min,10,10,1.0,146.9928588,146.9928588,146.9928588,146.9928588,146.9928588
A,data/input/set1/7_2_1439_3_S_1-9.dat,moead,elapsed_seconds,10,10,1.0,2.9844039945000986,2.971830073750027,3.0150136504998954,2.911321093999959,3.128655068999933
A,data/input/set1/7_2_1439_3_S_1-9.dat,moead,ms_per_attempt,10,10,1.0,0.37305049931251233,0.3714787592187534,0.37687670631248693,0.36391513674999487,0.39108188362499163
A,data/input/set1/7_2_1439_3_S_1-9.dat,moead,feasible_evaluations,10,10,1.0,8000.0,8000.0,8000.0,8000,8000
A,data/input/set1/7_2_1439_3_S_1-9.dat,moead,rejected_evaluations,10,10,1.0,0.0,0.0,0.0,0,0
A,data/input/set1/7_2_1439_3_S_1-9.dat,moead,rejection_rate,10,10,1.0,0.0,0.0,0.0,0.0,0.0
A,data/input/set1/7_2_1439_3_S_1-9.dat,moead,allocations,10,10,1.0,3.0,3.0,3.0,3,3
A,data/input/set1/7_2_1439_3_S_1-9.dat,moead,orders,10,10,1.0,6.0,5.25,7.75,4,10
A,data/input/set1/7_2_1439_3_S_1-9.dat,moead,modes,10,10,1.0,25.0,24.0,25.0,22,26
A,data/input/set1/7_2_1439_3_S_1-9.dat,moead,waits,10,10,1.0,2.0,1.25,2.0,1,3
A,data/input/set1/7_2_1439_3_S_1-9.dat,spea2,hv,10,10,1.0,1.081959272406937,1.081951561176391,1.0819687401567648,1.0812605289507324,1.081976217538326
A,data/input/set1/7_2_1439_3_S_1-9.dat,spea2,igd_plus,10,10,1.0,0.00012779319409960554,8.428180398550572e-05,0.00020804429553343648,0.0,0.0004210297288090046
A,data/input/set1/7_2_1439_3_S_1-9.dat,spea2,front_size,10,10,1.0,40.0,39.25,40.0,38,41
A,data/input/set1/7_2_1439_3_S_1-9.dat,spea2,cmax_min,10,10,1.0,124.0,124.0,124.0,124,125
A,data/input/set1/7_2_1439_3_S_1-9.dat,spea2,tec_min,10,10,1.0,146.9928588,146.9928588,146.9928588,146.9928588,146.9928588
A,data/input/set1/7_2_1439_3_S_1-9.dat,spea2,elapsed_seconds,10,10,1.0,7.91186111449997,7.850160371000015,7.972354900500022,7.730853587999945,8.646065402999966
A,data/input/set1/7_2_1439_3_S_1-9.dat,spea2,ms_per_attempt,10,10,1.0,0.9889826393124963,0.9812700463750019,0.9965443625625028,0.9663566984999932,1.0807581753749957
A,data/input/set1/7_2_1439_3_S_1-9.dat,spea2,feasible_evaluations,10,10,1.0,8000.0,8000.0,8000.0,8000,8000
A,data/input/set1/7_2_1439_3_S_1-9.dat,spea2,rejected_evaluations,10,10,1.0,0.0,0.0,0.0,0,0
A,data/input/set1/7_2_1439_3_S_1-9.dat,spea2,rejection_rate,10,10,1.0,0.0,0.0,0.0,0.0,0.0
A,data/input/set1/7_2_1439_3_S_1-9.dat,spea2,allocations,10,10,1.0,3.0,3.0,3.0,3,3
A,data/input/set1/7_2_1439_3_S_1-9.dat,spea2,orders,10,10,1.0,8.5,6.5,9.75,5,13
A,data/input/set1/7_2_1439_3_S_1-9.dat,spea2,modes,10,10,1.0,37.0,36.25,37.0,35,38
A,data/input/set1/7_2_1439_3_S_1-9.dat,spea2,waits,10,10,1.0,3.5,2.25,4.0,2,6
A,data/input/set1/7_2_1439_3_S_1-9.dat,vns_vnd,hv,10,10,1.0,1.0694270939272768,1.0671949635470628,1.0758162268198526,1.06294468592289,1.0803169856269021
A,data/input/set1/7_2_1439_3_S_1-9.dat,vns_vnd,igd_plus,10,10,1.0,0.003130770649026594,0.0016475704344061843,0.003974605141014858,0.0007336429780408434,0.004647865636992401
A,data/input/set1/7_2_1439_3_S_1-9.dat,vns_vnd,front_size,10,10,1.0,21.5,16.25,28.0,16,31
A,data/input/set1/7_2_1439_3_S_1-9.dat,vns_vnd,cmax_min,10,10,1.0,142.0,127.25,145.0,124,146
A,data/input/set1/7_2_1439_3_S_1-9.dat,vns_vnd,tec_min,10,10,1.0,146.9928588,146.9928588,149.28084554999998,146.9928588,150.7311144
A,data/input/set1/7_2_1439_3_S_1-9.dat,vns_vnd,elapsed_seconds,10,10,1.0,0.8452416819999371,0.8385703237498774,0.8541285937500902,0.8182300549999582,0.8735483220000333
A,data/input/set1/7_2_1439_3_S_1-9.dat,vns_vnd,ms_per_attempt,10,10,1.0,0.10565521024999214,0.10482129046873467,0.10676607421876128,0.10227875687499477,0.10919354025000416
A,data/input/set1/7_2_1439_3_S_1-9.dat,vns_vnd,feasible_evaluations,10,10,1.0,6990.0,6943.5,7074.75,6546,7209
A,data/input/set1/7_2_1439_3_S_1-9.dat,vns_vnd,rejected_evaluations,10,10,1.0,1010.0,925.25,1056.5,791,1454
A,data/input/set1/7_2_1439_3_S_1-9.dat,vns_vnd,rejection_rate,10,10,1.0,0.12625,0.11565625,0.1320625,0.098875,0.18175
A,data/input/set1/7_2_1439_3_S_1-9.dat,vns_vnd,allocations,10,10,1.0,3.0,3.0,3.0,2,4
A,data/input/set1/7_2_1439_3_S_1-9.dat,vns_vnd,orders,10,10,1.0,6.0,5.0,6.75,4,7
A,data/input/set1/7_2_1439_3_S_1-9.dat,vns_vnd,modes,10,10,1.0,19.0,14.25,26.25,14,29
A,data/input/set1/7_2_1439_3_S_1-9.dat,vns_vnd,waits,10,10,1.0,1.0,1.0,1.75,1,2
A,data/input/set1/8_2_1439_3_S_1-9.dat,moead,hv,10,10,1.0,1.0732957687362292,1.0723181692326094,1.0739313188028499,1.071710411916344,1.0766308938550382
A,data/input/set1/8_2_1439_3_S_1-9.dat,moead,igd_plus,10,10,1.0,0.0023283428910450517,0.0014224610938026057,0.003171597055806434,0.0009528759388819134,0.005698892638980298
A,data/input/set1/8_2_1439_3_S_1-9.dat,moead,front_size,10,10,1.0,32.5,31.25,33.0,31,34
A,data/input/set1/8_2_1439_3_S_1-9.dat,moead,cmax_min,10,10,1.0,138.5,137.25,139.75,134,141
A,data/input/set1/8_2_1439_3_S_1-9.dat,moead,tec_min,10,10,1.0,190.7091432,190.7091432,190.7091432,190.7091432,190.7091432
A,data/input/set1/8_2_1439_3_S_1-9.dat,moead,elapsed_seconds,10,10,1.0,3.0871775089999574,3.066094092249955,3.107273957499956,3.033505944000126,3.202490943000157
A,data/input/set1/8_2_1439_3_S_1-9.dat,moead,ms_per_attempt,10,10,1.0,0.38589718862499467,0.38326176153124436,0.3884092446874945,0.37918824300001575,0.40031136787501964
A,data/input/set1/8_2_1439_3_S_1-9.dat,moead,feasible_evaluations,10,10,1.0,8000.0,8000.0,8000.0,8000,8000
A,data/input/set1/8_2_1439_3_S_1-9.dat,moead,rejected_evaluations,10,10,1.0,0.0,0.0,0.0,0,0
A,data/input/set1/8_2_1439_3_S_1-9.dat,moead,rejection_rate,10,10,1.0,0.0,0.0,0.0,0.0,0.0
A,data/input/set1/8_2_1439_3_S_1-9.dat,moead,allocations,10,10,1.0,3.5,3.0,4.0,2,5
A,data/input/set1/8_2_1439_3_S_1-9.dat,moead,orders,10,10,1.0,8.0,7.0,9.0,6,11
A,data/input/set1/8_2_1439_3_S_1-9.dat,moead,modes,10,10,1.0,30.0,29.0,30.0,27,30
A,data/input/set1/8_2_1439_3_S_1-9.dat,moead,waits,10,10,1.0,2.5,2.0,3.0,1,5
A,data/input/set1/8_2_1439_3_S_1-9.dat,spea2,hv,10,10,1.0,1.0770834531208846,1.0758701208750625,1.0773419645220053,1.0740953131483715,1.0778943344203809
A,data/input/set1/8_2_1439_3_S_1-9.dat,spea2,igd_plus,10,10,1.0,0.0017004493603248701,0.000747163931540886,0.0025474029809509887,0.00030474687531299136,0.005168291112389402
A,data/input/set1/8_2_1439_3_S_1-9.dat,spea2,front_size,10,10,1.0,49.5,44.75,50.0,42,50
A,data/input/set1/8_2_1439_3_S_1-9.dat,spea2,cmax_min,10,10,1.0,133.0,133.0,134.75,132,137
A,data/input/set1/8_2_1439_3_S_1-9.dat,spea2,tec_min,10,10,1.0,190.7091432,190.7091432,190.7091432,190.7091432,190.7091432
A,data/input/set1/8_2_1439_3_S_1-9.dat,spea2,elapsed_seconds,10,10,1.0,8.026100336500008,7.91486555775009,8.069404811500078,7.698788994999859,8.247379064000143
A,data/input/set1/8_2_1439_3_S_1-9.dat,spea2,ms_per_attempt,10,10,1.0,1.003262542062501,0.9893581947187613,1.0086756014375098,0.9623486243749824,1.0309223830000178
A,data/input/set1/8_2_1439_3_S_1-9.dat,spea2,feasible_evaluations,10,10,1.0,8000.0,8000.0,8000.0,8000,8000
A,data/input/set1/8_2_1439_3_S_1-9.dat,spea2,rejected_evaluations,10,10,1.0,0.0,0.0,0.0,0,0
A,data/input/set1/8_2_1439_3_S_1-9.dat,spea2,rejection_rate,10,10,1.0,0.0,0.0,0.0,0.0,0.0
A,data/input/set1/8_2_1439_3_S_1-9.dat,spea2,allocations,10,10,1.0,4.0,3.0,5.0,2,5
A,data/input/set1/8_2_1439_3_S_1-9.dat,spea2,orders,10,10,1.0,13.5,11.0,18.5,9,21
A,data/input/set1/8_2_1439_3_S_1-9.dat,spea2,modes,10,10,1.0,42.5,41.0,43.75,39,45
A,data/input/set1/8_2_1439_3_S_1-9.dat,spea2,waits,10,10,1.0,5.0,4.0,6.0,2,15
A,data/input/set1/8_2_1439_3_S_1-9.dat,vns_vnd,hv,10,10,1.0,1.0623986998029329,1.060690702649418,1.064305605113688,1.0490299025103975,1.0702801730303468
A,data/input/set1/8_2_1439_3_S_1-9.dat,vns_vnd,igd_plus,10,10,1.0,0.005123696997249498,0.004406381811992626,0.008403371806684639,0.002782692968221685,0.016234262755869998
A,data/input/set1/8_2_1439_3_S_1-9.dat,vns_vnd,front_size,10,10,1.0,19.5,19.0,20.75,13,25
A,data/input/set1/8_2_1439_3_S_1-9.dat,vns_vnd,cmax_min,10,10,1.0,152.0,148.25,154.75,143,171
A,data/input/set1/8_2_1439_3_S_1-9.dat,vns_vnd,tec_min,10,10,1.0,190.7091432,190.7091432,190.7091432,190.7091432,196.5134468
A,data/input/set1/8_2_1439_3_S_1-9.dat,vns_vnd,elapsed_seconds,10,10,1.0,0.9056213955000203,0.8785600709999812,0.9228069732499193,0.8597094169999764,0.9632708459998867
A,data/input/set1/8_2_1439_3_S_1-9.dat,vns_vnd,ms_per_attempt,10,10,1.0,0.11320267443750254,0.10982000887499765,0.11535087165623992,0.10746367712499705,0.12040885574998583
A,data/input/set1/8_2_1439_3_S_1-9.dat,vns_vnd,feasible_evaluations,10,10,1.0,6941.5,6876.25,7040.25,6753,7108
A,data/input/set1/8_2_1439_3_S_1-9.dat,vns_vnd,rejected_evaluations,10,10,1.0,1058.5,959.75,1123.75,892,1247
A,data/input/set1/8_2_1439_3_S_1-9.dat,vns_vnd,rejection_rate,10,10,1.0,0.1323125,0.11996875,0.14046875,0.1115,0.155875
A,data/input/set1/8_2_1439_3_S_1-9.dat,vns_vnd,allocations,10,10,1.0,4.0,4.0,5.0,3,6
A,data/input/set1/8_2_1439_3_S_1-9.dat,vns_vnd,orders,10,10,1.0,7.0,6.0,8.0,4,11
A,data/input/set1/8_2_1439_3_S_1-9.dat,vns_vnd,modes,10,10,1.0,16.5,15.25,18.0,10,18
A,data/input/set1/8_2_1439_3_S_1-9.dat,vns_vnd,waits,10,10,1.0,1.0,1.0,1.0,1,2
A,data/input/set1/9_2_1439_3_S_1-9.dat,moead,hv,10,10,1.0,1.0788026329261833,1.0783545654384075,1.079146460007225,1.0761803592664612,1.0799176346158506
A,data/input/set1/9_2_1439_3_S_1-9.dat,moead,igd_plus,10,10,1.0,0.0018528985649363984,0.0017319098891109223,0.0021692353380485963,0.001382252630080702,0.002946888089529445
A,data/input/set1/9_2_1439_3_S_1-9.dat,moead,front_size,10,10,1.0,37.0,32.5,39.0,26,40
A,data/input/set1/9_2_1439_3_S_1-9.dat,moead,cmax_min,10,10,1.0,152.5,152.0,153.0,151,156
A,data/input/set1/9_2_1439_3_S_1-9.dat,moead,tec_min,10,10,1.0,194.3279554,194.3279554,194.3279554,194.3279554,194.3279554
A,data/input/set1/9_2_1439_3_S_1-9.dat,moead,elapsed_seconds,10,10,1.0,3.089830055499988,3.0712574860000927,3.1630126557499807,3.045572939999829,3.248623070999656
A,data/input/set1/9_2_1439_3_S_1-9.dat,moead,ms_per_attempt,10,10,1.0,0.3862287569374985,0.3839071857500116,0.3953765819687476,0.38069661749997863,0.406077883874957
A,data/input/set1/9_2_1439_3_S_1-9.dat,moead,feasible_evaluations,10,10,1.0,8000.0,8000.0,8000.0,8000,8000
A,data/input/set1/9_2_1439_3_S_1-9.dat,moead,rejected_evaluations,10,10,1.0,0.0,0.0,0.0,0,0
A,data/input/set1/9_2_1439_3_S_1-9.dat,moead,rejection_rate,10,10,1.0,0.0,0.0,0.0,0.0,0.0
A,data/input/set1/9_2_1439_3_S_1-9.dat,moead,allocations,10,10,1.0,3.0,3.0,3.0,3,3
A,data/input/set1/9_2_1439_3_S_1-9.dat,moead,orders,10,10,1.0,14.0,12.25,16.75,7,17
A,data/input/set1/9_2_1439_3_S_1-9.dat,moead,modes,10,10,1.0,31.0,30.0,34.5,22,37
A,data/input/set1/9_2_1439_3_S_1-9.dat,moead,waits,10,10,1.0,2.0,1.25,2.75,1,4
A,data/input/set1/9_2_1439_3_S_1-9.dat,spea2,hv,10,10,1.0,1.0793275719640574,1.0792250650578923,1.0793842180226074,1.0777759709051813,1.08009014720237
A,data/input/set1/9_2_1439_3_S_1-9.dat,spea2,igd_plus,10,10,1.0,0.0011653783823523068,0.0010449588959110265,0.001403527310634964,0.0008936202147895741,0.0017803250825820173
A,data/input/set1/9_2_1439_3_S_1-9.dat,spea2,front_size,10,10,1.0,50.0,50.0,50.0,47,50
A,data/input/set1/9_2_1439_3_S_1-9.dat,spea2,cmax_min,10,10,1.0,152.0,152.0,152.0,151,153
A,data/input/set1/9_2_1439_3_S_1-9.dat,spea2,tec_min,10,10,1.0,194.3279554,194.3279554,194.3279554,194.3279554,195.12962506666668
A,data/input/set1/9_2_1439_3_S_1-9.dat,spea2,elapsed_seconds,10,10,1.0,7.758847701000036,7.679641860750053,7.954907954000191,7.620580797999992,8.160147129000052
A,data/input/set1/9_2_1439_3_S_1-9.dat,spea2,ms_per_attempt,10,10,1.0,0.9698559626250045,0.9599552325937566,0.9943634942500239,0.952572599749999,1.0200183911250065
A,data/input/set1/9_2_1439_3_S_1-9.dat,spea2,feasible_evaluations,10,10,1.0,8000.0,8000.0,8000.0,8000,8000
A,data/input/set1/9_2_1439_3_S_1-9.dat,spea2,rejected_evaluations,10,10,1.0,0.0,0.0,0.0,0,0
A,data/input/set1/9_2_1439_3_S_1-9.dat,spea2,rejection_rate,10,10,1.0,0.0,0.0,0.0,0.0,0.0
A,data/input/set1/9_2_1439_3_S_1-9.dat,spea2,allocations,10,10,1.0,3.0,3.0,3.0,3,3
A,data/input/set1/9_2_1439_3_S_1-9.dat,spea2,orders,10,10,1.0,11.5,11.0,16.25,8,26
A,data/input/set1/9_2_1439_3_S_1-9.dat,spea2,modes,10,10,1.0,42.5,41.0,44.75,39,46
A,data/input/set1/9_2_1439_3_S_1-9.dat,spea2,waits,10,10,1.0,5.5,3.5,6.0,2,8
A,data/input/set1/9_2_1439_3_S_1-9.dat,vns_vnd,hv,10,10,1.0,1.0506608215309798,1.0471779835006336,1.0583637699978703,1.0439006108226105,1.0693463638777545
A,data/input/set1/9_2_1439_3_S_1-9.dat,vns_vnd,igd_plus,10,10,1.0,0.006521337258785421,0.005611297724426967,0.009148891174023123,0.004102535560060964,0.011690800021693338
A,data/input/set1/9_2_1439_3_S_1-9.dat,vns_vnd,front_size,10,10,1.0,15.0,13.25,21.5,9,26
A,data/input/set1/9_2_1439_3_S_1-9.dat,vns_vnd,cmax_min,10,10,1.0,180.5,176.75,190.75,164,199
A,data/input/set1/9_2_1439_3_S_1-9.dat,vns_vnd,tec_min,10,10,1.0,195.89121125000003,194.3279554,203.1796798,194.3279554,204.684021
A,data/input/set1/9_2_1439_3_S_1-9.dat,vns_vnd,elapsed_seconds,10,10,1.0,0.9339504155000213,0.9182647722499837,0.94015694050006,0.9100410940000074,0.9601943539998956
A,data/input/set1/9_2_1439_3_S_1-9.dat,vns_vnd,ms_per_attempt,10,10,1.0,0.11674380193750267,0.11478309653124796,0.1175196175625075,0.11375513675000093,0.12002429424998695
A,data/input/set1/9_2_1439_3_S_1-9.dat,vns_vnd,feasible_evaluations,10,10,1.0,6956.5,6823.0,7055.0,6679,7131
A,data/input/set1/9_2_1439_3_S_1-9.dat,vns_vnd,rejected_evaluations,10,10,1.0,1043.5,945.0,1177.0,869,1321
A,data/input/set1/9_2_1439_3_S_1-9.dat,vns_vnd,rejection_rate,10,10,1.0,0.13043749999999998,0.11812500000000001,0.147125,0.108625,0.165125
A,data/input/set1/9_2_1439_3_S_1-9.dat,vns_vnd,allocations,10,10,1.0,3.0,3.0,3.75,3,6
A,data/input/set1/9_2_1439_3_S_1-9.dat,vns_vnd,orders,10,10,1.0,5.5,4.25,7.75,3,9
A,data/input/set1/9_2_1439_3_S_1-9.dat,vns_vnd,modes,10,10,1.0,13.0,11.5,18.0,7,25
A,data/input/set1/9_2_1439_3_S_1-9.dat,vns_vnd,waits,10,10,1.0,1.0,1.0,1.0,1,2
A,data/input/set2/250_10_1439_5_S_1-124.dat,moead,hv,10,10,1.0,0.6335848292954914,0.630479695373868,0.6368023641154068,0.6237261018590273,0.6470603725448696
A,data/input/set2/250_10_1439_5_S_1-124.dat,moead,igd_plus,10,10,1.0,0.01476995187697184,0.011841181269003721,0.018467943128550303,0.005923713316886381,0.022744758083264236
A,data/input/set2/250_10_1439_5_S_1-124.dat,moead,front_size,10,10,1.0,14.5,13.0,18.25,8,25
A,data/input/set2/250_10_1439_5_S_1-124.dat,moead,cmax_min,10,10,1.0,1718.5,1712.25,1724.75,1683,1735
A,data/input/set2/250_10_1439_5_S_1-124.dat,moead,tec_min,10,10,1.0,4261.2267489666665,4043.7811109020836,4404.2472082458335,3638.7696469,4524.697898183334
A,data/input/set2/250_10_1439_5_S_1-124.dat,moead,elapsed_seconds,10,10,1.0,33.98828437599991,33.65224118175013,34.130861091000156,33.3565516929998,34.18152225199992
A,data/input/set2/250_10_1439_5_S_1-124.dat,moead,ms_per_attempt,10,10,1.0,4.248535546999989,4.206530147718767,4.2663576363750195,4.169568961624974,4.27269028149999
A,data/input/set2/250_10_1439_5_S_1-124.dat,moead,feasible_evaluations,10,10,1.0,8000.0,8000.0,8000.0,8000,8000
A,data/input/set2/250_10_1439_5_S_1-124.dat,moead,rejected_evaluations,10,10,1.0,0.0,0.0,0.0,0,0
A,data/input/set2/250_10_1439_5_S_1-124.dat,moead,rejection_rate,10,10,1.0,0.0,0.0,0.0,0.0,0.0
A,data/input/set2/250_10_1439_5_S_1-124.dat,moead,allocations,10,10,1.0,10.5,9.25,13.5,8,18
A,data/input/set2/250_10_1439_5_S_1-124.dat,moead,orders,10,10,1.0,13.0,11.25,17.75,8,24
A,data/input/set2/250_10_1439_5_S_1-124.dat,moead,modes,10,10,1.0,13.5,11.5,15.75,8,23
A,data/input/set2/250_10_1439_5_S_1-124.dat,moead,waits,10,10,1.0,4.0,4.0,6.0,2,8
A,data/input/set2/250_10_1439_5_S_1-124.dat,spea2,hv,10,10,1.0,0.6494474712833902,0.6480907839701131,0.6543399360223231,0.6473118603279149,0.6568434753505222
A,data/input/set2/250_10_1439_5_S_1-124.dat,spea2,igd_plus,10,10,1.0,0.010870630696690895,0.009832981267508539,0.012215017056581744,0.005636315365404756,0.01901997937594084
A,data/input/set2/250_10_1439_5_S_1-124.dat,spea2,front_size,10,10,1.0,28.5,23.5,31.75,17,36
A,data/input/set2/250_10_1439_5_S_1-124.dat,spea2,cmax_min,10,10,1.0,1675.0,1668.0,1680.5,1664,1703
A,data/input/set2/250_10_1439_5_S_1-124.dat,spea2,tec_min,10,10,1.0,3757.3707289000004,3638.6537766041665,3947.5484252666665,3473.793498,4037.999145866667
A,data/input/set2/250_10_1439_5_S_1-124.dat,spea2,elapsed_seconds,10,10,1.0,38.95637161400009,38.82849387575004,39.10404461350049,38.438786633999825,39.31131493199973
A,data/input/set2/250_10_1439_5_S_1-124.dat,spea2,ms_per_attempt,10,10,1.0,4.869546451750011,4.853561734468755,4.888005576687561,4.804848329249979,4.9139143664999665
A,data/input/set2/250_10_1439_5_S_1-124.dat,spea2,feasible_evaluations,10,10,1.0,8000.0,8000.0,8000.0,7999,8000
A,data/input/set2/250_10_1439_5_S_1-124.dat,spea2,rejected_evaluations,10,10,1.0,0.0,0.0,0.0,0,1
A,data/input/set2/250_10_1439_5_S_1-124.dat,spea2,rejection_rate,10,10,1.0,0.0,0.0,0.0,0.0,0.000125
A,data/input/set2/250_10_1439_5_S_1-124.dat,spea2,allocations,10,10,1.0,19.5,15.0,25.75,10,31
A,data/input/set2/250_10_1439_5_S_1-124.dat,spea2,orders,10,10,1.0,27.0,23.0,30.5,16,33
A,data/input/set2/250_10_1439_5_S_1-124.dat,spea2,modes,10,10,1.0,25.0,22.5,26.75,14,30
A,data/input/set2/250_10_1439_5_S_1-124.dat,spea2,waits,10,10,1.0,9.0,7.25,12.0,7,16
A,data/input/set2/250_10_1439_5_S_1-124.dat,vns_vnd,hv,10,10,1.0,0.16960549257239893,0.1624895066214695,0.19548233148658375,0.13471639032264018,0.22442254252037858
A,data/input/set2/250_10_1439_5_S_1-124.dat,vns_vnd,igd_plus,10,10,1.0,0.4464587418691716,0.41807097246542907,0.45748989913030336,0.3830670326081731,0.4838217150042138
A,data/input/set2/250_10_1439_5_S_1-124.dat,vns_vnd,front_size,10,10,1.0,6.0,4.25,7.75,2,10
A,data/input/set2/250_10_1439_5_S_1-124.dat,vns_vnd,cmax_min,10,10,1.0,3740.5,3637.0,3781.0,3494,3917
A,data/input/set2/250_10_1439_5_S_1-124.dat,vns_vnd,tec_min,10,10,1.0,5064.718011833334,4945.3415623,5156.213028149999,4596.365016533333,5260.523352533333
A,data/input/set2/250_10_1439_5_S_1-124.dat,vns_vnd,elapsed_seconds,10,10,1.0,21.78092296649993,21.693483954250155,22.018709854000576,21.444134116999976,22.208295743000235
A,data/input/set2/250_10_1439_5_S_1-124.dat,vns_vnd,ms_per_attempt,10,10,1.0,2.722615370812491,2.7116854942812694,2.752338731750072,2.680516764624997,2.7760369678750294
A,data/input/set2/250_10_1439_5_S_1-124.dat,vns_vnd,feasible_evaluations,10,10,1.0,6286.5,6172.75,6331.25,6099,6473
A,data/input/set2/250_10_1439_5_S_1-124.dat,vns_vnd,rejected_evaluations,10,10,1.0,1713.5,1668.75,1827.25,1527,1901
A,data/input/set2/250_10_1439_5_S_1-124.dat,vns_vnd,rejection_rate,10,10,1.0,0.2141875,0.20859375,0.22840625,0.190875,0.237625
A,data/input/set2/250_10_1439_5_S_1-124.dat,vns_vnd,allocations,10,10,1.0,2.0,1.25,3.75,1,5
A,data/input/set2/250_10_1439_5_S_1-124.dat,vns_vnd,orders,10,10,1.0,4.0,1.25,5.0,1,6
A,data/input/set2/250_10_1439_5_S_1-124.dat,vns_vnd,modes,10,10,1.0,5.0,4.0,7.0,2,10
A,data/input/set2/250_10_1439_5_S_1-124.dat,vns_vnd,waits,10,10,1.0,2.5,2.0,3.0,1,5
A,data/input/set2/250_10_1439_5_S_1-9.dat,moead,hv,10,10,1.0,0.9224993801775785,0.9197889926333799,0.9245733743722206,0.9110938953754237,0.9415233034174675
A,data/input/set2/250_10_1439_5_S_1-9.dat,moead,igd_plus,10,10,1.0,0.012316419489401736,0.010415640823831094,0.014027648368254904,0.002489979929800214,0.022716526434606223
A,data/input/set2/250_10_1439_5_S_1-9.dat,moead,front_size,10,10,1.0,10.5,8.25,13.5,5,19
A,data/input/set2/250_10_1439_5_S_1-9.dat,moead,cmax_min,10,10,1.0,373.5,371.25,375.5,355,381
A,data/input/set2/250_10_1439_5_S_1-9.dat,moead,tec_min,10,10,1.0,1887.7034008333333,1805.1172345374998,2001.9272722125002,1734.4588637166667,2070.6460328666667
A,data/input/set2/250_10_1439_5_S_1-9.dat,moead,elapsed_seconds,10,10,1.0,32.7389413935,32.31259015150002,33.230683434999975,31.700100607999957,38.775711441
A,data/input/set2/250_10_1439_5_S_1-9.dat,moead,ms_per_attempt,10,10,1.0,4.0923676741875,4.039073768937502,4.153835429374997,3.9625125759999946,4.846963930125
A,data/input/set2/250_10_1439_5_S_1-9.dat,moead,feasible_evaluations,10,10,1.0,8000.0,8000.0,8000.0,8000,8000
A,data/input/set2/250_10_1439_5_S_1-9.dat,moead,rejected_evaluations,10,10,1.0,0.0,0.0,0.0,0,0
A,data/input/set2/250_10_1439_5_S_1-9.dat,moead,rejection_rate,10,10,1.0,0.0,0.0,0.0,0.0,0.0
A,data/input/set2/250_10_1439_5_S_1-9.dat,moead,allocations,10,10,1.0,5.0,4.25,6.75,3,10
A,data/input/set2/250_10_1439_5_S_1-9.dat,moead,orders,10,10,1.0,9.5,6.5,12.5,5,18
A,data/input/set2/250_10_1439_5_S_1-9.dat,moead,modes,10,10,1.0,10.5,7.5,12.75,5,16
A,data/input/set2/250_10_1439_5_S_1-9.dat,moead,waits,10,10,1.0,2.0,2.0,2.75,1,5
A,data/input/set2/250_10_1439_5_S_1-9.dat,spea2,hv,10,10,1.0,0.937295627714365,0.9356727395449833,0.9394581269175634,0.9304756472216609,0.9467481042837267
A,data/input/set2/250_10_1439_5_S_1-9.dat,spea2,igd_plus,10,10,1.0,0.003910482156532847,0.0019821262754973206,0.006257362844642475,0.0007317393537933131,0.00649741022573236
A,data/input/set2/250_10_1439_5_S_1-9.dat,spea2,front_size,10,10,1.0,15.5,10.5,21.0,10,35
A,data/input/set2/250_10_1439_5_S_1-9.dat,spea2,cmax_min,10,10,1.0,359.5,357.25,362.5,351,368
A,data/input/set2/250_10_1439_5_S_1-9.dat,spea2,tec_min,10,10,1.0,1712.2169692416667,1699.0169266958333,1748.2003023041666,1661.2650780666668,1811.0433354333334
A,data/input/set2/250_10_1439_5_S_1-9.dat,spea2,elapsed_seconds,10,10,1.0,38.30452310099997,37.953608104249895,38.90312764449999,37.300179010999955,41.32890232700004
A,data/input/set2/250_10_1439_5_S_1-9.dat,spea2,ms_per_attempt,10,10,1.0,4.788065387624997,4.744201013031237,4.862890955562499,4.662522376374994,5.166112790875005
A,data/input/set2/250_10_1439_5_S_1-9.dat,spea2,feasible_evaluations,10,10,1.0,8000.0,8000.0,8000.0,8000,8000
A,data/input/set2/250_10_1439_5_S_1-9.dat,spea2,rejected_evaluations,10,10,1.0,0.0,0.0,0.0,0,0
A,data/input/set2/250_10_1439_5_S_1-9.dat,spea2,rejection_rate,10,10,1.0,0.0,0.0,0.0,0.0,0.0
A,data/input/set2/250_10_1439_5_S_1-9.dat,spea2,allocations,10,10,1.0,9.0,6.5,13.75,4,21
A,data/input/set2/250_10_1439_5_S_1-9.dat,spea2,orders,10,10,1.0,15.5,10.5,21.0,8,33
A,data/input/set2/250_10_1439_5_S_1-9.dat,spea2,modes,10,10,1.0,15.0,10.25,20.25,9,35
A,data/input/set2/250_10_1439_5_S_1-9.dat,spea2,waits,10,10,1.0,4.5,3.25,6.5,2,8
A,data/input/set2/250_10_1439_5_S_1-9.dat,vns_vnd,hv,10,10,1.0,0.046077666434549705,0.0456408385756968,0.047672440903172054,0.04461054477457772,0.05398531626260588
A,data/input/set2/250_10_1439_5_S_1-9.dat,vns_vnd,igd_plus,10,10,1.0,0.8727855428505826,0.8712988362484937,0.8748215136728514,0.8650492635789623,0.8759159703560312
A,data/input/set2/250_10_1439_5_S_1-9.dat,vns_vnd,front_size,10,10,1.0,3.0,2.0,3.0,2,5
A,data/input/set2/250_10_1439_5_S_1-9.dat,vns_vnd,cmax_min,10,10,1.0,1436.0,1433.25,1436.75,1425,1437
A,data/input/set2/250_10_1439_5_S_1-9.dat,vns_vnd,tec_min,10,10,1.0,6982.921322583334,6823.731271804167,7085.576799266667,6742.741433616667,7444.137518766666
A,data/input/set2/250_10_1439_5_S_1-9.dat,vns_vnd,elapsed_seconds,10,10,1.0,17.047573585499947,16.593783121500024,17.315919670499852,15.89019319099998,18.660024436999265
A,data/input/set2/250_10_1439_5_S_1-9.dat,vns_vnd,ms_per_attempt,10,10,1.0,2.1309466981874934,2.074222890187503,2.1644899588124815,1.9862741488749975,2.332503054624908
A,data/input/set2/250_10_1439_5_S_1-9.dat,vns_vnd,feasible_evaluations,10,10,1.0,4221.5,4126.75,4449.0,3728,5089
A,data/input/set2/250_10_1439_5_S_1-9.dat,vns_vnd,rejected_evaluations,10,10,1.0,3778.5,3551.0,3873.25,2911,4272
A,data/input/set2/250_10_1439_5_S_1-9.dat,vns_vnd,rejection_rate,10,10,1.0,0.4723125,0.443875,0.48415625,0.363875,0.534
A,data/input/set2/250_10_1439_5_S_1-9.dat,vns_vnd,allocations,10,10,1.0,2.0,2.0,2.0,1,3
A,data/input/set2/250_10_1439_5_S_1-9.dat,vns_vnd,orders,10,10,1.0,2.0,2.0,2.0,1,3
A,data/input/set2/250_10_1439_5_S_1-9.dat,vns_vnd,modes,10,10,1.0,2.5,2.0,3.0,2,5
A,data/input/set2/250_10_1439_5_S_1-9.dat,vns_vnd,waits,10,10,1.0,2.0,2.0,2.0,1,3
A,data/input/set2/250_20_1439_5_S_1-124.dat,moead,hv,10,10,1.0,0.7959054453326264,0.7938441187143893,0.7975032851524937,0.7842350606445062,0.80263268165783
A,data/input/set2/250_20_1439_5_S_1-124.dat,moead,igd_plus,10,10,1.0,0.014417410795773803,0.013318148104411143,0.015025090958990956,0.005943947834116236,0.02146539399894979
A,data/input/set2/250_20_1439_5_S_1-124.dat,moead,front_size,10,10,1.0,12.5,11.0,15.0,8,22
A,data/input/set2/250_20_1439_5_S_1-124.dat,moead,cmax_min,10,10,1.0,693.5,692.25,699.5,688,716
A,data/input/set2/250_20_1439_5_S_1-124.dat,moead,tec_min,10,10,1.0,3841.4849619750003,3805.1276957458335,3972.1845573416667,3657.9239951333334,4082.513000133333
A,data/input/set2/250_20_1439_5_S_1-124.dat,moead,elapsed_seconds,10,10,1.0,37.86636549149989,37.750269060999926,38.50022483075031,36.581961738000246,38.80223746400043
A,data/input/set2/250_20_1439_5_S_1-124.dat,moead,ms_per_attempt,10,10,1.0,4.733295686437486,4.718783632624991,4.812528103843789,4.572745217250031,4.850279683000053
A,data/input/set2/250_20_1439_5_S_1-124.dat,moead,feasible_evaluations,10,10,1.0,8000.0,8000.0,8000.0,8000,8000
A,data/input/set2/250_20_1439_5_S_1-124.dat,moead,rejected_evaluations,10,10,1.0,0.0,0.0,0.0,0,0
A,data/input/set2/250_20_1439_5_S_1-124.dat,moead,rejection_rate,10,10,1.0,0.0,0.0,0.0,0.0,0.0
A,data/input/set2/250_20_1439_5_S_1-124.dat,moead,allocations,10,10,1.0,10.5,7.25,12.75,6,18
A,data/input/set2/250_20_1439_5_S_1-124.dat,moead,orders,10,10,1.0,11.0,10.0,14.75,6,22
A,data/input/set2/250_20_1439_5_S_1-124.dat,moead,modes,10,10,1.0,12.0,10.25,14.5,7,19
A,data/input/set2/250_20_1439_5_S_1-124.dat,moead,waits,10,10,1.0,3.0,2.0,3.75,1,9
A,data/input/set2/250_20_1439_5_S_1-124.dat,spea2,hv,10,10,1.0,0.8096520487001049,0.8046640883701461,0.813125494824366,0.800943985724845,0.8140940083808992
A,data/input/set2/250_20_1439_5_S_1-124.dat,spea2,igd_plus,10,10,1.0,0.013631690483853655,0.011969424291609024,0.0151098781411056,0.0027364249780154146,0.016084646264599822
A,data/input/set2/250_20_1439_5_S_1-124.dat,spea2,front_size,10,10,1.0,28.5,24.25,32.75,16,37
A,data/input/set2/250_20_1439_5_S_1-124.dat,spea2,cmax_min,10,10,1.0,687.0,684.25,688.75,666,698
A,data/input/set2/250_20_1439_5_S_1-124.dat,spea2,tec_min,10,10,1.0,3364.792762054167,3161.846719775,3485.6490202708333,3076.0773554583334,3610.726706433333
A,data/input/set2/250_20_1439_5_S_1-124.dat,spea2,elapsed_seconds,10,10,1.0,43.47999921199971,42.64229893224956,43.7134377672503,41.82830265099983,44.09870313600004
A,data/input/set2/250_20_1439_5_S_1-124.dat,spea2,ms_per_attempt,10,10,1.0,5.434999901499964,5.330287366531195,5.464179720906287,5.228537831374979,5.512337892000005
A,data/input/set2/250_20_1439_5_S_1-124.dat,spea2,feasible_evaluations,10,10,1.0,8000.0,8000.0,8000.0,8000,8000
A,data/input/set2/250_20_1439_5_S_1-124.dat,spea2,rejected_evaluations,10,10,1.0,0.0,0.0,0.0,0,0
A,data/input/set2/250_20_1439_5_S_1-124.dat,spea2,rejection_rate,10,10,1.0,0.0,0.0,0.0,0.0,0.0
A,data/input/set2/250_20_1439_5_S_1-124.dat,spea2,allocations,10,10,1.0,26.0,21.25,30.5,16,33
A,data/input/set2/250_20_1439_5_S_1-124.dat,spea2,orders,10,10,1.0,27.5,24.0,32.75,16,36
A,data/input/set2/250_20_1439_5_S_1-124.dat,spea2,modes,10,10,1.0,25.0,21.5,30.0,14,34
A,data/input/set2/250_20_1439_5_S_1-124.dat,spea2,waits,10,10,1.0,11.5,10.25,13.0,7,18
A,data/input/set2/250_20_1439_5_S_1-124.dat,vns_vnd,hv,10,10,1.0,0.27805317043423616,0.25066558728411104,0.3104841654509146,0.23659882114968475,0.328405281704631
A,data/input/set2/250_20_1439_5_S_1-124.dat,vns_vnd,igd_plus,10,10,1.0,0.4649538912702438,0.4345678347655041,0.49905891214473536,0.40602966141628755,0.5110396873461824
A,data/input/set2/250_20_1439_5_S_1-124.dat,vns_vnd,front_size,10,10,1.0,3.5,2.0,4.75,1,6
A,data/input/set2/250_20_1439_5_S_1-124.dat,vns_vnd,cmax_min,10,10,1.0,2137.5,2050.0,2237.0,1991,2287
A,data/input/set2/250_20_1439_5_S_1-124.dat,vns_vnd,tec_min,10,10,1.0,6162.390717216667,5903.945818391667,6348.107219058334,5756.109353133334,6800.7091379
A,data/input/set2/250_20_1439_5_S_1-124.dat,vns_vnd,elapsed_seconds,10,10,1.0,24.948693319000085,24.77847134874969,25.038970470500544,24.58229348199984,25.891499420999935
A,data/input/set2/250_20_1439_5_S_1-124.dat,vns_vnd,ms_per_attempt,10,10,1.0,3.1185866648750107,3.0973089185937113,3.129871308812568,3.07278668524998,3.236437427624992
A,data/input/set2/250_20_1439_5_S_1-124.dat,vns_vnd,feasible_evaluations,10,10,1.0,6604.5,6571.0,6639.75,6464,6679
A,data/input/set2/250_20_1439_5_S_1-124.dat,vns_vnd,rejected_evaluations,10,10,1.0,1395.5,1360.25,1429.0,1321,1536
A,data/input/set2/250_20_1439_5_S_1-124.dat,vns_vnd,rejection_rate,10,10,1.0,0.1744375,0.17003125000000002,0.178625,0.165125,0.192
A,data/input/set2/250_20_1439_5_S_1-124.dat,vns_vnd,allocations,10,10,1.0,2.0,1.25,2.75,1,4
A,data/input/set2/250_20_1439_5_S_1-124.dat,vns_vnd,orders,10,10,1.0,3.0,1.25,3.75,1,4
A,data/input/set2/250_20_1439_5_S_1-124.dat,vns_vnd,modes,10,10,1.0,2.5,2.0,3.75,1,5
A,data/input/set2/250_20_1439_5_S_1-124.dat,vns_vnd,waits,10,10,1.0,2.0,1.0,3.0,1,3
A,data/input/set2/250_20_1439_5_S_1-9.dat,moead,hv,10,10,1.0,1.019717556092358,1.019330465380533,1.0210941902784876,1.0169034386249827,1.0235171771086915
A,data/input/set2/250_20_1439_5_S_1-9.dat,moead,igd_plus,10,10,1.0,0.004016155079577963,0.0034410379540249702,0.005276767415336474,0.002832607600550909,0.0063714850084598575
A,data/input/set2/250_20_1439_5_S_1-9.dat,moead,front_size,10,10,1.0,7.5,5.25,10.75,4,13
A,data/input/set2/250_20_1439_5_S_1-9.dat,moead,cmax_min,10,10,1.0,140.0,140.0,141.75,136,142
A,data/input/set2/250_20_1439_5_S_1-9.dat,moead,tec_min,10,10,1.0,1399.3064671749999,1384.8618190208333,1424.4818538916668,1358.1623856333333,1470.5306473
A,data/input/set2/250_20_1439_5_S_1-9.dat,moead,elapsed_seconds,10,10,1.0,35.3737574200004,35.262398549999716,36.897911859249916,35.12348093500077,38.09624928199992
A,data/input/set2/250_20_1439_5_S_1-9.dat,moead,ms_per_attempt,10,10,1.0,4.42171967750005,4.4077998187499645,4.6122389824062395,4.390435116875096,4.76203116024999
A,data/input/set2/250_20_1439_5_S_1-9.dat,moead,feasible_evaluations,10,10,1.0,8000.0,8000.0,8000.0,8000,8000
A,data/input/set2/250_20_1439_5_S_1-9.dat,moead,rejected_evaluations,10,10,1.0,0.0,0.0,0.0,0,0
A,data/input/set2/250_20_1439_5_S_1-9.dat,moead,rejection_rate,10,10,1.0,0.0,0.0,0.0,0.0,0.0
A,data/input/set2/250_20_1439_5_S_1-9.dat,moead,allocations,10,10,1.0,4.5,3.0,6.75,3,9
A,data/input/set2/250_20_1439_5_S_1-9.dat,moead,orders,10,10,1.0,6.0,5.0,9.25,4,12
A,data/input/set2/250_20_1439_5_S_1-9.dat,moead,modes,10,10,1.0,7.5,5.25,10.0,4,13
A,data/input/set2/250_20_1439_5_S_1-9.dat,moead,waits,10,10,1.0,2.5,2.0,3.75,2,5
A,data/input/set2/250_20_1439_5_S_1-9.dat,spea2,hv,10,10,1.0,1.0241359814857258,1.0238084838505732,1.0253942581972908,1.022921590439419,1.0266492997934822
A,data/input/set2/250_20_1439_5_S_1-9.dat,spea2,igd_plus,10,10,1.0,0.001723074827847346,0.0012950496443197412,0.0025062266245270246,0.0010538168623840554,0.004043907569592117
A,data/input/set2/250_20_1439_5_S_1-9.dat,spea2,front_size,10,10,1.0,11.5,9.25,15.25,6,18
A,data/input/set2/250_20_1439_5_S_1-9.dat,spea2,cmax_min,10,10,1.0,138.5,138.0,139.0,136,140
A,data/input/set2/250_20_1439_5_S_1-9.dat,spea2,tec_min,10,10,1.0,1288.0111784833334,1254.7576247916668,1306.2215891916667,1234.6487634666667,1321.12713015
A,data/input/set2/250_20_1439_5_S_1-9.dat,spea2,elapsed_seconds,10,10,1.0,40.1223014709999,40.0000960122502,41.47811161425034,39.861743428999944,43.697634700999515
A,data/input/set2/250_20_1439_5_S_1-9.dat,spea2,ms_per_attempt,10,10,1.0,5.015287683874988,5.000012001531275,5.184763951781292,4.982717928624993,5.462204337624939
A,data/input/set2/250_20_1439_5_S_1-9.dat,spea2,feasible_evaluations,10,10,1.0,8000.0,8000.0,8000.0,8000,8000
A,data/input/set2/250_20_1439_5_S_1-9.dat,spea2,rejected_evaluations,10,10,1.0,0.0,0.0,0.0,0,0
A,data/input/set2/250_20_1439_5_S_1-9.dat,spea2,rejection_rate,10,10,1.0,0.0,0.0,0.0,0.0,0.0
A,data/input/set2/250_20_1439_5_S_1-9.dat,spea2,allocations,10,10,1.0,8.5,7.0,10.75,3,12
A,data/input/set2/250_20_1439_5_S_1-9.dat,spea2,orders,10,10,1.0,11.5,9.25,14.25,5,18
A,data/input/set2/250_20_1439_5_S_1-9.dat,spea2,modes,10,10,1.0,10.5,8.25,15.25,6,18
A,data/input/set2/250_20_1439_5_S_1-9.dat,spea2,waits,10,10,1.0,5.0,3.25,6.0,2,9
A,data/input/set2/250_20_1439_5_S_1-9.dat,vns_vnd,hv,10,10,1.0,0.35214076675772454,0.33890471048020554,0.39342428955635883,0.31281432698353606,0.45359087387509867
A,data/input/set2/250_20_1439_5_S_1-9.dat,vns_vnd,igd_plus,10,10,1.0,0.6140087250490376,0.5808592899246323,0.6424376599786329,0.5082295948450919,0.6562777303891891
A,data/input/set2/250_20_1439_5_S_1-9.dat,vns_vnd,front_size,10,10,1.0,4.0,4.0,5.75,3,7
A,data/input/set2/250_20_1439_5_S_1-9.dat,vns_vnd,cmax_min,10,10,1.0,977.5,915.75,996.0,831,1038
A,data/input/set2/250_20_1439_5_S_1-9.dat,vns_vnd,tec_min,10,10,1.0,5687.2910346,5505.6829539166665,5814.580238429167,5312.1354562,6262.755346933333
A,data/input/set2/250_20_1439_5_S_1-9.dat,vns_vnd,elapsed_seconds,10,10,1.0,23.41775055649987,23.17924522049998,23.78809214224998,23.11586423300014,24.197499046000303
A,data/input/set2/250_20_1439_5_S_1-9.dat,vns_vnd,ms_per_attempt,10,10,1.0,2.9272188195624835,2.8974056525624974,2.9735115177812474,2.8894830291250173,3.024687380750038
A,data/input/set2/250_20_1439_5_S_1-9.dat,vns_vnd,feasible_evaluations,10,10,1.0,6569.5,6528.5,6635.75,6487,6658
A,data/input/set2/250_20_1439_5_S_1-9.dat,vns_vnd,rejected_evaluations,10,10,1.0,1430.5,1364.25,1471.5,1342,1513
A,data/input/set2/250_20_1439_5_S_1-9.dat,vns_vnd,rejection_rate,10,10,1.0,0.17881249999999999,0.17053125000000002,0.1839375,0.16775,0.189125
A,data/input/set2/250_20_1439_5_S_1-9.dat,vns_vnd,allocations,10,10,1.0,2.5,2.0,3.75,2,6
A,data/input/set2/250_20_1439_5_S_1-9.dat,vns_vnd,orders,10,10,1.0,2.5,2.0,4.0,2,6
A,data/input/set2/250_20_1439_5_S_1-9.dat,vns_vnd,modes,10,10,1.0,4.0,3.0,4.75,2,7
A,data/input/set2/250_20_1439_5_S_1-9.dat,vns_vnd,waits,10,10,1.0,1.0,1.0,1.0,1,1
A,data/input/set2/50_10_1439_5_S_1-124.dat,moead,hv,10,10,1.0,0.8696556165973868,0.8536649121276447,0.8800205482234162,0.8422426614729626,0.8844145314061576
A,data/input/set2/50_10_1439_5_S_1-124.dat,moead,igd_plus,10,10,1.0,0.020254045777301846,0.013720993808879036,0.024862089508952488,0.008345298998131395,0.045789593868905784
A,data/input/set2/50_10_1439_5_S_1-124.dat,moead,front_size,10,10,1.0,12.5,9.75,13.75,8,14
A,data/input/set2/50_10_1439_5_S_1-124.dat,moead,cmax_min,10,10,1.0,301.0,293.25,316.75,285,319
A,data/input/set2/50_10_1439_5_S_1-124.dat,moead,tec_min,10,10,1.0,396.92965289166665,372.633143625,439.5676512375,327.15009226666666,505.53638901666665
A,data/input/set2/50_10_1439_5_S_1-124.dat,moead,elapsed_seconds,10,10,1.0,9.575851997999962,9.508451119000028,9.645966452249809,9.41084743700003,9.718206889000157
A,data/input/set2/50_10_1439_5_S_1-124.dat,moead,ms_per_attempt,10,10,1.0,1.1969814997499952,1.1885563898750036,1.205745806531226,1.1763559296250037,1.2147758611250197
A,data/input/set2/50_10_1439_5_S_1-124.dat,moead,feasible_evaluations,10,10,1.0,8000.0,8000.0,8000.0,8000,8000
A,data/input/set2/50_10_1439_5_S_1-124.dat,moead,rejected_evaluations,10,10,1.0,0.0,0.0,0.0,0,0
A,data/input/set2/50_10_1439_5_S_1-124.dat,moead,rejection_rate,10,10,1.0,0.0,0.0,0.0,0.0,0.0
A,data/input/set2/50_10_1439_5_S_1-124.dat,moead,allocations,10,10,1.0,7.5,7.0,8.75,5,12
A,data/input/set2/50_10_1439_5_S_1-124.dat,moead,orders,10,10,1.0,9.5,9.0,11.0,8,13
A,data/input/set2/50_10_1439_5_S_1-124.dat,moead,modes,10,10,1.0,11.5,9.5,12.75,7,14
A,data/input/set2/50_10_1439_5_S_1-124.dat,moead,waits,10,10,1.0,2.0,1.0,3.75,1,6
A,data/input/set2/50_10_1439_5_S_1-124.dat,spea2,hv,10,10,1.0,0.8797711702786153,0.8777694399479009,0.8862207224844979,0.8699154284794244,0.8971624353493808
A,data/input/set2/50_10_1439_5_S_1-124.dat,spea2,igd_plus,10,10,1.0,0.017210106827880094,0.012871402994177798,0.023413351085695665,0.002465241061326432,0.027213531692018695
A,data/input/set2/50_10_1439_5_S_1-124.dat,spea2,front_size,10,10,1.0,18.5,12.0,22.5,9,23
A,data/input/set2/50_10_1439_5_S_1-124.dat,spea2,cmax_min,10,10,1.0,292.5,285.5,295.75,277,304
A,data/input/set2/50_10_1439_5_S_1-124.dat,spea2,tec_min,10,10,1.0,350.3866758666667,337.5445599958333,368.5980953875,319.6985996166667,383.17792441666666
A,data/input/set2/50_10_1439_5_S_1-124.dat,spea2,elapsed_seconds,10,10,1.0,14.4660918699999,14.34516242550012,14.494906356999763,14.07683934500028,14.912858961000438
A,data/input/set2/50_10_1439_5_S_1-124.dat,spea2,ms_per_attempt,10,10,1.0,1.8082614837499875,1.793145303187515,1.8118632946249704,1.759604918125035,1.8641073701250548
A,data/input/set2/50_10_1439_5_S_1-124.dat,spea2,feasible_evaluations,10,10,1.0,8000.0,8000.0,8000.0,8000,8000
A,data/input/set2/50_10_1439_5_S_1-124.dat,spea2,rejected_evaluations,10,10,1.0,0.0,0.0,0.0,0,0
A,data/input/set2/50_10_1439_5_S_1-124.dat,spea2,rejection_rate,10,10,1.0,0.0,0.0,0.0,0.0,0.0
A,data/input/set2/50_10_1439_5_S_1-124.dat,spea2,allocations,10,10,1.0,11.5,7.5,14.0,6,19
A,data/input/set2/50_10_1439_5_S_1-124.dat,spea2,orders,10,10,1.0,16.5,9.0,17.75,6,22
A,data/input/set2/50_10_1439_5_S_1-124.dat,spea2,modes,10,10,1.0,16.5,11.75,21.0,9,21
A,data/input/set2/50_10_1439_5_S_1-124.dat,spea2,waits,10,10,1.0,5.5,4.25,7.5,4,9
A,data/input/set2/50_10_1439_5_S_1-124.dat,vns_vnd,hv,10,10,1.0,0.7363101390815554,0.711517591091845,0.7523707802405666,0.6437959803065954,0.8066493484289042
A,data/input/set2/50_10_1439_5_S_1-124.dat,vns_vnd,igd_plus,10,10,1.0,0.09372923475571654,0.08793781778502702,0.11290121064655537,0.04401315908685928,0.1706533439584025
A,data/input/set2/50_10_1439_5_S_1-124.dat,vns_vnd,front_size,10,10,1.0,6.0,5.0,7.0,3,10
A,data/input/set2/50_10_1439_5_S_1-124.dat,vns_vnd,cmax_min,10,10,1.0,482.0,472.5,498.0,389,603
A,data/input/set2/50_10_1439_5_S_1-124.dat,vns_vnd,tec_min,10,10,1.0,466.8057905,413.83210456666666,497.6291821333333,254.31867206666666,605.5005612
A,data/input/set2/50_10_1439_5_S_1-124.dat,vns_vnd,elapsed_seconds,10,10,1.0,5.695259793999867,5.660276816249848,5.720049319999816,5.611187208000047,5.763809347000006
A,data/input/set2/50_10_1439_5_S_1-124.dat,vns_vnd,ms_per_attempt,10,10,1.0,0.7119074742499834,0.707534602031231,0.715006164999977,0.7013984010000058,0.7204761683750007
A,data/input/set2/50_10_1439_5_S_1-124.dat,vns_vnd,feasible_evaluations,10,10,1.0,6610.0,6574.0,6633.25,6430,6648
A,data/input/set2/50_10_1439_5_S_1-124.dat,vns_vnd,rejected_evaluations,10,10,1.0,1390.0,1366.75,1426.0,1352,1570
A,data/input/set2/50_10_1439_5_S_1-124.dat,vns_vnd,rejection_rate,10,10,1.0,0.17375,0.17084375,0.17825,0.169,0.19625
A,data/input/set2/50_10_1439_5_S_1-124.dat,vns_vnd,allocations,10,10,1.0,4.0,3.0,5.75,3,6
A,data/input/set2/50_10_1439_5_S_1-124.dat,vns_vnd,orders,10,10,1.0,4.0,3.0,5.75,3,6
A,data/input/set2/50_10_1439_5_S_1-124.dat,vns_vnd,modes,10,10,1.0,3.0,2.25,3.0,1,6
A,data/input/set2/50_10_1439_5_S_1-124.dat,vns_vnd,waits,10,10,1.0,1.0,1.0,1.0,1,1
A,data/input/set2/50_10_1439_5_S_1-9.dat,moead,hv,10,10,1.0,1.0635335411526246,1.062993291726393,1.0643184015298541,1.0618655173184353,1.0681455822345947
A,data/input/set2/50_10_1439_5_S_1-9.dat,moead,igd_plus,10,10,1.0,0.004799320796439511,0.0040425526354004445,0.005827604823299521,0.002221612401570327,0.006535852098746302
A,data/input/set2/50_10_1439_5_S_1-9.dat,moead,front_size,10,10,1.0,19.5,15.0,22.0,12,27
A,data/input/set2/50_10_1439_5_S_1-9.dat,moead,cmax_min,10,10,1.0,72.0,71.25,72.75,69,77
A,data/input/set2/50_10_1439_5_S_1-9.dat,moead,tec_min,10,10,1.0,228.10878175833335,219.54530871666668,234.742194725,204.48925293333335,242.57528751666666
A,data/input/set2/50_10_1439_5_S_1-9.dat,moead,elapsed_seconds,10,10,1.0,9.18557406900004,9.086521387750054,9.250369821000163,9.059142904000055,9.456459272999837
A,data/input/set2/50_10_1439_5_S_1-9.dat,moead,ms_per_attempt,10,10,1.0,1.148196758625005,1.1358151734687567,1.1562962276250204,1.1323928630000069,1.1820574091249796
A,data/input/set2/50_10_1439_5_S_1-9.dat,moead,feasible_evaluations,10,10,1.0,8000.0,8000.0,8000.0,8000,8000
A,data/input/set2/50_10_1439_5_S_1-9.dat,moead,rejected_evaluations,10,10,1.0,0.0,0.0,0.0,0,0
A,data/input/set2/50_10_1439_5_S_1-9.dat,moead,rejection_rate,10,10,1.0,0.0,0.0,0.0,0.0,0.0
A,data/input/set2/50_10_1439_5_S_1-9.dat,moead,allocations,10,10,1.0,8.0,7.25,9.0,7,12
A,data/input/set2/50_10_1439_5_S_1-9.dat,moead,orders,10,10,1.0,17.0,13.5,18.75,10,21
A,data/input/set2/50_10_1439_5_S_1-9.dat,moead,modes,10,10,1.0,19.0,13.75,21.75,12,26
A,data/input/set2/50_10_1439_5_S_1-9.dat,moead,waits,10,10,1.0,3.0,2.0,4.5,2,6
A,data/input/set2/50_10_1439_5_S_1-9.dat,spea2,hv,10,10,1.0,1.0657751541971225,1.0650663290806013,1.0672774364726325,1.062815870004813,1.0690429171312492
A,data/input/set2/50_10_1439_5_S_1-9.dat,spea2,igd_plus,10,10,1.0,0.0035802763810528163,0.0026173233763358344,0.0037945907459466777,0.000837019609072623,0.0046787839830855
A,data/input/set2/50_10_1439_5_S_1-9.dat,spea2,front_size,10,10,1.0,20.5,16.25,23.25,11,28
A,data/input/set2/50_10_1439_5_S_1-9.dat,spea2,cmax_min,10,10,1.0,67.5,65.25,68.0,62,69
A,data/input/set2/50_10_1439_5_S_1-9.dat,spea2,tec_min,10,10,1.0,243.19550544166668,234.8929113125,250.2563186375,218.89536445,252.11408048333334
A,data/input/set2/50_10_1439_5_S_1-9.dat,spea2,elapsed_seconds,10,10,1.0,13.920168209499707,13.713142167249885,14.17220576349996,13.407230568000159,14.49487950899993
A,data/input/set2/50_10_1439_5_S_1-9.dat,spea2,ms_per_attempt,10,10,1.0,1.7400210261874633,1.7141427709062356,1.771525720437495,1.6759038210000199,1.8118599386249912
A,data/input/set2/50_10_1439_5_S_1-9.dat,spea2,feasible_evaluations,10,10,1.0,8000.0,8000.0,8000.0,8000,8000
A,data/input/set2/50_10_1439_5_S_1-9.dat,spea2,rejected_evaluations,10,10,1.0,0.0,0.0,0.0,0,0
A,data/input/set2/50_10_1439_5_S_1-9.dat,spea2,rejection_rate,10,10,1.0,0.0,0.0,0.0,0.0,0.0
A,data/input/set2/50_10_1439_5_S_1-9.dat,spea2,allocations,10,10,1.0,7.0,6.25,8.75,4,11
A,data/input/set2/50_10_1439_5_S_1-9.dat,spea2,orders,10,10,1.0,17.5,13.0,19.75,10,25
A,data/input/set2/50_10_1439_5_S_1-9.dat,spea2,modes,10,10,1.0,19.0,16.25,21.0,11,28
A,data/input/set2/50_10_1439_5_S_1-9.dat,spea2,waits,10,10,1.0,5.5,3.0,8.0,2,11
A,data/input/set2/50_10_1439_5_S_1-9.dat,vns_vnd,hv,10,10,1.0,0.8960422806222252,0.8840854201306821,0.918992214069678,0.8375130095393507,0.979641566656676
A,data/input/set2/50_10_1439_5_S_1-9.dat,vns_vnd,igd_plus,10,10,1.0,0.12919147451129423,0.11060385352622223,0.14447264030141524,0.056869053591974424,0.19057813308904697
A,data/input/set2/50_10_1439_5_S_1-9.dat,vns_vnd,front_size,10,10,1.0,5.5,4.25,8.75,2,10
A,data/input/set2/50_10_1439_5_S_1-9.dat,vns_vnd,cmax_min,10,10,1.0,275.0,248.75,296.0,173,354
A,data/input/set2/50_10_1439_5_S_1-9.dat,vns_vnd,tec_min,10,10,1.0,325.5741926333334,307.21407415,364.52081153333336,294.9154392,420.54191826666664
A,data/input/set2/50_10_1439_5_S_1-9.dat,vns_vnd,elapsed_seconds,10,10,1.0,5.567231966000236,5.4930216292501655,5.63598836850008,5.1142622130000746,5.891826455999762
A,data/input/set2/50_10_1439_5_S_1-9.dat,vns_vnd,ms_per_attempt,10,10,1.0,0.6959039957500295,0.6866277036562707,0.70449854606251,0.6392827766250093,0.7364783069999703
A,data/input/set2/50_10_1439_5_S_1-9.dat,vns_vnd,feasible_evaluations,10,10,1.0,7048.0,7002.5,7081.0,6847,7141
A,data/input/set2/50_10_1439_5_S_1-9.dat,vns_vnd,rejected_evaluations,10,10,1.0,952.0,919.0,997.5,859,1153
A,data/input/set2/50_10_1439_5_S_1-9.dat,vns_vnd,rejection_rate,10,10,1.0,0.119,0.114875,0.12468749999999999,0.107375,0.144125
A,data/input/set2/50_10_1439_5_S_1-9.dat,vns_vnd,allocations,10,10,1.0,5.0,3.25,5.0,2,6
A,data/input/set2/50_10_1439_5_S_1-9.dat,vns_vnd,orders,10,10,1.0,5.0,3.25,5.0,2,6
A,data/input/set2/50_10_1439_5_S_1-9.dat,vns_vnd,modes,10,10,1.0,3.0,1.25,5.75,1,7
A,data/input/set2/50_10_1439_5_S_1-9.dat,vns_vnd,waits,10,10,1.0,1.0,1.0,1.0,1,1
A,data/input/set2/50_20_1439_5_S_1-124.dat,moead,hv,10,10,1.0,0.9964361524659062,0.9890163917282488,1.0009065817146003,0.9869367754701351,1.0052210614519006
A,data/input/set2/50_20_1439_5_S_1-124.dat,moead,igd_plus,10,10,1.0,0.011346581999225249,0.01030959842442979,0.013941325166802136,0.008168936854197633,0.015648275250444755
A,data/input/set2/50_20_1439_5_S_1-124.dat,moead,front_size,10,10,1.0,11.0,10.0,11.75,7,16
A,data/input/set2/50_20_1439_5_S_1-124.dat,moead,cmax_min,10,10,1.0,126.5,120.75,134.0,108,137
A,data/input/set2/50_20_1439_5_S_1-124.dat,moead,tec_min,10,10,1.0,295.79619976666663,286.30730939166665,307.38530325833335,258.88792015,316.58123448333333
A,data/input/set2/50_20_1439_5_S_1-124.dat,moead,elapsed_seconds,10,10,1.0,12.973540511500232,12.905844847000026,13.015570204250025,12.722577932999684,13.149709632000395
A,data/input/set2/50_20_1439_5_S_1-124.dat,moead,ms_per_attempt,10,10,1.0,1.621692563937529,1.6132306058750032,1.6269462755312531,1.5903222416249605,1.6437137040000493
A,data/input/set2/50_20_1439_5_S_1-124.dat,moead,feasible_evaluations,10,10,1.0,8000.0,8000.0,8000.0,8000,8000
A,data/input/set2/50_20_1439_5_S_1-124.dat,moead,rejected_evaluations,10,10,1.0,0.0,0.0,0.0,0,0
A,data/input/set2/50_20_1439_5_S_1-124.dat,moead,rejection_rate,10,10,1.0,0.0,0.0,0.0,0.0,0.0
A,data/input/set2/50_20_1439_5_S_1-124.dat,moead,allocations,10,10,1.0,7.5,6.25,8.75,4,12
A,data/input/set2/50_20_1439_5_S_1-124.dat,moead,orders,10,10,1.0,9.0,7.25,9.0,6,13
A,data/input/set2/50_20_1439_5_S_1-124.dat,moead,modes,10,10,1.0,10.5,9.25,11.75,7,14
A,data/input/set2/50_20_1439_5_S_1-124.dat,moead,waits,10,10,1.0,4.0,3.0,4.0,1,7
A,data/input/set2/50_20_1439_5_S_1-124.dat,spea2,hv,10,10,1.0,1.0053850678659813,1.004016721774211,1.0071797316129563,1.001765635114051,1.0145508314259672
A,data/input/set2/50_20_1439_5_S_1-124.dat,spea2,igd_plus,10,10,1.0,0.010560837187616507,0.00710371233286853,0.012599417681157441,0.0036551280469718822,0.01886209196349418
A,data/input/set2/50_20_1439_5_S_1-124.dat,spea2,front_size,10,10,1.0,14.0,11.25,16.75,11,26
A,data/input/set2/50_20_1439_5_S_1-124.dat,spea2,cmax_min,10,10,1.0,116.0,113.25,117.0,108,120
A,data/input/set2/50_20_1439_5_S_1-124.dat,spea2,tec_min,10,10,1.0,262.02088825,256.72939767083335,269.1372533875,225.69099446666667,308.2062076166667
A,data/input/set2/50_20_1439_5_S_1-124.dat,spea2,elapsed_seconds,10,10,1.0,17.855042576000187,17.73615640825028,17.88747134649998,17.603648754000005,18.114384681000047
A,data/input/set2/50_20_1439_5_S_1-124.dat,spea2,ms_per_attempt,10,10,1.0,2.2318803220000234,2.217019551031285,2.2359339183124973,2.2004560942500007,2.264298085125006
A,data/input/set2/50_20_1439_5_S_1-124.dat,spea2,feasible_evaluations,10,10,1.0,8000.0,8000.0,8000.0,8000,8000
A,data/input/set2/50_20_1439_5_S_1-124.dat,spea2,rejected_evaluations,10,10,1.0,0.0,0.0,0.0,0,0
A,data/input/set2/50_20_1439_5_S_1-124.dat,spea2,rejection_rate,10,10,1.0,0.0,0.0,0.0,0.0,0.0
A,data/input/set2/50_20_1439_5_S_1-124.dat,spea2,allocations,10,10,1.0,10.5,9.0,13.0,5,20
A,data/input/set2/50_20_1439_5_S_1-124.dat,spea2,orders,10,10,1.0,13.0,10.25,14.0,7,24
A,data/input/set2/50_20_1439_5_S_1-124.dat,spea2,modes,10,10,1.0,13.5,11.0,16.75,9,25
A,data/input/set2/50_20_1439_5_S_1-124.dat,spea2,waits,10,10,1.0,5.5,4.25,7.75,4,8
A,data/input/set2/50_20_1439_5_S_1-124.dat,vns_vnd,hv,10,10,1.0,0.8474608092983287,0.8429194096097358,0.8532396264395108,0.8314255134259257,0.8626573979351091
A,data/input/set2/50_20_1439_5_S_1-124.dat,vns_vnd,igd_plus,10,10,1.0,0.10853901013133661,0.10677407866813635,0.1150675221478763,0.0906493927353287,0.12483010599919842
A,data/input/set2/50_20_1439_5_S_1-124.dat,vns_vnd,front_size,10,10,1.0,7.0,6.0,7.75,5,8
A,data/input/set2/50_20_1439_5_S_1-124.dat,vns_vnd,cmax_min,10,10,1.0,320.0,310.0,329.25,289,348
A,data/input/set2/50_20_1439_5_S_1-124.dat,vns_vnd,tec_min,10,10,1.0,345.74237213333333,315.5678487,426.83852236666667,278.38920733333333,488.3717806
A,data/input/set2/50_20_1439_5_S_1-124.dat,vns_vnd,elapsed_seconds,10,10,1.0,8.730565472500075,8.661932462249979,8.80173484175009,8.582363695999902,8.983221706999757
A,data/input/set2/50_20_1439_5_S_1-124.dat,vns_vnd,ms_per_attempt,10,10,1.0,1.0913206840625094,1.0827415577812474,1.1002168552187612,1.0727954619999878,1.1229027133749696
A,data/input/set2/50_20_1439_5_S_1-124.dat,vns_vnd,feasible_evaluations,10,10,1.0,7040.5,6982.25,7068.25,6879,7100
A,data/input/set2/50_20_1439_5_S_1-124.dat,vns_vnd,rejected_evaluations,10,10,1.0,959.5,931.75,1017.75,900,1121
A,data/input/set2/50_20_1439_5_S_1-124.dat,vns_vnd,rejection_rate,10,10,1.0,0.1199375,0.11646875000000001,0.12721875,0.1125,0.140125
A,data/input/set2/50_20_1439_5_S_1-124.dat,vns_vnd,allocations,10,10,1.0,5.5,5.0,6.0,4,7
A,data/input/set2/50_20_1439_5_S_1-124.dat,vns_vnd,orders,10,10,1.0,5.5,5.0,6.0,4,7
A,data/input/set2/50_20_1439_5_S_1-124.dat,vns_vnd,modes,10,10,1.0,2.5,2.0,4.0,1,6
A,data/input/set2/50_20_1439_5_S_1-124.dat,vns_vnd,waits,10,10,1.0,1.0,1.0,1.0,1,1
A,data/input/set2/50_20_1439_5_S_1-9.dat,moead,hv,10,10,1.0,1.0822986328996755,1.0804429284482941,1.0840478083873974,1.0799713013866132,1.0848579586605978
A,data/input/set2/50_20_1439_5_S_1-9.dat,moead,igd_plus,10,10,1.0,0.0034897324868126372,0.0029734021933593593,0.004296822330710223,0.00047898506754346466,0.005899867650884523
A,data/input/set2/50_20_1439_5_S_1-9.dat,moead,front_size,10,10,1.0,9.5,7.5,11.5,6,15
A,data/input/set2/50_20_1439_5_S_1-9.dat,moead,cmax_min,10,10,1.0,33.5,33.0,34.0,32,38
A,data/input/set2/50_20_1439_5_S_1-9.dat,moead,tec_min,10,10,1.0,147.3092224,143.26274095416667,159.52439492916668,135.42191393333334,168.18141851666667
A,data/input/set2/50_20_1439_5_S_1-9.dat,moead,elapsed_seconds,10,10,1.0,13.062079327500214,13.006420161249821,13.114364112250314,12.868600984000295,13.239413571999648
A,data/input/set2/50_20_1439_5_S_1-9.dat,moead,ms_per_attempt,10,10,1.0,1.6327599159375268,1.6258025201562276,1.6392955140312893,1.608575123000037,1.654926696499956
A,data/input/set2/50_20_1439_5_S_1-9.dat,moead,feasible_evaluations,10,10,1.0,8000.0,8000.0,8000.0,8000,8000
A,data/input/set2/50_20_1439_5_S_1-9.dat,moead,rejected_evaluations,10,10,1.0,0.0,0.0,0.0,0,0
A,data/input/set2/50_20_1439_5_S_1-9.dat,moead,rejection_rate,10,10,1.0,0.0,0.0,0.0,0.0,0.0
A,data/input/set2/50_20_1439_5_S_1-9.dat,moead,allocations,10,10,1.0,5.5,4.25,6.75,3,12
A,data/input/set2/50_20_1439_5_S_1-9.dat,moead,orders,10,10,1.0,7.5,6.25,11.25,5,14
A,data/input/set2/50_20_1439_5_S_1-9.dat,moead,modes,10,10,1.0,9.5,7.25,10.0,6,13
A,data/input/set2/50_20_1439_5_S_1-9.dat,moead,waits,10,10,1.0,2.5,2.0,5.0,1,7
A,data/input/set2/50_20_1439_5_S_1-9.dat,spea2,hv,10,10,1.0,1.0844893967222502,1.0834781893502552,1.086009335282121,1.0793416533072295,1.0869305386011814
A,data/input/set2/50_20_1439_5_S_1-9.dat,spea2,igd_plus,10,10,1.0,0.0019203227034895133,0.0009702294859660492,0.003160800247869773,0.0003174397438296439,0.005236390091382982
A,data/input/set2/50_20_1439_5_S_1-9.dat,spea2,front_size,10,10,1.0,12.5,10.5,13.0,8,14
A,data/input/set2/50_20_1439_5_S_1-9.dat,spea2,cmax_min,10,10,1.0,30.5,30.0,31.0,30,31
A,data/input/set2/50_20_1439_5_S_1-9.dat,spea2,tec_min,10,10,1.0,151.967515,140.133337325,157.21051532500002,137.14631076666666,186.38900455
A,data/input/set2/50_20_1439_5_S_1-9.dat,spea2,elapsed_seconds,10,10,1.0,17.823428253999964,17.787891942499982,18.0247714837501,17.648672977999922,18.23093038299976
A,data/input/set2/50_20_1439_5_S_1-9.dat,spea2,ms_per_attempt,10,10,1.0,2.2279285317499955,2.2234864928124978,2.2530964354687626,2.2060841222499903,2.27886629787497
A,data/input/set2/50_20_1439_5_S_1-9.dat,spea2,feasible_evaluations,10,10,1.0,8000.0,8000.0,8000.0,8000,8000
A,data/input/set2/50_20_1439_5_S_1-9.dat,spea2,rejected_evaluations,10,10,1.0,0.0,0.0,0.0,0,0
A,data/input/set2/50_20_1439_5_S_1-9.dat,spea2,rejection_rate,10,10,1.0,0.0,0.0,0.0,0.0,0.0
A,data/input/set2/50_20_1439_5_S_1-9.dat,spea2,allocations,10,10,1.0,5.5,5.0,6.0,5,9
A,data/input/set2/50_20_1439_5_S_1-9.dat,spea2,orders,10,10,1.0,10.0,7.5,12.0,6,13
A,data/input/set2/50_20_1439_5_S_1-9.dat,spea2,modes,10,10,1.0,11.5,10.25,13.0,8,14
A,data/input/set2/50_20_1439_5_S_1-9.dat,spea2,waits,10,10,1.0,4.5,4.0,5.75,2,8
A,data/input/set2/50_20_1439_5_S_1-9.dat,vns_vnd,hv,10,10,1.0,0.981119719080275,0.9586054613796586,0.9835348206315155,0.9235752290696679,1.0038340133973782
A,data/input/set2/50_20_1439_5_S_1-9.dat,vns_vnd,igd_plus,10,10,1.0,0.08795534961148978,0.0821519316792677,0.10222594862326523,0.06287050542623429,0.13609868907483294
A,data/input/set2/50_20_1439_5_S_1-9.dat,vns_vnd,front_size,10,10,1.0,5.0,5.0,6.75,3,7
A,data/input/set2/50_20_1439_5_S_1-9.dat,vns_vnd,cmax_min,10,10,1.0,163.5,156.5,185.5,129,234
A,data/input/set2/50_20_1439_5_S_1-9.dat,vns_vnd,tec_min,10,10,1.0,220.24663516666666,211.87268436666668,246.7038863,183.18528506666667,257.0174472666667
A,data/input/set2/50_20_1439_5_S_1-9.dat,vns_vnd,elapsed_seconds,10,10,1.0,8.769643749000124,8.733429107000347,8.797360704500079,8.643125195000266,9.04482616300038
A,data/input/set2/50_20_1439_5_S_1-9.dat,vns_vnd,ms_per_attempt,10,10,1.0,1.0962054686250156,1.0916786383750434,1.0996700880625099,1.0803906493750333,1.1306032703750475
A,data/input/set2/50_20_1439_5_S_1-9.dat,vns_vnd,feasible_evaluations,10,10,1.0,7253.0,7188.0,7295.25,7133,7354
A,data/input/set2/50_20_1439_5_S_1-9.dat,vns_vnd,rejected_evaluations,10,10,1.0,747.0,704.75,812.0,646,867
A,data/input/set2/50_20_1439_5_S_1-9.dat,vns_vnd,rejection_rate,10,10,1.0,0.093375,0.08809375,0.10149999999999999,0.08075,0.108375
A,data/input/set2/50_20_1439_5_S_1-9.dat,vns_vnd,allocations,10,10,1.0,4.0,3.0,4.0,2,5
A,data/input/set2/50_20_1439_5_S_1-9.dat,vns_vnd,orders,10,10,1.0,4.0,3.0,4.0,2,6
A,data/input/set2/50_20_1439_5_S_1-9.dat,vns_vnd,modes,10,10,1.0,4.0,4.0,5.0,1,6
A,data/input/set2/50_20_1439_5_S_1-9.dat,vns_vnd,waits,10,10,1.0,1.0,1.0,1.0,1,1
B,data/input/set2/750_10_1439_5_S_1-124.dat,moead,hv,5,5,1.0,0.712422218474526,0.7114235521017398,0.7164594007730505,0.7105622775384576,0.7170381762866855
B,data/input/set2/750_10_1439_5_S_1-124.dat,moead,igd_plus,5,5,1.0,0.006583782314148251,0.006392616062194638,0.006915667558558913,0.005343732356985183,0.008578330887086264
B,data/input/set2/750_10_1439_5_S_1-124.dat,moead,front_size,5,5,1.0,19.0,14.0,22.0,8,27
B,data/input/set2/750_10_1439_5_S_1-124.dat,moead,cmax_min,5,5,1.0,5272.0,5239.0,5280.0,5223,5303
B,data/input/set2/750_10_1439_5_S_1-124.dat,moead,tec_min,5,5,1.0,18742.596903916667,18350.609553533333,18849.761162425,18200.950790458333,19269.263631191665
B,data/input/set2/750_10_1439_5_S_1-124.dat,moead,elapsed_seconds,5,5,1.0,42.57017787299992,42.04734963899955,43.77738320200024,41.98576753799989,44.17045802999928
B,data/input/set2/750_10_1439_5_S_1-124.dat,moead,ms_per_attempt,5,5,1.0,21.28508893649996,21.023674819499774,21.88869160100012,20.992883768999945,22.08522901499964
B,data/input/set2/750_10_1439_5_S_1-124.dat,moead,feasible_evaluations,5,5,1.0,2000.0,2000.0,2000.0,2000,2000
B,data/input/set2/750_10_1439_5_S_1-124.dat,moead,rejected_evaluations,5,5,1.0,0.0,0.0,0.0,0,0
B,data/input/set2/750_10_1439_5_S_1-124.dat,moead,rejection_rate,5,5,1.0,0.0,0.0,0.0,0.0,0.0
B,data/input/set2/750_10_1439_5_S_1-124.dat,moead,allocations,5,5,1.0,15.0,11.0,20.0,6,23
B,data/input/set2/750_10_1439_5_S_1-124.dat,moead,orders,5,5,1.0,19.0,13.0,21.0,8,27
B,data/input/set2/750_10_1439_5_S_1-124.dat,moead,modes,5,5,1.0,13.0,12.0,17.0,7,20
B,data/input/set2/750_10_1439_5_S_1-124.dat,moead,waits,5,5,1.0,3.0,2.0,3.0,1,11
B,data/input/set2/750_10_1439_5_S_1-124.dat,spea2,hv,5,5,1.0,0.7284110147928071,0.7274585904548044,0.7288454162219956,0.7265746399309655,0.7304161398686302
B,data/input/set2/750_10_1439_5_S_1-124.dat,spea2,igd_plus,5,5,1.0,0.005384025389464472,0.0044134715797158695,0.005664399329956212,0.0009809762773816807,0.0058255828618118365
B,data/input/set2/750_10_1439_5_S_1-124.dat,spea2,front_size,5,5,1.0,26.0,19.0,31.0,18,33
B,data/input/set2/750_10_1439_5_S_1-124.dat,spea2,cmax_min,5,5,1.0,5192.0,5192.0,5211.0,5186,5223
B,data/input/set2/750_10_1439_5_S_1-124.dat,spea2,tec_min,5,5,1.0,16895.672501591667,16648.332002758332,16959.029241825,16611.353663533333,17226.8427865
B,data/input/set2/750_10_1439_5_S_1-124.dat,spea2,elapsed_seconds,5,5,1.0,43.35957443300049,43.287264392,45.05041805200017,43.14164067499951,45.24797663299978
B,data/input/set2/750_10_1439_5_S_1-124.dat,spea2,ms_per_attempt,5,5,1.0,21.679787216500245,21.643632196,22.525209026000084,21.570820337499754,22.62398831649989
B,data/input/set2/750_10_1439_5_S_1-124.dat,spea2,feasible_evaluations,5,5,1.0,2000.0,2000.0,2000.0,2000,2000
B,data/input/set2/750_10_1439_5_S_1-124.dat,spea2,rejected_evaluations,5,5,1.0,0.0,0.0,0.0,0,0
B,data/input/set2/750_10_1439_5_S_1-124.dat,spea2,rejection_rate,5,5,1.0,0.0,0.0,0.0,0.0,0.0
B,data/input/set2/750_10_1439_5_S_1-124.dat,spea2,allocations,5,5,1.0,24.0,18.0,27.0,18,30
B,data/input/set2/750_10_1439_5_S_1-124.dat,spea2,orders,5,5,1.0,26.0,19.0,31.0,18,32
B,data/input/set2/750_10_1439_5_S_1-124.dat,spea2,modes,5,5,1.0,23.0,16.0,24.0,16,27
B,data/input/set2/750_10_1439_5_S_1-124.dat,spea2,waits,5,5,1.0,5.0,4.0,6.0,3,7
B,data/input/set2/750_10_1439_5_S_1-124.dat,vns_vnd,hv,5,5,1.0,0.43163461439344786,0.4010342493906496,0.4385830374291179,0.3999568893869383,0.44044244151516637
B,data/input/set2/750_10_1439_5_S_1-124.dat,vns_vnd,igd_plus,5,5,1.0,0.2428405074767669,0.23400150964201719,0.27902050290124264,0.23173657769563943,0.2811211322189214
B,data/input/set2/750_10_1439_5_S_1-124.dat,vns_vnd,front_size,5,5,1.0,6.0,6.0,7.0,5,13
B,data/input/set2/750_10_1439_5_S_1-124.dat,vns_vnd,cmax_min,5,5,1.0,10375.0,10225.0,11055.0,10180,11102
B,data/input/set2/750_10_1439_5_S_1-124.dat,vns_vnd,tec_min,5,5,1.0,24464.65596375,24213.296913708335,24479.56993496667,23964.94597145,24528.672596475
B,data/input/set2/750_10_1439_5_S_1-124.dat,vns_vnd,elapsed_seconds,5,5,1.0,32.027797260000625,32.01969602099962,33.310672235999846,32.00229688199943,33.52239433900013
B,data/input/set2/750_10_1439_5_S_1-124.dat,vns_vnd,ms_per_attempt,5,5,1.0,16.013898630000313,16.00984801049981,16.655336117999923,16.001148440999714,16.761197169500065
B,data/input/set2/750_10_1439_5_S_1-124.dat,vns_vnd,feasible_evaluations,5,5,1.0,1990.0,1973.0,1991.0,1964,2000
B,data/input/set2/750_10_1439_5_S_1-124.dat,vns_vnd,rejected_evaluations,5,5,1.0,10.0,9.0,27.0,0,36
B,data/input/set2/750_10_1439_5_S_1-124.dat,vns_vnd,rejection_rate,5,5,1.0,0.005,0.0045,0.0135,0.0,0.018
B,data/input/set2/750_10_1439_5_S_1-124.dat,vns_vnd,allocations,5,5,1.0,1.0,1.0,1.0,1,1
B,data/input/set2/750_10_1439_5_S_1-124.dat,vns_vnd,orders,5,5,1.0,2.0,1.0,2.0,1,2
B,data/input/set2/750_10_1439_5_S_1-124.dat,vns_vnd,modes,5,5,1.0,6.0,6.0,7.0,5,13
B,data/input/set2/750_10_1439_5_S_1-124.dat,vns_vnd,waits,5,5,1.0,1.0,1.0,2.0,1,4
B,data/input/set2/750_10_1439_5_S_1-9.dat,moead,hv,5,5,1.0,0.815995096182745,0.8133328902388871,0.8161630779889407,0.8130581215498981,0.820901447725838
B,data/input/set2/750_10_1439_5_S_1-9.dat,moead,igd_plus,5,5,1.0,0.01943146097434335,0.017374448220606502,0.019667990005121334,0.013944921720901072,0.021647698551130166
B,data/input/set2/750_10_1439_5_S_1-9.dat,moead,front_size,5,5,1.0,7.0,6.0,8.0,4,9
B,data/input/set2/750_10_1439_5_S_1-9.dat,moead,cmax_min,5,5,1.0,1135.0,1129.0,1137.0,1125,1138
B,data/input/set2/750_10_1439_5_S_1-9.dat,moead,tec_min,5,5,1.0,6444.698935991667,6275.082857716667,6464.70669235,6226.983962691666,6533.911526016666
B,data/input/set2/750_10_1439_5_S_1-9.dat,moead,elapsed_seconds,5,5,1.0,39.36150440100005,39.34360913499995,41.21132875599994,39.306663814999865,59.11283513799992
B,data/input/set2/750_10_1439_5_S_1-9.dat,moead,ms_per_attempt,5,5,1.0,19.680752200500024,19.671804567499972,20.60566437799997,19.65333190749993,29.55641756899996
B,data/input/set2/750_10_1439_5_S_1-9.dat,moead,feasible_evaluations,5,5,1.0,2000.0,2000.0,2000.0,2000,2000
B,data/input/set2/750_10_1439_5_S_1-9.dat,moead,rejected_evaluations,5,5,1.0,0.0,0.0,0.0,0,0
B,data/input/set2/750_10_1439_5_S_1-9.dat,moead,rejection_rate,5,5,1.0,0.0,0.0,0.0,0.0,0.0
B,data/input/set2/750_10_1439_5_S_1-9.dat,moead,allocations,5,5,1.0,4.0,3.0,5.0,3,6
B,data/input/set2/750_10_1439_5_S_1-9.dat,moead,orders,5,5,1.0,7.0,6.0,8.0,3,9
B,data/input/set2/750_10_1439_5_S_1-9.dat,moead,modes,5,5,1.0,7.0,4.0,8.0,4,9
B,data/input/set2/750_10_1439_5_S_1-9.dat,moead,waits,5,5,1.0,1.0,1.0,2.0,1,2
B,data/input/set2/750_10_1439_5_S_1-9.dat,spea2,hv,5,5,1.0,0.8429564277260335,0.836858185607387,0.8445923003227954,0.836614755128707,0.8487608702898125
B,data/input/set2/750_10_1439_5_S_1-9.dat,spea2,igd_plus,5,5,1.0,0.0024821530557201446,0.002120030160455129,0.004301128831677957,0.0,0.004544061169339282
B,data/input/set2/750_10_1439_5_S_1-9.dat,spea2,front_size,5,5,1.0,12.0,10.0,12.0,7,15
B,data/input/set2/750_10_1439_5_S_1-9.dat,spea2,cmax_min,5,5,1.0,1082.0,1079.0,1094.0,1074,1096
B,data/input/set2/750_10_1439_5_S_1-9.dat,spea2,tec_min,5,5,1.0,5908.540072541667,5876.885226958333,5925.832267583333,5679.783816333334,5990.295360691666
B,data/input/set2/750_10_1439_5_S_1-9.dat,spea2,elapsed_seconds,5,5,1.0,41.1805787950002,41.172610143000156,41.99783616100001,40.65136562700013,45.24133833600001
B,data/input/set2/750_10_1439_5_S_1-9.dat,spea2,ms_per_attempt,5,5,1.0,20.590289397500097,20.586305071500078,20.998918080500005,20.325682813500066,22.620669168000006
B,data/input/set2/750_10_1439_5_S_1-9.dat,spea2,feasible_evaluations,5,5,1.0,2000.0,2000.0,2000.0,2000,2000
B,data/input/set2/750_10_1439_5_S_1-9.dat,spea2,rejected_evaluations,5,5,1.0,0.0,0.0,0.0,0,0
B,data/input/set2/750_10_1439_5_S_1-9.dat,spea2,rejection_rate,5,5,1.0,0.0,0.0,0.0,0.0,0.0
B,data/input/set2/750_10_1439_5_S_1-9.dat,spea2,allocations,5,5,1.0,9.0,8.0,11.0,7,13
B,data/input/set2/750_10_1439_5_S_1-9.dat,spea2,orders,5,5,1.0,12.0,10.0,12.0,7,15
B,data/input/set2/750_10_1439_5_S_1-9.dat,spea2,modes,5,5,1.0,10.0,8.0,11.0,7,15
B,data/input/set2/750_10_1439_5_S_1-9.dat,spea2,waits,5,5,1.0,2.0,1.0,3.0,1,7
B,data/input/set2/750_20_1439_5_S_1-124.dat,moead,hv,5,5,1.0,0.7733016474250208,0.7730618254799692,0.7739316787476872,0.7695285772277538,0.774158257374565
B,data/input/set2/750_20_1439_5_S_1-124.dat,moead,igd_plus,5,5,1.0,0.003115135885476641,0.0024704851396097683,0.003786188311117532,0.00242977771816791,0.005412659748622771
B,data/input/set2/750_20_1439_5_S_1-124.dat,moead,front_size,5,5,1.0,21.0,19.0,22.0,17,24
B,data/input/set2/750_20_1439_5_S_1-124.dat,moead,cmax_min,5,5,1.0,2162.0,2152.0,2163.0,2138,2170
B,data/input/set2/750_20_1439_5_S_1-124.dat,moead,tec_min,5,5,1.0,12927.130454208333,12679.801616725,12971.63414275,12608.354400208333,13115.643221166667
B,data/input/set2/750_20_1439_5_S_1-124.dat,moead,elapsed_seconds,5,5,1.0,45.13799590899998,45.00279165400002,45.191700037000146,44.94380809800009,45.25595223999994
B,data/input/set2/750_20_1439_5_S_1-124.dat,moead,ms_per_attempt,5,5,1.0,22.56899795449999,22.50139582700001,22.595850018500073,22.471904049000045,22.62797611999997
B,data/input/set2/750_20_1439_5_S_1-124.dat,moead,feasible_evaluations,5,5,1.0,2000.0,2000.0,2000.0,2000,2000
B,data/input/set2/750_20_1439_5_S_1-124.dat,moead,rejected_evaluations,5,5,1.0,0.0,0.0,0.0,0,0
B,data/input/set2/750_20_1439_5_S_1-124.dat,moead,rejection_rate,5,5,1.0,0.0,0.0,0.0,0.0,0.0
B,data/input/set2/750_20_1439_5_S_1-124.dat,moead,allocations,5,5,1.0,17.0,15.0,21.0,13,21
B,data/input/set2/750_20_1439_5_S_1-124.dat,moead,orders,5,5,1.0,21.0,19.0,22.0,17,22
B,data/input/set2/750_20_1439_5_S_1-124.dat,moead,modes,5,5,1.0,16.0,12.0,18.0,11,18
B,data/input/set2/750_20_1439_5_S_1-124.dat,moead,waits,5,5,1.0,2.0,2.0,4.0,2,4
B,data/input/set2/750_20_1439_5_S_1-124.dat,spea2,hv,5,5,1.0,0.7816605378041159,0.7809751609212627,0.7825217279871007,0.7759728937898761,0.7833059712134772
B,data/input/set2/750_20_1439_5_S_1-124.dat,spea2,igd_plus,5,5,1.0,0.004134268818505152,0.003925935324884639,0.004773790225024452,0.0015835699114233582,0.005032817360941608
B,data/input/set2/750_20_1439_5_S_1-124.dat,spea2,front_size,5,5,1.0,24.0,20.0,29.0,18,34
B,data/input/set2/750_20_1439_5_S_1-124.dat,spea2,cmax_min,5,5,1.0,2132.0,2131.0,2148.0,2129,2153
B,data/input/set2/750_20_1439_5_S_1-124.dat,spea2,tec_min,5,5,1.0,11621.3574211,11553.487369916667,11881.551370375,11507.184856375,12378.725741666667
B,data/input/set2/750_20_1439_5_S_1-124.dat,spea2,elapsed_seconds,5,5,1.0,46.65328246900003,46.57781825799998,46.73380016700003,46.105987512999945,47.02246416899993
B,data/input/set2/750_20_1439_5_S_1-124.dat,spea2,ms_per_attempt,5,5,1.0,23.326641234500016,23.28890912899999,23.36690008350001,23.05299375649997,23.511232084499966
B,data/input/set2/750_20_1439_5_S_1-124.dat,spea2,feasible_evaluations,5,5,1.0,2000.0,2000.0,2000.0,2000,2000
B,data/input/set2/750_20_1439_5_S_1-124.dat,spea2,rejected_evaluations,5,5,1.0,0.0,0.0,0.0,0,0
B,data/input/set2/750_20_1439_5_S_1-124.dat,spea2,rejection_rate,5,5,1.0,0.0,0.0,0.0,0.0,0.0
B,data/input/set2/750_20_1439_5_S_1-124.dat,spea2,allocations,5,5,1.0,22.0,19.0,25.0,17,33
B,data/input/set2/750_20_1439_5_S_1-124.dat,spea2,orders,5,5,1.0,24.0,19.0,28.0,17,34
B,data/input/set2/750_20_1439_5_S_1-124.dat,spea2,modes,5,5,1.0,21.0,17.0,22.0,15,25
B,data/input/set2/750_20_1439_5_S_1-124.dat,spea2,waits,5,5,1.0,6.0,4.0,6.0,2,9
B,data/input/set2/750_20_1439_5_S_1-124.dat,vns_vnd,hv,5,5,1.0,0.34158892861248996,0.3367103321877748,0.3646822373720721,0.3111335092153482,0.3716055017244741
B,data/input/set2/750_20_1439_5_S_1-124.dat,vns_vnd,igd_plus,5,5,1.0,0.36807822607444507,0.3389105536537804,0.3702351205932303,0.33096749118465507,0.4009289441380973
B,data/input/set2/750_20_1439_5_S_1-124.dat,vns_vnd,front_size,5,5,1.0,6.0,6.0,9.0,5,10
B,data/input/set2/750_20_1439_5_S_1-124.dat,vns_vnd,cmax_min,5,5,1.0,5775.0,5505.0,5783.0,5454,6030
B,data/input/set2/750_20_1439_5_S_1-124.dat,vns_vnd,tec_min,5,5,1.0,21434.229001466665,21151.544839683334,21489.584110441665,20293.515874875,21578.52668051667
B,data/input/set2/750_20_1439_5_S_1-124.dat,vns_vnd,elapsed_seconds,5,5,1.0,30.477601276000087,30.283840613000166,30.648633995999944,30.283462175000068,31.0162968489999
B,data/input/set2/750_20_1439_5_S_1-124.dat,vns_vnd,ms_per_attempt,5,5,1.0,15.238800638000045,15.141920306500085,15.324316997999974,15.141731087500032,15.50814842449995
B,data/input/set2/750_20_1439_5_S_1-124.dat,vns_vnd,feasible_evaluations,5,5,1.0,1990.0,1976.0,2000.0,1967,2000
B,data/input/set2/750_20_1439_5_S_1-124.dat,vns_vnd,rejected_evaluations,5,5,1.0,10.0,0.0,24.0,0,33
B,data/input/set2/750_20_1439_5_S_1-124.dat,vns_vnd,rejection_rate,5,5,1.0,0.005,0.0,0.012,0.0,0.0165
B,data/input/set2/750_20_1439_5_S_1-124.dat,vns_vnd,allocations,5,5,1.0,1.0,1.0,1.0,1,1
B,data/input/set2/750_20_1439_5_S_1-124.dat,vns_vnd,orders,5,5,1.0,1.0,1.0,2.0,1,2
B,data/input/set2/750_20_1439_5_S_1-124.dat,vns_vnd,modes,5,5,1.0,6.0,6.0,9.0,5,10
B,data/input/set2/750_20_1439_5_S_1-124.dat,vns_vnd,waits,5,5,1.0,2.0,1.0,2.0,1,3
B,data/input/set2/750_20_1439_5_S_1-9.dat,moead,hv,5,5,1.0,0.9813047759880836,0.9812991471074531,0.9820071930011072,0.9796667393836548,0.9823420733365558
B,data/input/set2/750_20_1439_5_S_1-9.dat,moead,igd_plus,5,5,1.0,0.0026624960019645994,0.0021485841612514825,0.0031593978378543523,0.001974624909942415,0.0037790228123893914
B,data/input/set2/750_20_1439_5_S_1-9.dat,moead,front_size,5,5,1.0,10.0,6.0,12.0,4,13
B,data/input/set2/750_20_1439_5_S_1-9.dat,moead,cmax_min,5,5,1.0,432.0,430.0,432.0,428,433
B,data/input/set2/750_20_1439_5_S_1-9.dat,moead,tec_min,5,5,1.0,4264.220845666667,4256.48580945,4312.952138766666,4253.94844425,4401.6168039
B,data/input/set2/750_20_1439_5_S_1-9.dat,moead,elapsed_seconds,5,5,1.0,44.09521941000003,43.91216738999992,44.138391531000025,43.49194545599994,44.19186290500011
B,data/input/set2/750_20_1439_5_S_1-9.dat,moead,ms_per_attempt,5,5,1.0,22.047609705000013,21.95608369499996,22.069195765500012,21.745972727999973,22.09593145250005
B,data/input/set2/750_20_1439_5_S_1-9.dat,moead,feasible_evaluations,5,5,1.0,2000.0,2000.0,2000.0,2000,2000
B,data/input/set2/750_20_1439_5_S_1-9.dat,moead,rejected_evaluations,5,5,1.0,0.0,0.0,0.0,0,0
B,data/input/set2/750_20_1439_5_S_1-9.dat,moead,rejection_rate,5,5,1.0,0.0,0.0,0.0,0.0,0.0
B,data/input/set2/750_20_1439_5_S_1-9.dat,moead,allocations,5,5,1.0,8.0,6.0,10.0,4,11
B,data/input/set2/750_20_1439_5_S_1-9.dat,moead,orders,5,5,1.0,10.0,6.0,12.0,4,13
B,data/input/set2/750_20_1439_5_S_1-9.dat,moead,modes,5,5,1.0,9.0,5.0,11.0,3,13
B,data/input/set2/750_20_1439_5_S_1-9.dat,moead,waits,5,5,1.0,2.0,2.0,2.0,1,3
B,data/input/set2/750_20_1439_5_S_1-9.dat,spea2,hv,5,5,1.0,0.984067009996721,0.9830775307694389,0.9862192787863211,0.9827693785298277,0.9878028938482305
B,data/input/set2/750_20_1439_5_S_1-9.dat,spea2,igd_plus,5,5,1.0,0.001848434987761829,0.0016553464700621242,0.0025604127479341987,0.000337010105471114,0.002577093748716514
B,data/input/set2/750_20_1439_5_S_1-9.dat,spea2,front_size,5,5,1.0,13.0,13.0,15.0,7,15
B,data/input/set2/750_20_1439_5_S_1-9.dat,spea2,cmax_min,5,5,1.0,428.0,426.0,428.0,424,433
B,data/input/set2/750_20_1439_5_S_1-9.dat,spea2,tec_min,5,5,1.0,4043.06627925,3952.0162433333335,4113.7372266,3860.0650015833335,4226.730683
B,data/input/set2/750_20_1439_5_S_1-9.dat,spea2,elapsed_seconds,5,5,1.0,45.53249727100001,45.39632226399999,45.55897502199991,45.1413190129997,45.77475914099978
B,data/input/set2/750_20_1439_5_S_1-9.dat,spea2,ms_per_attempt,5,5,1.0,22.76624863550001,22.698161131999992,22.779487510999957,22.57065950649985,22.88737957049989
B,data/input/set2/750_20_1439_5_S_1-9.dat,spea2,feasible_evaluations,5,5,1.0,2000.0,2000.0,2000.0,2000,2000
B,data/input/set2/750_20_1439_5_S_1-9.dat,spea2,rejected_evaluations,5,5,1.0,0.0,0.0,0.0,0,0
B,data/input/set2/750_20_1439_5_S_1-9.dat,spea2,rejection_rate,5,5,1.0,0.0,0.0,0.0,0.0,0.0
B,data/input/set2/750_20_1439_5_S_1-9.dat,spea2,allocations,5,5,1.0,13.0,12.0,13.0,6,15
B,data/input/set2/750_20_1439_5_S_1-9.dat,spea2,orders,5,5,1.0,13.0,13.0,15.0,7,15
B,data/input/set2/750_20_1439_5_S_1-9.dat,spea2,modes,5,5,1.0,13.0,12.0,14.0,7,15
B,data/input/set2/750_20_1439_5_S_1-9.dat,spea2,waits,5,5,1.0,3.0,3.0,4.0,3,5
B,data/input/set2/750_20_1439_5_S_1-9.dat,vns_vnd,hv,5,5,1.0,0.09286136555434342,0.08651306907059604,0.11427081725720915,0.07145752495545314,0.1522034043719706
B,data/input/set2/750_20_1439_5_S_1-9.dat,vns_vnd,igd_plus,5,5,1.0,0.8658747646081669,0.8410785096669107,0.8732382257122747,0.800689439020365,0.8875355569071837
B,data/input/set2/750_20_1439_5_S_1-9.dat,vns_vnd,front_size,5,5,1.0,7.0,6.0,8.0,6,9
B,data/input/set2/750_20_1439_5_S_1-9.dat,vns_vnd,cmax_min,5,5,1.0,2722.0,2655.0,2745.0,2543,2793
B,data/input/set2/750_20_1439_5_S_1-9.dat,vns_vnd,tec_min,5,5,1.0,20703.139974975,20552.796361733333,21179.156548816667,19702.51625665,21571.213182816668
B,data/input/set2/750_20_1439_5_S_1-9.dat,vns_vnd,elapsed_seconds,5,5,1.0,29.129473738999877,28.798751263999748,29.370951391999824,28.459932757999923,29.383738982000068
B,data/input/set2/750_20_1439_5_S_1-9.dat,vns_vnd,ms_per_attempt,5,5,1.0,14.564736869499939,14.399375631999874,14.685475695999912,14.229966378999961,14.691869491000034
B,data/input/set2/750_20_1439_5_S_1-9.dat,vns_vnd,feasible_evaluations,5,5,1.0,1975.0,1947.0,1993.0,1932,1995
B,data/input/set2/750_20_1439_5_S_1-9.dat,vns_vnd,rejected_evaluations,5,5,1.0,25.0,7.0,53.0,5,68
B,data/input/set2/750_20_1439_5_S_1-9.dat,vns_vnd,rejection_rate,5,5,1.0,0.0125,0.0035,0.0265,0.0025,0.034
B,data/input/set2/750_20_1439_5_S_1-9.dat,vns_vnd,allocations,5,5,1.0,2.0,1.0,2.0,1,3
B,data/input/set2/750_20_1439_5_S_1-9.dat,vns_vnd,orders,5,5,1.0,2.0,1.0,2.0,1,3
B,data/input/set2/750_20_1439_5_S_1-9.dat,vns_vnd,modes,5,5,1.0,7.0,6.0,8.0,6,9
B,data/input/set2/750_20_1439_5_S_1-9.dat,vns_vnd,waits,5,5,1.0,2.0,2.0,2.0,2,3
C,data/input/set2/250_10_1439_5_S_1-9.dat,moead,hv,5,5,1.0,0.9292558193361273,0.9289886119417667,0.9296028474384198,0.9238101674733613,0.9488075630077751
C,data/input/set2/250_10_1439_5_S_1-9.dat,moead,igd_plus,5,5,1.0,0.007880617518954112,0.007221691281248637,0.01163738147497697,0.0011635371186907413,0.01478795845545844
C,data/input/set2/250_10_1439_5_S_1-9.dat,moead,front_size,5,5,1.0,17.0,8.0,19.0,5,20
C,data/input/set2/250_10_1439_5_S_1-9.dat,moead,cmax_min,5,5,1.0,371.0,371.0,372.0,352,372
C,data/input/set2/250_10_1439_5_S_1-9.dat,moead,tec_min,5,5,1.0,1687.35189325,1685.4789992166666,1705.4203976666668,1560.89200055,1873.02665855
C,data/input/set2/250_10_1439_5_S_1-9.dat,moead,elapsed_seconds,5,5,1.0,75.17996520099996,74.82858806600007,75.55037332300026,74.31827700900021,75.67147217399997
C,data/input/set2/250_10_1439_5_S_1-9.dat,moead,ms_per_attempt,5,5,1.0,3.7589982600499976,3.7414294033000033,3.7775186661500126,3.715913850450011,3.7835736086999985
C,data/input/set2/250_10_1439_5_S_1-9.dat,moead,feasible_evaluations,5,5,1.0,20000.0,20000.0,20000.0,20000,20000
C,data/input/set2/250_10_1439_5_S_1-9.dat,moead,rejected_evaluations,5,5,1.0,0.0,0.0,0.0,0,0
C,data/input/set2/250_10_1439_5_S_1-9.dat,moead,rejection_rate,5,5,1.0,0.0,0.0,0.0,0.0,0.0
C,data/input/set2/250_10_1439_5_S_1-9.dat,moead,allocations,5,5,1.0,6.0,2.0,9.0,2,10
C,data/input/set2/250_10_1439_5_S_1-9.dat,moead,orders,5,5,1.0,16.0,6.0,18.0,4,20
C,data/input/set2/250_10_1439_5_S_1-9.dat,moead,modes,5,5,1.0,17.0,8.0,19.0,5,20
C,data/input/set2/250_10_1439_5_S_1-9.dat,moead,waits,5,5,1.0,3.0,2.0,4.0,1,5
C,data/input/set2/250_10_1439_5_S_1-9.dat,spea2,hv,5,5,1.0,0.9410480045341113,0.9361497047024822,0.9445869826046701,0.9359699003277805,0.9476661338736779
C,data/input/set2/250_10_1439_5_S_1-9.dat,spea2,igd_plus,5,5,1.0,0.004908116445632721,0.0033622972946091233,0.005068993667035136,0.0008269847634322352,0.005440751017940171
C,data/input/set2/250_10_1439_5_S_1-9.dat,spea2,front_size,5,5,1.0,18.0,17.0,26.0,15,27
C,data/input/set2/250_10_1439_5_S_1-9.dat,spea2,cmax_min,5,5,1.0,361.0,359.0,365.0,350,368
C,data/input/set2/250_10_1439_5_S_1-9.dat,spea2,tec_min,5,5,1.0,1572.98806595,1545.7364086,1632.6422427666666,1504.8889179333332,1659.4013306
C,data/input/set2/250_10_1439_5_S_1-9.dat,spea2,elapsed_seconds,5,5,1.0,86.54211452500022,85.98413895099975,87.06978822000019,85.85829580999962,87.26491578700006
C,data/input/set2/250_10_1439_5_S_1-9.dat,spea2,ms_per_attempt,5,5,1.0,4.327105726250011,4.299206947549988,4.35348941100001,4.292914790499981,4.363245789350003
C,data/input/set2/250_10_1439_5_S_1-9.dat,spea2,feasible_evaluations,5,5,1.0,20000.0,20000.0,20000.0,20000,20000
C,data/input/set2/250_10_1439_5_S_1-9.dat,spea2,rejected_evaluations,5,5,1.0,0.0,0.0,0.0,0,0
C,data/input/set2/250_10_1439_5_S_1-9.dat,spea2,rejection_rate,5,5,1.0,0.0,0.0,0.0,0.0,0.0
C,data/input/set2/250_10_1439_5_S_1-9.dat,spea2,allocations,5,5,1.0,11.0,11.0,11.0,8,14
C,data/input/set2/250_10_1439_5_S_1-9.dat,spea2,orders,5,5,1.0,17.0,17.0,26.0,15,27
C,data/input/set2/250_10_1439_5_S_1-9.dat,spea2,modes,5,5,1.0,18.0,17.0,26.0,12,27
C,data/input/set2/250_10_1439_5_S_1-9.dat,spea2,waits,5,5,1.0,8.0,4.0,9.0,3,12
C,data/input/set2/250_10_1439_5_S_1-9.dat,vns_vnd,hv,5,5,1.0,0.04765520320332136,0.0473970094126382,0.04770167045402503,0.04694014659048967,0.05563751824977586
C,data/input/set2/250_10_1439_5_S_1-9.dat,vns_vnd,igd_plus,5,5,1.0,0.8618363587211543,0.8613300976484375,0.8630044026150941,0.8557292035794877,0.8641511270576371
C,data/input/set2/250_10_1439_5_S_1-9.dat,vns_vnd,front_size,5,5,1.0,4.0,2.0,4.0,2,6
C,data/input/set2/250_10_1439_5_S_1-9.dat,vns_vnd,cmax_min,5,5,1.0,1436.0,1436.0,1437.0,1425,1437
C,data/input/set2/250_10_1439_5_S_1-9.dat,vns_vnd,tec_min,5,5,1.0,5847.94396135,5646.680370233334,5876.876657083333,5527.787165283334,6431.209621733334
C,data/input/set2/250_10_1439_5_S_1-9.dat,vns_vnd,elapsed_seconds,5,5,1.0,41.043543810999836,40.81413282700032,41.19895660700013,40.576600008999776,44.258849861999806
C,data/input/set2/250_10_1439_5_S_1-9.dat,vns_vnd,ms_per_attempt,5,5,1.0,2.0521771905499917,2.040706641350016,2.0599478303500067,2.0288300004499886,2.21294249309999
C,data/input/set2/250_10_1439_5_S_1-9.dat,vns_vnd,feasible_evaluations,5,5,1.0,10990.0,10893.0,11403.0,10744,12579
C,data/input/set2/250_10_1439_5_S_1-9.dat,vns_vnd,rejected_evaluations,5,5,1.0,9010.0,8597.0,9107.0,7421,9256
C,data/input/set2/250_10_1439_5_S_1-9.dat,vns_vnd,rejection_rate,5,5,1.0,0.4505,0.42985,0.45535,0.37105,0.4628
C,data/input/set2/250_10_1439_5_S_1-9.dat,vns_vnd,allocations,5,5,1.0,2.0,2.0,2.0,2,4
C,data/input/set2/250_10_1439_5_S_1-9.dat,vns_vnd,orders,5,5,1.0,3.0,2.0,4.0,2,4
C,data/input/set2/250_10_1439_5_S_1-9.dat,vns_vnd,modes,5,5,1.0,2.0,2.0,4.0,2,5
C,data/input/set2/250_10_1439_5_S_1-9.dat,vns_vnd,waits,5,5,1.0,2.0,2.0,4.0,1,5
