instance,seed,budget,moead_population,moead_front,moead_cmax_min,moead_tec_min_exact,moead_seconds,moead_ms_per_evaluation,moead_rejection_rate,spea2_front,spea2_cmax_min,spea2_tec_min_exact,spea2_seconds,spea2_ms_per_evaluation,spea2_rejection_rate,vns_front,vns_cmax_min,vns_tec_min_exact,vns_seconds,vns_ms_per_evaluation,vns_rejection_rate
6_2_1439_3_S_1-9.dat,11,2000,20,17,96,33524857/250000,0.7318090329999904,0.3659045164999952,0.0,28,94,10540073/78125,1.9812192639999466,0.9906096319999733,0.0,10,106,1676904631/10000000,0.19400590999975975,0.09700295499987988,0.221
6_2_1439_3_S_1-9.dat,29,2000,20,15,94,33524857/250000,0.7080963859999656,0.3540481929999828,0.0,32,94,33524857/250000,1.9907229209999286,0.9953614604999643,0.0,4,122,732527003/5000000,0.19188209599997208,0.09594104799998604,0.2105
6_2_1439_3_S_1-9.dat,47,2000,20,18,94,33524857/250000,0.7560103819999995,0.37800519099999974,0.0,29,94,33524857/250000,1.9509869329999674,0.9754934664999837,0.0,11,119,33524857/250000,0.19334283399984997,0.09667141699992499,0.2025
6_2_1439_3_S_1-9.dat,11,8000,20,16,94,33524857/250000,2.8713009029999625,0.3589126128749953,0.0,39,94,33524857/250000,7.864785930000039,0.9830982412500049,0.0,17,106,33524857/250000,0.7833202350011561,0.09791502937514451,0.2155
6_2_1439_3_S_1-9.dat,29,8000,20,17,94,33524857/250000,2.9605988289999914,0.3700748536249989,0.0,39,94,33524857/250000,7.668797413999982,0.9585996767499978,0.0,7,115,732527003/5000000,0.7736775060002401,0.09670968825003001,0.21275
6_2_1439_3_S_1-9.dat,47,8000,20,19,94,33524857/250000,2.9347230000000195,0.36684037500000244,0.0,40,94,33524857/250000,7.408331231000034,0.9260414038750042,0.0,14,119,33524857/250000,0.7873021109990077,0.09841276387487596,0.19975
6_2_1439_3_S_1-9.dat,11,2000,50,22,94,33524857/250000,0.7305624780000244,0.3652812390000122,0.0,28,94,10540073/78125,1.9812192639999466,0.9906096319999733,0.0,10,106,1676904631/10000000,0.19400590999975975,0.09700295499987988,0.221
6_2_1439_3_S_1-9.dat,29,2000,50,22,96,33524857/250000,0.739338036999925,0.3696690184999625,0.0,32,94,33524857/250000,1.9907229209999286,0.9953614604999643,0.0,4,122,732527003/5000000,0.19188209599997208,0.09594104799998604,0.2105
6_2_1439_3_S_1-9.dat,47,2000,50,20,94,33524857/250000,0.7281771670000126,0.3640885835000063,0.0,29,94,33524857/250000,1.9509869329999674,0.9754934664999837,0.0,11,119,33524857/250000,0.19334283399984997,0.09667141699992499,0.2025
6_2_1439_3_S_1-9.dat,11,8000,50,29,94,33524857/250000,2.9407529919999433,0.3675941239999929,0.0,39,94,33524857/250000,7.864785930000039,0.9830982412500049,0.0,17,106,33524857/250000,0.7833202350011561,0.09791502937514451,0.2155
6_2_1439_3_S_1-9.dat,29,8000,50,24,96,33524857/250000,2.960084598999856,0.370010574874982,0.0,39,94,33524857/250000,7.668797413999982,0.9585996767499978,0.0,7,115,732527003/5000000,0.7736775060002401,0.09670968825003001,0.21275
6_2_1439_3_S_1-9.dat,47,8000,50,28,94,33524857/250000,2.9573622059999707,0.36967027574999634,0.0,40,94,33524857/250000,7.408331231000034,0.9260414038750042,0.0,14,119,33524857/250000,0.7873021109990077,0.09841276387487596,0.19975
6_2_1439_3_S_1-9.dat,11,2000,100,16,95,10540073/78125,0.7329796219999025,0.36648981099995126,0.0,28,94,10540073/78125,1.9812192639999466,0.9906096319999733,0.0,10,106,1676904631/10000000,0.19400590999975975,0.09700295499987988,0.221
6_2_1439_3_S_1-9.dat,29,2000,100,26,95,33524857/250000,0.7456982399999106,0.3728491199999553,0.0,32,94,33524857/250000,1.9907229209999286,0.9953614604999643,0.0,4,122,732527003/5000000,0.19188209599997208,0.09594104799998604,0.2105
6_2_1439_3_S_1-9.dat,47,2000,100,16,94,689817917/5000000,0.7183467360000577,0.35917336800002886,0.0,29,94,33524857/250000,1.9509869329999674,0.9754934664999837,0.0,11,119,33524857/250000,0.19334283399984997,0.09667141699992499,0.2025
6_2_1439_3_S_1-9.dat,11,8000,100,32,94,33524857/250000,2.948779760999969,0.3685974701249961,0.0,39,94,33524857/250000,7.864785930000039,0.9830982412500049,0.0,17,106,33524857/250000,0.7833202350011561,0.09791502937514451,0.2155
6_2_1439_3_S_1-9.dat,29,8000,100,32,94,33524857/250000,2.9254504800001087,0.3656813100000136,0.0,39,94,33524857/250000,7.668797413999982,0.9585996767499978,0.0,7,115,732527003/5000000,0.7736775060002401,0.09670968825003001,0.21275
6_2_1439_3_S_1-9.dat,47,8000,100,35,94,33524857/250000,2.964980206000064,0.370622525750008,0.0,40,94,33524857/250000,7.408331231000034,0.9260414038750042,0.0,14,119,33524857/250000,0.7873021109990077,0.09841276387487596,0.19975
14_2_1439_3_S_1-9_derivada.dat,11,2000,20,18,212,128111117/937500,0.9030346090000876,0.4515173045000438,0.0,30,202,404638729/3000000,1.9953287510001019,0.9976643755000509,0.0,8,289,2585965751/15000000,0.2850489890006429,0.14252449450032145,0.1785
14_2_1439_3_S_1-9_derivada.dat,29,2000,20,18,210,143186811/1250000,0.889021615000047,0.4445108075000235,0.0,44,203,79462143/625000,2.0087716499999715,1.0043858249999857,0.0,14,276,551263573/3750000,0.2799533639990841,0.13997668199954205,0.209
14_2_1439_3_S_1-9_derivada.dat,47,2000,20,19,210,1949493839/15000000,0.8950703789998897,0.44753518949994486,0.0,46,205,409868413/3000000,1.987842156000056,0.993921078000028,0.0,13,267,407382699/2500000,0.28117047200066736,0.14058523600033368,0.224
14_2_1439_3_S_1-9_derivada.dat,11,8000,20,20,206,1601074213/15000000,3.5848045860000184,0.4481005732500023,0.0,50,202,770103251/7500000,8.046705996000014,1.0058382495000018,0.0,13,254,1978935023/15000000,1.1246629390007001,0.14058286737508752,0.214125
14_2_1439_3_S_1-9_derivada.dat,29,8000,20,20,210,1529795557/15000000,3.5955214779999096,0.4494401847499887,0.0,50,203,243519267/2500000,7.923175893000007,0.9903969866250009,0.0,13,269,357732983/2500000,1.1412267329997121,0.14265334162496401,0.19975
14_2_1439_3_S_1-9_derivada.dat,47,8000,20,20,210,822722911/7500000,3.539429764000033,0.44242872050000415,0.0,50,205,141508147/1500000,7.973368536000066,0.9966710670000083,0.0,17,253,410029823/3000000,1.1330666869998822,0.14163333587498528,0.194625
14_2_1439_3_S_1-9_derivada.dat,11,2000,50,31,208,910336259/7500000,0.8775406979998479,0.43877034899992395,0.0,30,202,404638729/3000000,1.9953287510001019,0.9976643755000509,0.0,8,289,2585965751/15000000,0.2850489890006429,0.14252449450032145,0.1785
14_2_1439_3_S_1-9_derivada.dat,29,2000,50,33,210,94634683/750000,0.9139359649998369,0.45696798249991843,0.0,44,203,79462143/625000,2.0087716499999715,1.0043858249999857,0.0,14,276,551263573/3750000,0.2799533639990841,0.13997668199954205,0.209
14_2_1439_3_S_1-9_derivada.dat,47,2000,50,17,212,670222743/5000000,0.8821656449999864,0.4410828224999932,0.0,46,205,409868413/3000000,1.987842156000056,0.993921078000028,0.0,13,267,407382699/2500000,0.28117047200066736,0.14058523600033368,0.224
14_2_1439_3_S_1-9_derivada.dat,11,8000,50,48,208,506778977/5000000,3.5248805230000926,0.4406100653750116,0.0,50,202,770103251/7500000,8.046705996000014,1.0058382495000018,0.0,13,254,1978935023/15000000,1.1246629390007001,0.14058286737508752,0.214125
14_2_1439_3_S_1-9_derivada.dat,29,8000,50,44,208,112938577/1000000,3.5332397540000784,0.4416549692500098,0.0,50,203,243519267/2500000,7.923175893000007,0.9903969866250009,0.0,13,269,357732983/2500000,1.1412267329997121,0.14265334162496401,0.19975
14_2_1439_3_S_1-9_derivada.dat,47,8000,50,43,206,1632452317/15000000,3.5390244539999003,0.44237805674998754,0.0,50,205,141508147/1500000,7.973368536000066,0.9966710670000083,0.0,17,253,410029823/3000000,1.1330666869998822,0.14163333587498528,0.194625
14_2_1439_3_S_1-9_derivada.dat,11,2000,100,35,205,906010471/7500000,0.9125691009999173,0.45628455049995864,0.0,30,202,404638729/3000000,1.9953287510001019,0.9976643755000509,0.0,8,289,2585965751/15000000,0.2850489890006429,0.14252449450032145,0.1785
14_2_1439_3_S_1-9_derivada.dat,29,2000,100,30,206,129918909/1000000,0.8705945069998506,0.4352972534999253,0.0,44,203,79462143/625000,2.0087716499999715,1.0043858249999857,0.0,14,276,551263573/3750000,0.2799533639990841,0.13997668199954205,0.209
14_2_1439_3_S_1-9_derivada.dat,47,2000,100,38,213,196613521/1500000,0.9015487090000533,0.4507743545000267,0.0,46,205,409868413/3000000,1.987842156000056,0.993921078000028,0.0,13,267,407382699/2500000,0.28117047200066736,0.14058523600033368,0.224
14_2_1439_3_S_1-9_derivada.dat,11,8000,100,69,205,1616182189/15000000,3.614671299000065,0.45183391237500814,0.0,50,202,770103251/7500000,8.046705996000014,1.0058382495000018,0.0,13,254,1978935023/15000000,1.1246629390007001,0.14058286737508752,0.214125
14_2_1439_3_S_1-9_derivada.dat,29,8000,100,68,206,175113709/1500000,3.5993345539998245,0.44991681924997806,0.0,50,203,243519267/2500000,7.923175893000007,0.9903969866250009,0.0,13,269,357732983/2500000,1.1412267329997121,0.14265334162496401,0.19975
14_2_1439_3_S_1-9_derivada.dat,47,8000,100,45,210,1607950279/15000000,3.648530952999863,0.4560663691249829,0.0,50,205,141508147/1500000,7.973368536000066,0.9966710670000083,0.0,17,253,410029823/3000000,1.1330666869998822,0.14163333587498528,0.194625
50_10_1439_5_S_1-9.dat,11,2000,20,9,78,3064159017/10000000,2.3492677659999117,1.1746338829999559,0.0,9,67,4633580729/15000000,3.705921627000066,1.852960813500033,0.0,6,425,1784500537/1500000,1.436132215001635,0.7180661075008175,0.1185
50_10_1439_5_S_1-9.dat,29,2000,20,12,72,1569986647/5000000,2.3384825150001234,1.1692412575000617,0.0,13,68,17563199651/60000000,3.633749869999974,1.816874934999987,0.0,17,518,89188983997/60000000,1.4483277290000842,0.7241638645000421,0.1475
50_10_1439_5_S_1-9.dat,47,2000,20,7,69,595909579/1875000,2.333331348999991,1.1666656744999955,0.0,12,67,3494478077/12000000,3.6062771929999826,1.8031385964999913,0.0,5,333,4945457131/5000000,1.4839672100006283,0.7419836050003141,0.1065
50_10_1439_5_S_1-9.dat,11,8000,20,14,78,1378618951/6000000,8.896951466000019,1.1121189332500023,0.0,19,67,15354174673/60000000,13.701617380000016,1.712702172500002,0.0,11,410,5959434751/7500000,5.768728504999672,0.721091063124959,0.14325
50_10_1439_5_S_1-9.dat,29,8000,20,13,72,460454307/2000000,8.918397917999982,1.1147997397499978,0.0,19,68,14532016697/60000000,13.634045574000083,1.7042556967500104,0.0,3,464,5730716781/5000000,5.77434016999905,0.7217925212498812,0.15525
50_10_1439_5_S_1-9.dat,47,8000,20,17,69,1396244923/6000000,8.88415897599998,1.1105198719999976,0.0,16,67,14560973651/60000000,13.636654222999937,1.7045817778749919,0.0,7,281,11577568057/15000000,5.795708534000369,0.7244635667500461,0.138375
50_10_1439_5_S_1-9.dat,11,2000,50,6,73,19482187/60000,2.5564638859998468,1.2782319429999234,0.0,9,67,4633580729/15000000,3.705921627000066,1.852960813500033,0.0,6,425,1784500537/1500000,1.436132215001635,0.7180661075008175,0.1185
50_10_1439_5_S_1-9.dat,29,2000,50,4,71,326322597/1000000,2.5524668699999893,1.2762334349999946,0.0,13,68,17563199651/60000000,3.633749869999974,1.816874934999987,0.0,17,518,89188983997/60000000,1.4483277290000842,0.7241638645000421,0.1475
50_10_1439_5_S_1-9.dat,47,2000,50,7,73,765196387/2400000,2.545432670000082,1.272716335000041,0.0,12,67,3494478077/12000000,3.6062771929999826,1.8031385964999913,0.0,5,333,4945457131/5000000,1.4839672100006283,0.7419836050003141,0.1065
50_10_1439_5_S_1-9.dat,11,8000,50,17,73,618506979/2500000,9.132088402000136,1.141511050250017,0.0,19,67,15354174673/60000000,13.701617380000016,1.712702172500002,0.0,11,410,5959434751/7500000,5.768728504999672,0.721091063124959,0.14325
50_10_1439_5_S_1-9.dat,29,8000,50,18,71,7664666837/30000000,9.106343270000025,1.138292908750003,0.0,19,68,14532016697/60000000,13.634045574000083,1.7042556967500104,0.0,3,464,5730716781/5000000,5.77434016999905,0.7217925212498812,0.15525
50_10_1439_5_S_1-9.dat,47,8000,50,10,73,13491309581/60000000,9.108696376000125,1.1385870470000157,0.0,16,67,14560973651/60000000,13.636654222999937,1.7045817778749919,0.0,7,281,11577568057/15000000,5.795708534000369,0.7244635667500461,0.138375
50_10_1439_5_S_1-9.dat,11,2000,100,8,73,2939130831/10000000,2.8824596249999104,1.4412298124999552,0.0,9,67,4633580729/15000000,3.705921627000066,1.852960813500033,0.0,6,425,1784500537/1500000,1.436132215001635,0.7180661075008175,0.1185
50_10_1439_5_S_1-9.dat,29,2000,100,10,70,17979282349/60000000,2.898692618000041,1.4493463090000205,0.0,13,68,17563199651/60000000,3.633749869999974,1.816874934999987,0.0,17,518,89188983997/60000000,1.4483277290000842,0.7241638645000421,0.1475
50_10_1439_5_S_1-9.dat,47,2000,100,14,65,18269045581/60000000,2.8605703989999256,1.4302851994999628,0.0,12,67,3494478077/12000000,3.6062771929999826,1.8031385964999913,0.0,5,333,4945457131/5000000,1.4839672100006283,0.7419836050003141,0.1065
50_10_1439_5_S_1-9.dat,11,8000,100,15,70,4346981133/20000000,9.474393138999858,1.1842991423749822,0.0,19,67,15354174673/60000000,13.701617380000016,1.712702172500002,0.0,11,410,5959434751/7500000,5.768728504999672,0.721091063124959,0.14325
50_10_1439_5_S_1-9.dat,29,8000,100,13,70,2377940543/10000000,9.39643233300012,1.174554041625015,0.0,19,68,14532016697/60000000,13.634045574000083,1.7042556967500104,0.0,3,464,5730716781/5000000,5.77434016999905,0.7217925212498812,0.15525
50_10_1439_5_S_1-9.dat,47,8000,100,17,65,228346727/1000000,9.486805069999946,1.1858506337499932,0.0,16,67,14560973651/60000000,13.636654222999937,1.7045817778749919,0.0,7,281,11577568057/15000000,5.795708534000369,0.7244635667500461,0.138375
250_10_1439_5_S_1-9.dat,11,2000,20,11,378,24377381057/12000000,8.207283975999871,4.103641987999936,0.0,8,362,9335357183/5000000,10.889205574000016,5.444602787000008,0.0,3,1435,14820889273/1875000,4.413216371998715,2.2066081859993574,0.432
250_10_1439_5_S_1-9.dat,29,2000,20,5,377,4449799303/2000000,8.113582128999951,4.056791064499976,0.0,8,365,115312708267/60000000,10.600957284999822,5.300478642499911,0.0,9,1431,476308778407/60000000,5.004923457001496,2.502461728500748,0.257
250_10_1439_5_S_1-9.dat,47,2000,20,9,378,128133343157/60000000,8.176312948000032,4.088156474000016,0.0,20,366,22354978321/12000000,10.799290244999838,5.399645122499919,0.0,4,1428,449460720611/60000000,4.593745113001205,2.2968725565006025,0.393
250_10_1439_5_S_1-9.dat,11,8000,20,11,375,13969244591/7500000,30.227690014000018,3.7784612517500022,0.0,14,356,102450784699/60000000,37.21452337899996,4.651815422374995,0.0,3,1435,7851736021/1000000,16.229338650999125,2.0286673313748906,0.506
250_10_1439_5_S_1-9.dat,29,8000,20,8,376,124104452711/60000000,30.336896890000162,3.7921121112500207,0.0,14,365,35795427611/20000000,37.381883185000106,4.672735398125013,0.0,7,1431,469629133853/60000000,17.565394696999647,2.195674337124956,0.396875
250_10_1439_5_S_1-9.dat,47,8000,20,13,375,40241724317/20000000,30.51438938399997,3.814298672999996,0.0,22,362,104349418247/60000000,38.018238741000005,4.7522798426250015,0.0,5,1428,36916904767/5000000,16.20487723699989,2.0256096546249864,0.495375
250_10_1439_5_S_1-9.dat,11,2000,50,9,369,41222967989/20000000,9.262431165999942,4.631215582999971,0.0,8,362,9335357183/5000000,10.889205574000016,5.444602787000008,0.0,3,1435,14820889273/1875000,4.413216371998715,2.2066081859993574,0.432
250_10_1439_5_S_1-9.dat,29,2000,50,9,378,41817602429/20000000,9.18088759300008,4.59044379650004,0.0,8,365,115312708267/60000000,10.600957284999822,5.300478642499911,0.0,9,1431,476308778407/60000000,5.004923457001496,2.502461728500748,0.257
250_10_1439_5_S_1-9.dat,47,2000,50,8,376,126489801973/60000000,9.238609902000007,4.619304951000004,0.0,20,366,22354978321/12000000,10.799290244999838,5.399645122499919,0.0,4,1428,449460720611/60000000,4.593745113001205,2.2968725565006025,0.393
250_10_1439_5_S_1-9.dat,11,8000,50,8,369,35984212747/20000000,31.416032566000013,3.9270040707500016,0.0,14,356,102450784699/60000000,37.21452337899996,4.651815422374995,0.0,3,1435,7851736021/1000000,16.229338650999125,2.0286673313748906,0.506
250_10_1439_5_S_1-9.dat,29,8000,50,8,376,29483199023/15000000,31.338109090000216,3.917263636250027,0.0,14,365,35795427611/20000000,37.381883185000106,4.672735398125013,0.0,7,1431,469629133853/60000000,17.565394696999647,2.195674337124956,0.396875
250_10_1439_5_S_1-9.dat,47,8000,50,7,375,3870175993/2000000,31.563751207999985,3.9454689009999986,0.0,22,362,104349418247/60000000,38.018238741000005,4.7522798426250015,0.0,5,1428,36916904767/5000000,16.20487723699989,2.0256096546249864,0.495375
250_10_1439_5_S_1-9.dat,11,2000,100,5,381,5051116117/2400000,11.157142653999927,5.578571326999963,0.0,8,362,9335357183/5000000,10.889205574000016,5.444602787000008,0.0,3,1435,14820889273/1875000,4.413216371998715,2.2066081859993574,0.432
250_10_1439_5_S_1-9.dat,29,2000,100,5,374,121051221151/60000000,11.051798929000142,5.525899464500071,0.0,8,365,115312708267/60000000,10.600957284999822,5.300478642499911,0.0,9,1431,476308778407/60000000,5.004923457001496,2.502461728500748,0.257
250_10_1439_5_S_1-9.dat,47,2000,100,3,377,25163706013/12000000,11.08947759900002,5.54473879950001,0.0,20,366,22354978321/12000000,10.799290244999838,5.399645122499919,0.0,4,1428,449460720611/60000000,4.593745113001205,2.2968725565006025,0.393
250_10_1439_5_S_1-9.dat,11,8000,100,11,373,117815596291/60000000,33.156675834,4.144584479249999,0.0,14,356,102450784699/60000000,37.21452337899996,4.651815422374995,0.0,3,1435,7851736021/1000000,16.229338650999125,2.0286673313748906,0.506
250_10_1439_5_S_1-9.dat,29,8000,100,10,374,18113284931/10000000,32.98073777500008,4.12259222187501,0.0,14,365,35795427611/20000000,37.381883185000106,4.672735398125013,0.0,7,1431,469629133853/60000000,17.565394696999647,2.195674337124956,0.396875
250_10_1439_5_S_1-9.dat,47,8000,100,16,377,2499417709/1250000,32.848349994000046,4.106043749250006,0.0,22,362,104349418247/60000000,38.018238741000005,4.7522798426250015,0.0,5,1428,36916904767/5000000,16.20487723699989,2.0256096546249864,0.495375
