instance,budget,algorithm,front_median,cmax_min_median,tec_min_median,tec_min_exact_by_seed,seconds_median,ms_per_evaluation_median,rejection_rate_median
14_2_1439_3_S_1-9_derivada.dat,2000,moead,31,210,126.17957733333333,s11:910336259/7500000;s29:94634683/750000;s47:670222743/5000000,0.8821656449999864,0.4410828224999932,0.0
14_2_1439_3_S_1-9_derivada.dat,2000,spea2,44,203,134.87957633333335,s11:404638729/3000000;s29:79462143/625000;s47:409868413/3000000,1.9953287510001019,0.9976643755000509,0.0
14_2_1439_3_S_1-9_derivada.dat,2000,vns,13,276,162.9530796,s11:2585965751/15000000;s29:551263573/3750000;s47:407382699/2500000,0.28117047200066736,0.14058523600033368,0.209
14_2_1439_3_S_1-9_derivada.dat,8000,moead,44,208,108.83015446666667,s11:506778977/5000000;s29:112938577/1000000;s47:1632452317/15000000,3.5332397540000784,0.4416549692500098,0.0
14_2_1439_3_S_1-9_derivada.dat,8000,spea2,50,203,97.4077068,s11:770103251/7500000;s29:243519267/2500000;s47:141508147/1500000,7.973368536000066,0.9966710670000083,0.0
14_2_1439_3_S_1-9_derivada.dat,8000,vns,13,254,136.67660766666665,s11:1978935023/15000000;s29:357732983/2500000;s47:410029823/3000000,1.1330666869998822,0.14163333587498528,0.19975
250_10_1439_5_S_1-9.dat,2000,moead,9,376,2090.88012145,s11:41222967989/20000000;s29:41817602429/20000000;s47:126489801973/60000000,9.238609902000007,4.619304951000004,0.0
250_10_1439_5_S_1-9.dat,2000,spea2,8,365,1867.0714366,s11:9335357183/5000000;s29:115312708267/60000000;s47:22354978321/12000000,10.799290244999838,5.399645122499919,0.0
250_10_1439_5_S_1-9.dat,2000,vns,4,1431,7904.474278933333,s11:14820889273/1875000;s29:476308778407/60000000;s47:449460720611/60000000,4.593745113001205,2.2968725565006025,0.393
250_10_1439_5_S_1-9.dat,8000,moead,8,375,1935.0879965,s11:35984212747/20000000;s29:29483199023/15000000;s47:3870175993/2000000,31.416032566000013,3.9270040707500016,0.0
250_10_1439_5_S_1-9.dat,8000,spea2,14,362,1739.1569707833332,s11:102450784699/60000000;s29:35795427611/20000000;s47:104349418247/60000000,37.381883185000106,4.672735398125013,0.0
250_10_1439_5_S_1-9.dat,8000,vns,5,1431,7827.152230883334,s11:7851736021/1000000;s29:469629133853/60000000;s47:36916904767/5000000,16.229338650999125,2.0286673313748906,0.495375
50_10_1439_5_S_1-9.dat,2000,moead,6,73,324.7031166666667,s11:19482187/60000;s29:326322597/1000000;s47:765196387/2400000,2.5524668699999893,1.2762334349999946,0.0
50_10_1439_5_S_1-9.dat,2000,spea2,12,67,292.7199941833333,s11:4633580729/15000000;s29:17563199651/60000000;s47:3494478077/12000000,3.633749869999974,1.816874934999987,0.0
50_10_1439_5_S_1-9.dat,2000,vns,6,425,1189.6670246666667,s11:1784500537/1500000;s29:89188983997/60000000;s47:4945457131/5000000,1.4483277290000842,0.7241638645000421,0.1185
50_10_1439_5_S_1-9.dat,8000,moead,17,73,247.4027916,s11:618506979/2500000;s29:7664666837/30000000;s47:13491309581/60000000,9.108696376000125,1.1385870470000157,0.0
50_10_1439_5_S_1-9.dat,8000,spea2,19,67,242.68289418333333,s11:15354174673/60000000;s29:14532016697/60000000;s47:14560973651/60000000,13.636654222999937,1.7045817778749919,0.0
50_10_1439_5_S_1-9.dat,8000,vns,7,410,794.5913001333333,s11:5959434751/7500000;s29:5730716781/5000000;s47:11577568057/15000000,5.77434016999905,0.7217925212498812,0.14325
6_2_1439_3_S_1-9.dat,2000,moead,22,94,134.099428,s11:33524857/250000;s29:33524857/250000;s47:33524857/250000,0.7305624780000244,0.3652812390000122,0.0
6_2_1439_3_S_1-9.dat,2000,spea2,29,94,134.099428,s11:10540073/78125;s29:33524857/250000;s47:33524857/250000,1.9812192639999466,0.9906096319999733,0.0
6_2_1439_3_S_1-9.dat,2000,vns,10,119,146.5054006,s11:1676904631/10000000;s29:732527003/5000000;s47:33524857/250000,0.19334283399984997,0.09667141699992499,0.2105
6_2_1439_3_S_1-9.dat,8000,moead,28,94,134.099428,s11:33524857/250000;s29:33524857/250000;s47:33524857/250000,2.9573622059999707,0.36967027574999634,0.0
6_2_1439_3_S_1-9.dat,8000,spea2,39,94,134.099428,s11:33524857/250000;s29:33524857/250000;s47:33524857/250000,7.668797413999982,0.9585996767499978,0.0
6_2_1439_3_S_1-9.dat,8000,vns,14,115,134.099428,s11:33524857/250000;s29:732527003/5000000;s47:33524857/250000,0.7833202350011561,0.09791502937514451,0.21275
