instance,instance_sha256,n,m,configuration,seed,population_size,reference_directions,n_neighbors,prob_neighbor_mating,crossover_probability,mutation_probability,sampling,crossover,mutation,decomposition,objective_scaling,max_evaluations,attempts,feasible_evaluations,rejected_evaluations,rejection_rate,fallbacks,fallback_rate,pymoo_evaluations,post_search_validations,elapsed_seconds,milliseconds_per_evaluation,front_size,cmax_min,tec_min_exact,population_distinct_schedules,population_allocations,population_orders,population_modes,population_waits,front_distinct_schedules,front_allocations,front_orders,front_modes,front_waits,cmax_h_min,cmax_h_max,tec_normalized_min,tec_normalized_max,cmax_bins_5,tec_bins_5,min_cmax_endpoint,min_tec_endpoint,independent_front_revalidations,independent_population_revalidations,validation_status,result_file,baseline_points,baseline_equal,approx_points_dominated_by_baseline,approx_points_dominating_baseline
6_2_1439_3_S_1-9.dat,c27aafe109609de23235d989af5593c4ebdf9faaa365649ab21ec4a8c3f07cc4,6,2,pop20_b2000,11,20,20,20,0.9,0.9,0.3,randomized_lpt,ScheduleCrossover,ScheduleMutation,Tchebycheff,Cmax/H; TEC/max_cost,2000,2000,2000,0,0.0,0,0.0,2000,20,0.7318090329999904,0.3659045164999952,17,96,33524857/250000,18,4,9,12,1,17,4,8,12,1,0.06666666666666667,0.15625,0.20662469645608628,0.3729466340523883,"[5, 6, 2, 0, 4]","[9, 4, 2, 1, 1]",1,1,17,20,viable_unique_exact_nondominated,runs/6_2_1439_3_S_1-9__pop20_b2000__s11.json,43,8,9,0
6_2_1439_3_S_1-9.dat,c27aafe109609de23235d989af5593c4ebdf9faaa365649ab21ec4a8c3f07cc4,6,2,pop20_b2000,29,20,20,20,0.9,0.9,0.3,randomized_lpt,ScheduleCrossover,ScheduleMutation,Tchebycheff,Cmax/H; TEC/max_cost,2000,2000,2000,0,0.0,0,0.0,2000,20,0.7080963859999656,0.3540481929999828,15,94,33524857/250000,16,5,12,10,1,15,5,11,10,1,0.06527777777777778,0.15763888888888888,0.20662469645608628,0.38454875500770413,"[5, 5, 2, 0, 3]","[8, 3, 2, 1, 1]",1,1,15,20,viable_unique_exact_nondominated,runs/6_2_1439_3_S_1-9__pop20_b2000__s29.json,43,4,11,0
6_2_1439_3_S_1-9.dat,c27aafe109609de23235d989af5593c4ebdf9faaa365649ab21ec4a8c3f07cc4,6,2,pop20_b2000,47,20,20,20,0.9,0.9,0.3,randomized_lpt,ScheduleCrossover,ScheduleMutation,Tchebycheff,Cmax/H; TEC/max_cost,2000,2000,2000,0,0.0,0,0.0,2000,20,0.7560103819999995,0.37800519099999974,18,94,33524857/250000,19,4,7,14,2,18,4,7,14,2,0.06527777777777778,0.15763888888888888,0.20662469645608628,0.38454875500770413,"[6, 6, 3, 0, 3]","[10, 4, 2, 1, 1]",1,1,18,20,viable_unique_exact_nondominated,runs/6_2_1439_3_S_1-9__pop20_b2000__s47.json,43,6,12,0
6_2_1439_3_S_1-9.dat,c27aafe109609de23235d989af5593c4ebdf9faaa365649ab21ec4a8c3f07cc4,6,2,pop20_b8000,11,20,20,20,0.9,0.9,0.3,randomized_lpt,ScheduleCrossover,ScheduleMutation,Tchebycheff,Cmax/H; TEC/max_cost,8000,8000,8000,0,0.0,0,0.0,8000,20,2.8713009029999625,0.3589126128749953,16,94,33524857/250000,18,4,7,11,1,16,4,6,11,1,0.06527777777777778,0.15625,0.20662469645608628,0.3776471718027735,"[5, 5, 2, 0, 4]","[9, 3, 2, 1, 1]",1,1,16,20,viable_unique_exact_nondominated,runs/6_2_1439_3_S_1-9__pop20_b8000__s11.json,43,7,9,0
6_2_1439_3_S_1-9.dat,c27aafe109609de23235d989af5593c4ebdf9faaa365649ab21ec4a8c3f07cc4,6,2,pop20_b8000,29,20,20,20,0.9,0.9,0.3,randomized_lpt,ScheduleCrossover,ScheduleMutation,Tchebycheff,Cmax/H; TEC/max_cost,8000,8000,8000,0,0.0,0,0.0,8000,20,2.9605988289999914,0.3700748536249989,17,94,33524857/250000,19,5,13,13,1,17,5,11,12,1,0.06527777777777778,0.15763888888888888,0.20662469645608628,0.38454875500770413,"[5, 6, 2, 0, 4]","[10, 3, 2, 1, 1]",1,1,17,20,viable_unique_exact_nondominated,runs/6_2_1439_3_S_1-9__pop20_b8000__s29.json,43,7,10,0
6_2_1439_3_S_1-9.dat,c27aafe109609de23235d989af5593c4ebdf9faaa365649ab21ec4a8c3f07cc4,6,2,pop20_b8000,47,20,20,20,0.9,0.9,0.3,randomized_lpt,ScheduleCrossover,ScheduleMutation,Tchebycheff,Cmax/H; TEC/max_cost,8000,8000,8000,0,0.0,0,0.0,8000,20,2.9347230000000195,0.36684037500000244,19,94,33524857/250000,19,4,8,13,3,19,4,8,13,3,0.06527777777777778,0.15763888888888888,0.20662469645608628,0.38454875500770413,"[6, 6, 3, 0, 4]","[11, 4, 2, 1, 1]",1,1,19,20,viable_unique_exact_nondominated,runs/6_2_1439_3_S_1-9__pop20_b8000__s47.json,43,7,12,0
6_2_1439_3_S_1-9.dat,c27aafe109609de23235d989af5593c4ebdf9faaa365649ab21ec4a8c3f07cc4,6,2,pop50_b2000,11,50,50,20,0.9,0.9,0.3,randomized_lpt,ScheduleCrossover,ScheduleMutation,Tchebycheff,Cmax/H; TEC/max_cost,2000,2000,2000,0,0.0,0,0.0,2000,50,0.7305624780000244,0.3652812390000122,22,94,33524857/250000,26,5,12,17,1,22,5,10,16,1,0.06527777777777778,0.15555555555555556,0.20662469645608628,0.39321614869029275,"[8, 7, 3, 0, 4]","[9, 5, 4, 2, 2]",1,1,22,50,viable_unique_exact_nondominated,runs/6_2_1439_3_S_1-9__pop50_b2000__s11.json,43,9,13,0
6_2_1439_3_S_1-9.dat,c27aafe109609de23235d989af5593c4ebdf9faaa365649ab21ec4a8c3f07cc4,6,2,pop50_b2000,29,50,50,20,0.9,0.9,0.3,randomized_lpt,ScheduleCrossover,ScheduleMutation,Tchebycheff,Cmax/H; TEC/max_cost,2000,2000,2000,0,0.0,0,0.0,2000,50,0.739338036999925,0.3696690184999625,22,96,33524857/250000,29,5,18,19,1,22,5,15,16,1,0.06666666666666667,0.15486111111111112,0.20662469645608628,0.38929903389830506,"[10, 6, 2, 0, 4]","[8, 5, 5, 2, 2]",1,1,22,50,viable_unique_exact_nondominated,runs/6_2_1439_3_S_1-9__pop50_b2000__s29.json,43,3,19,0
6_2_1439_3_S_1-9.dat,c27aafe109609de23235d989af5593c4ebdf9faaa365649ab21ec4a8c3f07cc4,6,2,pop50_b2000,47,50,50,20,0.9,0.9,0.3,randomized_lpt,ScheduleCrossover,ScheduleMutation,Tchebycheff,Cmax/H; TEC/max_cost,2000,2000,2000,0,0.0,0,0.0,2000,50,0.7281771670000126,0.3640885835000063,20,94,33524857/250000,24,4,10,14,1,20,4,8,14,1,0.06527777777777778,0.1527777777777778,0.20662469645608628,0.3808637655367232,"[6, 8, 3, 0, 3]","[10, 4, 0, 3, 3]",1,1,20,50,viable_unique_exact_nondominated,runs/6_2_1439_3_S_1-9__pop50_b2000__s47.json,43,13,7,0
6_2_1439_3_S_1-9.dat,c27aafe109609de23235d989af5593c4ebdf9faaa365649ab21ec4a8c3f07cc4,6,2,pop50_b8000,11,50,50,20,0.9,0.9,0.3,randomized_lpt,ScheduleCrossover,ScheduleMutation,Tchebycheff,Cmax/H; TEC/max_cost,8000,8000,8000,0,0.0,0,0.0,8000,50,2.9407529919999433,0.3675941239999929,29,94,33524857/250000,32,5,12,20,1,29,5,10,19,1,0.06527777777777778,0.15555555555555556,0.20662469645608628,0.39321614869029275,"[11, 9, 3, 0, 6]","[15, 4, 7, 1, 2]",1,1,29,50,viable_unique_exact_nondominated,runs/6_2_1439_3_S_1-9__pop50_b8000__s11.json,43,20,9,0
6_2_1439_3_S_1-9.dat,c27aafe109609de23235d989af5593c4ebdf9faaa365649ab21ec4a8c3f07cc4,6,2,pop50_b8000,29,50,50,20,0.9,0.9,0.3,randomized_lpt,ScheduleCrossover,ScheduleMutation,Tchebycheff,Cmax/H; TEC/max_cost,8000,8000,8000,0,0.0,0,0.0,8000,50,2.960084598999856,0.370010574874982,24,96,33524857/250000,28,5,16,19,1,24,5,15,18,1,0.06666666666666667,0.15486111111111112,0.20662469645608628,0.38929903389830506,"[10, 8, 2, 0, 4]","[11, 5, 4, 3, 1]",1,1,24,50,viable_unique_exact_nondominated,runs/6_2_1439_3_S_1-9__pop50_b8000__s29.json,43,13,11,0
6_2_1439_3_S_1-9.dat,c27aafe109609de23235d989af5593c4ebdf9faaa365649ab21ec4a8c3f07cc4,6,2,pop50_b8000,47,50,50,20,0.9,0.9,0.3,randomized_lpt,ScheduleCrossover,ScheduleMutation,Tchebycheff,Cmax/H; TEC/max_cost,8000,8000,8000,0,0.0,0,0.0,8000,50,2.9573622059999707,0.36967027574999634,28,94,33524857/250000,31,5,14,20,1,28,5,12,19,1,0.06527777777777778,0.1527777777777778,0.20662469645608628,0.3808637655367232,"[10, 9, 3, 0, 6]","[14, 5, 4, 3, 2]",1,1,28,50,viable_unique_exact_nondominated,runs/6_2_1439_3_S_1-9__pop50_b8000__s47.json,43,17,11,0
6_2_1439_3_S_1-9.dat,c27aafe109609de23235d989af5593c4ebdf9faaa365649ab21ec4a8c3f07cc4,6,2,pop100_b2000,11,100,100,20,0.9,0.9,0.3,randomized_lpt,ScheduleCrossover,ScheduleMutation,Tchebycheff,Cmax/H; TEC/max_cost,2000,2000,2000,0,0.0,0,0.0,2000,100,0.7329796219999025,0.36648981099995126,16,95,10540073/78125,26,3,14,15,2,16,3,9,13,1,0.06597222222222222,0.15347222222222223,0.20787817318952234,0.3776471718027735,"[6, 6, 0, 0, 4]","[7, 4, 1, 3, 1]",1,1,16,100,viable_unique_exact_nondominated,runs/6_2_1439_3_S_1-9__pop100_b2000__s11.json,43,5,11,0
6_2_1439_3_S_1-9.dat,c27aafe109609de23235d989af5593c4ebdf9faaa365649ab21ec4a8c3f07cc4,6,2,pop100_b2000,29,100,100,20,0.9,0.9,0.3,randomized_lpt,ScheduleCrossover,ScheduleMutation,Tchebycheff,Cmax/H; TEC/max_cost,2000,2000,2000,0,0.0,0,0.0,2000,100,0.7456982399999106,0.3728491199999553,26,95,33524857/250000,37,4,10,27,2,26,4,7,20,2,0.06597222222222222,0.15486111111111112,0.20662469645608628,0.38846586979969183,"[11, 5, 5, 0, 5]","[12, 4, 5, 1, 4]",1,1,26,100,viable_unique_exact_nondominated,runs/6_2_1439_3_S_1-9__pop100_b2000__s29.json,43,4,22,0
6_2_1439_3_S_1-9.dat,c27aafe109609de23235d989af5593c4ebdf9faaa365649ab21ec4a8c3f07cc4,6,2,pop100_b2000,47,100,100,20,0.9,0.9,0.3,randomized_lpt,ScheduleCrossover,ScheduleMutation,Tchebycheff,Cmax/H; TEC/max_cost,2000,2000,2000,0,0.0,0,0.0,2000,100,0.7183467360000577,0.35917336800002886,16,94,689817917/5000000,24,5,12,17,2,16,5,8,13,2,0.06527777777777778,0.15069444444444444,0.21257871093990754,0.3776471718027735,"[5, 8, 0, 0, 3]","[6, 3, 3, 2, 2]",1,1,16,100,viable_unique_exact_nondominated,runs/6_2_1439_3_S_1-9__pop100_b2000__s47.json,43,3,13,0
6_2_1439_3_S_1-9.dat,c27aafe109609de23235d989af5593c4ebdf9faaa365649ab21ec4a8c3f07cc4,6,2,pop100_b8000,11,100,100,20,0.9,0.9,0.3,randomized_lpt,ScheduleCrossover,ScheduleMutation,Tchebycheff,Cmax/H; TEC/max_cost,8000,8000,8000,0,0.0,0,0.0,8000,100,2.948779760999969,0.3685974701249961,32,94,33524857/250000,42,4,13,29,1,32,4,9,25,1,0.06527777777777778,0.1527777777777778,0.20662469645608628,0.38454875500770413,"[15, 10, 3, 0, 4]","[12, 6, 6, 6, 2]",1,1,32,100,viable_unique_exact_nondominated,runs/6_2_1439_3_S_1-9__pop100_b8000__s11.json,43,21,11,0
6_2_1439_3_S_1-9.dat,c27aafe109609de23235d989af5593c4ebdf9faaa365649ab21ec4a8c3f07cc4,6,2,pop100_b8000,29,100,100,20,0.9,0.9,0.3,randomized_lpt,ScheduleCrossover,ScheduleMutation,Tchebycheff,Cmax/H; TEC/max_cost,8000,8000,8000,0,0.0,0,0.0,8000,100,2.9254504800001087,0.3656813100000136,32,94,33524857/250000,42,5,10,28,2,32,5,8,22,2,0.06527777777777778,0.1527777777777778,0.20662469645608628,0.3776471718027735,"[12, 10, 4, 0, 6]","[14, 7, 5, 3, 3]",1,1,32,100,viable_unique_exact_nondominated,runs/6_2_1439_3_S_1-9__pop100_b8000__s29.json,43,23,9,0
6_2_1439_3_S_1-9.dat,c27aafe109609de23235d989af5593c4ebdf9faaa365649ab21ec4a8c3f07cc4,6,2,pop100_b8000,47,100,100,20,0.9,0.9,0.3,randomized_lpt,ScheduleCrossover,ScheduleMutation,Tchebycheff,Cmax/H; TEC/max_cost,8000,8000,8000,0,0.0,0,0.0,8000,100,2.964980206000064,0.370622525750008,35,94,33524857/250000,41,5,13,28,1,35,4,8,25,1,0.06527777777777778,0.15347222222222223,0.20662469645608628,0.3776471718027735,"[14, 11, 4, 0, 6]","[14, 6, 6, 6, 3]",1,1,35,100,viable_unique_exact_nondominated,runs/6_2_1439_3_S_1-9__pop100_b8000__s47.json,43,18,17,0
6_2_1439_3_S_1-9.dat,c27aafe109609de23235d989af5593c4ebdf9faaa365649ab21ec4a8c3f07cc4,6,2,neighbors05,11,50,50,5,0.9,0.9,0.3,randomized_lpt,ScheduleCrossover,ScheduleMutation,Tchebycheff,Cmax/H; TEC/max_cost,2000,2000,2000,0,0.0,0,0.0,2000,50,0.72158079299993,0.360790396499965,13,96,10540073/78125,15,4,10,11,2,13,4,9,11,1,0.06666666666666667,0.15347222222222223,0.20787817318952234,0.3808637655367232,"[7, 3, 0, 0, 3]","[3, 4, 1, 2, 3]",1,1,13,50,viable_unique_exact_nondominated,runs/6_2_1439_3_S_1-9__neighbors05__s11.json,43,0,13,0
6_2_1439_3_S_1-9.dat,c27aafe109609de23235d989af5593c4ebdf9faaa365649ab21ec4a8c3f07cc4,6,2,neighbors05,29,50,50,5,0.9,0.9,0.3,randomized_lpt,ScheduleCrossover,ScheduleMutation,Tchebycheff,Cmax/H; TEC/max_cost,2000,2000,2000,0,0.0,0,0.0,2000,50,0.7292467560000659,0.36462337800003297,11,96,351728531/2500000,20,3,12,15,1,11,3,8,10,1,0.06666666666666667,0.14166666666666666,0.2167818372881356,0.38929903389830506,"[5, 5, 0, 0, 1]","[4, 2, 0, 3, 2]",1,1,11,50,viable_unique_exact_nondominated,runs/6_2_1439_3_S_1-9__neighbors05__s29.json,43,0,11,0
6_2_1439_3_S_1-9.dat,c27aafe109609de23235d989af5593c4ebdf9faaa365649ab21ec4a8c3f07cc4,6,2,neighbors05,47,50,50,5,0.9,0.9,0.3,randomized_lpt,ScheduleCrossover,ScheduleMutation,Tchebycheff,Cmax/H; TEC/max_cost,2000,2000,2000,0,0.0,0,0.0,2000,50,0.7152126870000757,0.35760634350003784,16,94,10540073/78125,24,4,10,15,3,16,4,6,13,1,0.06527777777777778,0.15138888888888888,0.20787817318952234,0.38454875500770413,"[7, 6, 1, 0, 2]","[6, 3, 2, 4, 1]",1,1,16,50,viable_unique_exact_nondominated,runs/6_2_1439_3_S_1-9__neighbors05__s47.json,43,7,9,0
6_2_1439_3_S_1-9.dat,c27aafe109609de23235d989af5593c4ebdf9faaa365649ab21ec4a8c3f07cc4,6,2,neighbors40,11,50,50,40,0.9,0.9,0.3,randomized_lpt,ScheduleCrossover,ScheduleMutation,Tchebycheff,Cmax/H; TEC/max_cost,2000,2000,2000,0,0.0,0,0.0,2000,50,0.7484824040000149,0.37424120200000743,18,94,33524857/250000,25,4,10,17,1,18,4,7,15,1,0.06527777777777778,0.15833333333333333,0.20662469645608628,0.38454875500770413,"[8, 5, 2, 1, 2]","[7, 5, 3, 1, 2]",1,1,18,50,viable_unique_exact_nondominated,runs/6_2_1439_3_S_1-9__neighbors40__s11.json,43,8,10,0
6_2_1439_3_S_1-9.dat,c27aafe109609de23235d989af5593c4ebdf9faaa365649ab21ec4a8c3f07cc4,6,2,neighbors40,29,50,50,40,0.9,0.9,0.3,randomized_lpt,ScheduleCrossover,ScheduleMutation,Tchebycheff,Cmax/H; TEC/max_cost,2000,2000,2000,0,0.0,0,0.0,2000,50,0.7693386819998977,0.38466934099994887,23,94,33524857/250000,28,5,9,18,2,23,5,9,16,2,0.06527777777777778,0.15694444444444444,0.20662469645608628,0.38929903389830506,"[9, 7, 3, 0, 4]","[11, 3, 4, 3, 2]",1,1,23,50,viable_unique_exact_nondominated,runs/6_2_1439_3_S_1-9__neighbors40__s29.json,43,9,14,0
6_2_1439_3_S_1-9.dat,c27aafe109609de23235d989af5593c4ebdf9faaa365649ab21ec4a8c3f07cc4,6,2,neighbors40,47,50,50,40,0.9,0.9,0.3,randomized_lpt,ScheduleCrossover,ScheduleMutation,Tchebycheff,Cmax/H; TEC/max_cost,2000,2000,2000,0,0.0,0,0.0,2000,50,0.7394963819999703,0.3697481909999851,27,96,33524857/250000,29,5,10,21,3,27,5,9,21,3,0.06666666666666667,0.1527777777777778,0.20662469645608628,0.38929903389830506,"[11, 10, 2, 0, 4]","[11, 7, 4, 4, 1]",1,1,27,50,viable_unique_exact_nondominated,runs/6_2_1439_3_S_1-9__neighbors40__s47.json,43,14,13,0
6_2_1439_3_S_1-9.dat,c27aafe109609de23235d989af5593c4ebdf9faaa365649ab21ec4a8c3f07cc4,6,2,mating_global,11,50,50,20,0.0,0.9,0.3,randomized_lpt,ScheduleCrossover,ScheduleMutation,Tchebycheff,Cmax/H; TEC/max_cost,2000,2000,2000,0,0.0,0,0.0,2000,50,0.7267376639999839,0.3633688319999919,18,97,1026777433/7500000,24,5,15,16,1,18,5,10,13,1,0.06736111111111111,0.15208333333333332,0.21094554350282485,0.3893819357986646,"[9, 4, 2, 0, 3]","[8, 3, 4, 1, 2]",1,1,18,50,viable_unique_exact_nondominated,runs/6_2_1439_3_S_1-9__mating_global__s11.json,43,1,17,0
6_2_1439_3_S_1-9.dat,c27aafe109609de23235d989af5593c4ebdf9faaa365649ab21ec4a8c3f07cc4,6,2,mating_global,29,50,50,20,0.0,0.9,0.3,randomized_lpt,ScheduleCrossover,ScheduleMutation,Tchebycheff,Cmax/H; TEC/max_cost,2000,2000,2000,0,0.0,0,0.0,2000,50,0.7250973600000634,0.3625486800000317,14,96,10540073/78125,19,4,14,13,2,14,4,10,12,2,0.06666666666666667,0.15416666666666667,0.20787817318952234,0.38239745069337444,"[6, 5, 0, 0, 3]","[6, 4, 0, 2, 2]",1,1,14,50,viable_unique_exact_nondominated,runs/6_2_1439_3_S_1-9__mating_global__s29.json,43,1,13,0
6_2_1439_3_S_1-9.dat,c27aafe109609de23235d989af5593c4ebdf9faaa365649ab21ec4a8c3f07cc4,6,2,mating_global,47,50,50,20,0.0,0.9,0.3,randomized_lpt,ScheduleCrossover,ScheduleMutation,Tchebycheff,Cmax/H; TEC/max_cost,2000,2000,2000,0,0.0,0,0.0,2000,50,0.7293433120000827,0.36467165600004137,13,96,137150077/1000000,21,4,10,13,4,13,4,5,11,2,0.06666666666666667,0.15416666666666667,0.2113252342064715,0.3811439739599384,"[7, 3, 0, 0, 3]","[5, 2, 3, 2, 1]",1,1,13,50,viable_unique_exact_nondominated,runs/6_2_1439_3_S_1-9__mating_global__s47.json,43,1,12,0
14_2_1439_3_S_1-9_derivada.dat,70ff0f54e92fbb4ee92af0eee49be2de8443a1580da898c97da2959e5253c8bb,14,2,pop20_b2000,11,20,20,20,0.9,0.9,0.3,randomized_lpt,ScheduleCrossover,ScheduleMutation,Tchebycheff,Cmax/H; TEC/max_cost,2000,2000,2000,0,0.0,0,0.0,2000,20,0.9030346090000876,0.4515173045000438,18,212,128111117/937500,19,9,16,13,2,18,9,15,13,2,0.14722222222222223,0.2652777777777778,0.1178033259770115,0.2382745551724138,"[8, 5, 1, 2, 2]","[6, 8, 2, 1, 1]",1,1,18,20,viable_unique_exact_nondominated,runs/14_2_1439_3_S_1-9_derivada__pop20_b2000__s11.json,,,,
14_2_1439_3_S_1-9_derivada.dat,70ff0f54e92fbb4ee92af0eee49be2de8443a1580da898c97da2959e5253c8bb,14,2,pop20_b2000,29,20,20,20,0.9,0.9,0.3,randomized_lpt,ScheduleCrossover,ScheduleMutation,Tchebycheff,Cmax/H; TEC/max_cost,2000,2000,2000,0,0.0,0,0.0,2000,20,0.889021615000047,0.4445108075000235,18,210,143186811/1250000,20,7,20,16,2,18,7,18,16,2,0.14583333333333334,0.33819444444444446,0.09874952482758621,0.23386824770114942,"[9, 5, 2, 1, 1]","[5, 8, 2, 2, 1]",1,1,18,20,viable_unique_exact_nondominated,runs/14_2_1439_3_S_1-9_derivada__pop20_b2000__s29.json,,,,
14_2_1439_3_S_1-9_derivada.dat,70ff0f54e92fbb4ee92af0eee49be2de8443a1580da898c97da2959e5253c8bb,14,2,pop20_b2000,47,20,20,20,0.9,0.9,0.3,randomized_lpt,ScheduleCrossover,ScheduleMutation,Tchebycheff,Cmax/H; TEC/max_cost,2000,2000,2000,0,0.0,0,0.0,2000,20,0.8950703789998897,0.44753518949994486,19,210,1949493839/15000000,19,11,19,17,2,19,11,19,17,2,0.14583333333333334,0.30694444444444446,0.1120398758045977,0.2283742780172414,"[10, 5, 2, 1, 1]","[6, 8, 1, 2, 2]",1,1,19,20,viable_unique_exact_nondominated,runs/14_2_1439_3_S_1-9_derivada__pop20_b2000__s47.json,,,,
14_2_1439_3_S_1-9_derivada.dat,70ff0f54e92fbb4ee92af0eee49be2de8443a1580da898c97da2959e5253c8bb,14,2,pop20_b8000,11,20,20,20,0.9,0.9,0.3,randomized_lpt,ScheduleCrossover,ScheduleMutation,Tchebycheff,Cmax/H; TEC/max_cost,8000,8000,8000,0,0.0,0,0.0,8000,20,3.5848045860000184,0.4481005732500023,20,206,1601074213/15000000,20,7,15,17,1,20,7,15,17,1,0.14305555555555555,0.3958333333333333,0.09201575936781609,0.23355609560344828,"[11, 5, 3, 0, 1]","[5, 10, 3, 0, 2]",1,1,20,20,viable_unique_exact_nondominated,runs/14_2_1439_3_S_1-9_derivada__pop20_b8000__s11.json,,,,
14_2_1439_3_S_1-9_derivada.dat,70ff0f54e92fbb4ee92af0eee49be2de8443a1580da898c97da2959e5253c8bb,14,2,pop20_b8000,29,20,20,20,0.9,0.9,0.3,randomized_lpt,ScheduleCrossover,ScheduleMutation,Tchebycheff,Cmax/H; TEC/max_cost,8000,8000,8000,0,0.0,0,0.0,8000,20,3.5955214779999096,0.4494401847499887,20,210,1529795557/15000000,20,6,13,18,1,20,6,13,18,1,0.14583333333333334,0.4076388888888889,0.08791928488505747,0.23386824770114942,"[11, 5, 3, 0, 1]","[5, 10, 3, 1, 1]",1,1,20,20,viable_unique_exact_nondominated,runs/14_2_1439_3_S_1-9_derivada__pop20_b8000__s29.json,,,,
14_2_1439_3_S_1-9_derivada.dat,70ff0f54e92fbb4ee92af0eee49be2de8443a1580da898c97da2959e5253c8bb,14,2,pop20_b8000,47,20,20,20,0.9,0.9,0.3,randomized_lpt,ScheduleCrossover,ScheduleMutation,Tchebycheff,Cmax/H; TEC/max_cost,8000,8000,8000,0,0.0,0,0.0,8000,20,3.539429764000033,0.44242872050000415,20,210,822722911/7500000,20,9,17,19,2,20,9,17,19,2,0.14583333333333334,0.3527777777777778,0.09456585183908046,0.2283742780172414,"[10, 5, 2, 2, 1]","[5, 8, 4, 2, 1]",1,1,20,20,viable_unique_exact_nondominated,runs/14_2_1439_3_S_1-9_derivada__pop20_b8000__s47.json,,,,
14_2_1439_3_S_1-9_derivada.dat,70ff0f54e92fbb4ee92af0eee49be2de8443a1580da898c97da2959e5253c8bb,14,2,pop50_b2000,11,50,50,20,0.9,0.9,0.3,randomized_lpt,ScheduleCrossover,ScheduleMutation,Tchebycheff,Cmax/H; TEC/max_cost,2000,2000,2000,0,0.0,0,0.0,2000,50,0.8775406979998479,0.43877034899992395,31,208,910336259/7500000,33,7,15,31,4,31,7,15,30,4,0.14444444444444443,0.32430555555555557,0.1046363516091954,0.23557511206896553,"[12, 12, 2, 4, 1]","[13, 12, 2, 1, 3]",1,1,31,50,viable_unique_exact_nondominated,runs/14_2_1439_3_S_1-9_derivada__pop50_b2000__s11.json,,,,
14_2_1439_3_S_1-9_derivada.dat,70ff0f54e92fbb4ee92af0eee49be2de8443a1580da898c97da2959e5253c8bb,14,2,pop50_b2000,29,50,50,20,0.9,0.9,0.3,randomized_lpt,ScheduleCrossover,ScheduleMutation,Tchebycheff,Cmax/H; TEC/max_cost,2000,2000,2000,0,0.0,0,0.0,2000,50,0.9139359649998369,0.45696798249991843,33,210,94634683/750000,37,9,30,30,6,33,9,27,29,5,0.14583333333333334,0.3159722222222222,0.10877549770114943,0.22778058606321838,"[13, 8, 9, 1, 2]","[12, 13, 5, 2, 1]",1,1,33,50,viable_unique_exact_nondominated,runs/14_2_1439_3_S_1-9_derivada__pop50_b2000__s29.json,,,,
14_2_1439_3_S_1-9_derivada.dat,70ff0f54e92fbb4ee92af0eee49be2de8443a1580da898c97da2959e5253c8bb,14,2,pop50_b2000,47,50,50,20,0.9,0.9,0.3,randomized_lpt,ScheduleCrossover,ScheduleMutation,Tchebycheff,Cmax/H; TEC/max_cost,2000,2000,2000,0,0.0,0,0.0,2000,50,0.8821656449999864,0.4410828224999932,17,212,670222743/5000000,24,10,18,16,1,17,9,13,16,1,0.14722222222222223,0.2548611111111111,0.11555564534482758,0.23600182816091955,"[8, 4, 1, 2, 2]","[5, 5, 3, 3, 1]",1,1,17,50,viable_unique_exact_nondominated,runs/14_2_1439_3_S_1-9_derivada__pop50_b2000__s47.json,,,,
14_2_1439_3_S_1-9_derivada.dat,70ff0f54e92fbb4ee92af0eee49be2de8443a1580da898c97da2959e5253c8bb,14,2,pop50_b8000,11,50,50,20,0.9,0.9,0.3,randomized_lpt,ScheduleCrossover,ScheduleMutation,Tchebycheff,Cmax/H; TEC/max_cost,8000,8000,8000,0,0.0,0,0.0,8000,50,3.5248805230000926,0.4406100653750116,48,208,506778977/5000000,49,8,29,43,4,48,8,28,43,4,0.14444444444444443,0.36944444444444446,0.08737568568965517,0.23557511206896553,"[24, 12, 6, 4, 2]","[13, 23, 6, 3, 3]",1,1,48,50,viable_unique_exact_nondominated,runs/14_2_1439_3_S_1-9_derivada__pop50_b8000__s11.json,,,,
14_2_1439_3_S_1-9_derivada.dat,70ff0f54e92fbb4ee92af0eee49be2de8443a1580da898c97da2959e5253c8bb,14,2,pop50_b8000,29,50,50,20,0.9,0.9,0.3,randomized_lpt,ScheduleCrossover,ScheduleMutation,Tchebycheff,Cmax/H; TEC/max_cost,8000,8000,8000,0,0.0,0,0.0,8000,50,3.5332397540000784,0.4416549692500098,44,208,112938577/1000000,49,8,23,37,5,44,8,22,35,4,0.14444444444444443,0.33611111111111114,0.09736084224137931,0.2324234426724138,"[19, 14, 6, 3, 2]","[15, 20, 3, 3, 3]",1,1,44,50,viable_unique_exact_nondominated,runs/14_2_1439_3_S_1-9_derivada__pop50_b8000__s29.json,,,,
14_2_1439_3_S_1-9_derivada.dat,70ff0f54e92fbb4ee92af0eee49be2de8443a1580da898c97da2959e5253c8bb,14,2,pop50_b8000,47,50,50,20,0.9,0.9,0.3,randomized_lpt,ScheduleCrossover,ScheduleMutation,Tchebycheff,Cmax/H; TEC/max_cost,8000,8000,8000,0,0.0,0,0.0,8000,50,3.5390244539999003,0.44237805674998754,43,206,1632452317/15000000,46,11,30,34,2,43,11,28,34,2,0.14305555555555555,0.35,0.09381909867816092,0.2221307722413793,"[20, 13, 5, 3, 2]","[11, 20, 6, 3, 3]",1,1,43,50,viable_unique_exact_nondominated,runs/14_2_1439_3_S_1-9_derivada__pop50_b8000__s47.json,,,,
14_2_1439_3_S_1-9_derivada.dat,70ff0f54e92fbb4ee92af0eee49be2de8443a1580da898c97da2959e5253c8bb,14,2,pop100_b2000,11,100,100,20,0.9,0.9,0.3,randomized_lpt,ScheduleCrossover,ScheduleMutation,Tchebycheff,Cmax/H; TEC/max_cost,2000,2000,2000,0,0.0,0,0.0,2000,100,0.9125691009999173,0.45628455049995864,35,205,906010471/7500000,41,6,22,35,4,35,6,20,32,4,0.1423611111111111,0.28194444444444444,0.10413913459770115,0.23562149425287357,"[17, 5, 5, 4, 4]","[13, 10, 6, 1, 5]",1,1,35,100,viable_unique_exact_nondominated,runs/14_2_1439_3_S_1-9_derivada__pop100_b2000__s11.json,,,,
14_2_1439_3_S_1-9_derivada.dat,70ff0f54e92fbb4ee92af0eee49be2de8443a1580da898c97da2959e5253c8bb,14,2,pop100_b2000,29,100,100,20,0.9,0.9,0.3,randomized_lpt,ScheduleCrossover,ScheduleMutation,Tchebycheff,Cmax/H; TEC/max_cost,2000,2000,2000,0,0.0,0,0.0,2000,100,0.8705945069998506,0.4352972534999253,30,206,129918909/1000000,44,9,32,30,2,30,9,20,26,2,0.14305555555555555,0.2590277777777778,0.11199905948275862,0.23600182816091955,"[11, 6, 4, 2, 7]","[14, 9, 4, 2, 1]",1,1,30,100,viable_unique_exact_nondominated,runs/14_2_1439_3_S_1-9_derivada__pop100_b2000__s29.json,,,,
14_2_1439_3_S_1-9_derivada.dat,70ff0f54e92fbb4ee92af0eee49be2de8443a1580da898c97da2959e5253c8bb,14,2,pop100_b2000,47,100,100,20,0.9,0.9,0.3,randomized_lpt,ScheduleCrossover,ScheduleMutation,Tchebycheff,Cmax/H; TEC/max_cost,2000,2000,2000,0,0.0,0,0.0,2000,100,0.9015487090000533,0.4507743545000267,38,213,196613521/1500000,48,7,27,40,3,38,7,23,36,2,0.14791666666666667,0.3215277777777778,0.1129962764367816,0.24104357155172415,"[20, 12, 4, 0, 2]","[16, 15, 4, 1, 2]",1,1,38,100,viable_unique_exact_nondominated,runs/14_2_1439_3_S_1-9_derivada__pop100_b2000__s47.json,,,,
14_2_1439_3_S_1-9_derivada.dat,70ff0f54e92fbb4ee92af0eee49be2de8443a1580da898c97da2959e5253c8bb,14,2,pop100_b8000,11,100,100,20,0.9,0.9,0.3,randomized_lpt,ScheduleCrossover,ScheduleMutation,Tchebycheff,Cmax/H; TEC/max_cost,8000,8000,8000,0,0.0,0,0.0,8000,100,3.614671299000065,0.45183391237500814,69,205,1616182189/15000000,90,8,34,78,3,69,8,30,67,2,0.1423611111111111,0.3638888888888889,0.09288403385057471,0.23562149425287357,"[31, 20, 10, 6, 2]","[23, 29, 10, 5, 2]",1,1,69,100,viable_unique_exact_nondominated,runs/14_2_1439_3_S_1-9_derivada__pop100_b8000__s11.json,,,,
14_2_1439_3_S_1-9_derivada.dat,70ff0f54e92fbb4ee92af0eee49be2de8443a1580da898c97da2959e5253c8bb,14,2,pop100_b8000,29,100,100,20,0.9,0.9,0.3,randomized_lpt,ScheduleCrossover,ScheduleMutation,Tchebycheff,Cmax/H; TEC/max_cost,8000,8000,8000,0,0.0,0,0.0,8000,100,3.5993345539998245,0.44991681924997806,68,206,175113709/1500000,77,9,27,63,5,68,9,24,59,5,0.14305555555555555,0.2881944444444444,0.10064006264367815,0.23600182816091955,"[22, 24, 10, 8, 4]","[24, 30, 9, 2, 3]",1,1,68,100,viable_unique_exact_nondominated,runs/14_2_1439_3_S_1-9_derivada__pop100_b8000__s29.json,,,,
14_2_1439_3_S_1-9_derivada.dat,70ff0f54e92fbb4ee92af0eee49be2de8443a1580da898c97da2959e5253c8bb,14,2,pop100_b8000,47,100,100,20,0.9,0.9,0.3,randomized_lpt,ScheduleCrossover,ScheduleMutation,Tchebycheff,Cmax/H; TEC/max_cost,8000,8000,8000,0,0.0,0,0.0,8000,100,3.648530952999863,0.4560663691249829,45,210,1607950279/15000000,62,7,40,50,4,45,7,30,43,3,0.14583333333333334,0.3548611111111111,0.09241093557471264,0.23037891600574711,"[19, 13, 8, 2, 3]","[17, 20, 4, 2, 2]",1,1,45,100,viable_unique_exact_nondominated,runs/14_2_1439_3_S_1-9_derivada__pop100_b8000__s47.json,,,,
14_2_1439_3_S_1-9_derivada.dat,70ff0f54e92fbb4ee92af0eee49be2de8443a1580da898c97da2959e5253c8bb,14,2,neighbors05,11,50,50,5,0.9,0.9,0.3,randomized_lpt,ScheduleCrossover,ScheduleMutation,Tchebycheff,Cmax/H; TEC/max_cost,2000,2000,2000,0,0.0,0,0.0,2000,50,0.8915610250001009,0.44578051250005046,18,207,682425339/5000000,23,8,18,18,5,18,8,13,18,5,0.14375,0.28958333333333336,0.11765954120689655,0.23154681939655172,"[9, 4, 2, 1, 2]","[7, 6, 1, 0, 4]",1,1,18,50,viable_unique_exact_nondominated,runs/14_2_1439_3_S_1-9_derivada__neighbors05__s11.json,,,,
14_2_1439_3_S_1-9_derivada.dat,70ff0f54e92fbb4ee92af0eee49be2de8443a1580da898c97da2959e5253c8bb,14,2,neighbors05,29,50,50,5,0.9,0.9,0.3,randomized_lpt,ScheduleCrossover,ScheduleMutation,Tchebycheff,Cmax/H; TEC/max_cost,2000,2000,2000,0,0.0,0,0.0,2000,50,0.8749571690000266,0.4374785845000133,28,209,234060641/1875000,34,8,26,26,3,28,8,22,26,3,0.1451388888888889,0.3215277777777778,0.10761408781609196,0.23362010301724137,"[13, 5, 3, 5, 2]","[10, 8, 5, 2, 3]",1,1,28,50,viable_unique_exact_nondominated,runs/14_2_1439_3_S_1-9_derivada__neighbors05__s29.json,,,,
14_2_1439_3_S_1-9_derivada.dat,70ff0f54e92fbb4ee92af0eee49be2de8443a1580da898c97da2959e5253c8bb,14,2,neighbors05,47,50,50,5,0.9,0.9,0.3,randomized_lpt,ScheduleCrossover,ScheduleMutation,Tchebycheff,Cmax/H; TEC/max_cost,2000,2000,2000,0,0.0,0,0.0,2000,50,0.8706839789999776,0.4353419894999888,19,205,116231341/750000,32,7,21,24,3,19,7,12,19,3,0.1423611111111111,0.2826388888888889,0.13359924252873565,0.22659784037356323,"[10, 3, 2, 3, 1]","[8, 2, 4, 0, 5]",1,1,19,50,viable_unique_exact_nondominated,runs/14_2_1439_3_S_1-9_derivada__neighbors05__s47.json,,,,
14_2_1439_3_S_1-9_derivada.dat,70ff0f54e92fbb4ee92af0eee49be2de8443a1580da898c97da2959e5253c8bb,14,2,neighbors40,11,50,50,40,0.9,0.9,0.3,randomized_lpt,ScheduleCrossover,ScheduleMutation,Tchebycheff,Cmax/H; TEC/max_cost,2000,2000,2000,0,0.0,0,0.0,2000,50,0.9185607169999912,0.4592803584999956,22,212,1793862317/15000000,28,6,20,19,3,22,6,15,18,3,0.14722222222222223,0.28958333333333336,0.10309553545977011,0.23362010301724137,"[9, 4, 3, 2, 4]","[9, 6, 4, 1, 2]",1,1,22,50,viable_unique_exact_nondominated,runs/14_2_1439_3_S_1-9_derivada__neighbors40__s11.json,,,,
14_2_1439_3_S_1-9_derivada.dat,70ff0f54e92fbb4ee92af0eee49be2de8443a1580da898c97da2959e5253c8bb,14,2,neighbors40,29,50,50,40,0.9,0.9,0.3,randomized_lpt,ScheduleCrossover,ScheduleMutation,Tchebycheff,Cmax/H; TEC/max_cost,2000,2000,2000,0,0.0,0,0.0,2000,50,0.8990796550001505,0.44953982750007526,30,203,126206479/1000000,34,5,24,29,2,30,5,21,28,2,0.14097222222222222,0.2777777777777778,0.10879868879310345,0.2340468191091954,"[11, 11, 5, 1, 2]","[9, 13, 3, 2, 3]",1,1,30,50,viable_unique_exact_nondominated,runs/14_2_1439_3_S_1-9_derivada__neighbors40__s29.json,,,,
14_2_1439_3_S_1-9_derivada.dat,70ff0f54e92fbb4ee92af0eee49be2de8443a1580da898c97da2959e5253c8bb,14,2,neighbors40,47,50,50,40,0.9,0.9,0.3,randomized_lpt,ScheduleCrossover,ScheduleMutation,Tchebycheff,Cmax/H; TEC/max_cost,2000,2000,2000,0,0.0,0,0.0,2000,50,0.9243475349999244,0.4621737674999622,30,210,38431721/312500,35,9,23,24,2,30,9,20,23,2,0.14583333333333334,0.28402777777777777,0.10601854068965517,0.20763402066091954,"[13, 8, 3, 3, 3]","[8, 11, 4, 3, 4]",1,1,30,50,viable_unique_exact_nondominated,runs/14_2_1439_3_S_1-9_derivada__neighbors40__s47.json,,,,
14_2_1439_3_S_1-9_derivada.dat,70ff0f54e92fbb4ee92af0eee49be2de8443a1580da898c97da2959e5253c8bb,14,2,mating_global,11,50,50,20,0.0,0.9,0.3,randomized_lpt,ScheduleCrossover,ScheduleMutation,Tchebycheff,Cmax/H; TEC/max_cost,2000,2000,2000,0,0.0,0,0.0,2000,50,0.8574320829998214,0.4287160414999107,25,210,18739701/125000,26,8,23,21,3,25,8,23,21,3,0.14583333333333334,0.24513888888888888,0.1292393172413793,0.22973281218390804,"[8, 7, 2, 4, 4]","[8, 10, 1, 2, 4]",1,1,25,50,viable_unique_exact_nondominated,runs/14_2_1439_3_S_1-9_derivada__mating_global__s11.json,,,,
14_2_1439_3_S_1-9_derivada.dat,70ff0f54e92fbb4ee92af0eee49be2de8443a1580da898c97da2959e5253c8bb,14,2,mating_global,29,50,50,20,0.0,0.9,0.3,randomized_lpt,ScheduleCrossover,ScheduleMutation,Tchebycheff,Cmax/H; TEC/max_cost,2000,2000,2000,0,0.0,0,0.0,2000,50,0.851086124999938,0.425543062499969,25,210,4101605651/30000000,32,10,24,24,2,25,10,20,22,2,0.14583333333333334,0.25277777777777777,0.1178622313505747,0.23134737600574712,"[10, 5, 2, 5, 3]","[7, 7, 5, 1, 5]",1,1,25,50,viable_unique_exact_nondominated,runs/14_2_1439_3_S_1-9_derivada__mating_global__s29.json,,,,
14_2_1439_3_S_1-9_derivada.dat,70ff0f54e92fbb4ee92af0eee49be2de8443a1580da898c97da2959e5253c8bb,14,2,mating_global,47,50,50,20,0.0,0.9,0.3,randomized_lpt,ScheduleCrossover,ScheduleMutation,Tchebycheff,Cmax/H; TEC/max_cost,2000,2000,2000,0,0.0,0,0.0,2000,50,0.884649465999928,0.442324732999964,25,207,382331867/3000000,31,10,27,25,3,25,10,23,21,3,0.14375,0.32083333333333336,0.1098654790229885,0.22633810014367817,"[13, 7, 1, 2, 2]","[7, 9, 3, 3, 3]",1,1,25,50,viable_unique_exact_nondominated,runs/14_2_1439_3_S_1-9_derivada__mating_global__s47.json,,,,
50_10_1439_5_S_1-9.dat,c9147e6b8b3bcab1863b62202baffbeee4e1fce0791b4e6309397c4037406da7,50,10,pop20_b2000,11,20,20,20,0.9,0.9,0.3,randomized_lpt,ScheduleCrossover,ScheduleMutation,Tchebycheff,Cmax/H; TEC/max_cost,2000,2000,2000,0,0.0,0,0.0,2000,20,2.3492677659999117,1.1746338829999559,9,78,3064159017/10000000,13,8,11,13,1,9,7,8,9,1,0.05416666666666667,0.0763888888888889,0.26415163939655173,0.37239722064655173,"[2, 2, 2, 2, 1]","[5, 0, 1, 2, 1]",1,1,9,20,viable_unique_exact_nondominated,runs/50_10_1439_5_S_1-9__pop20_b2000__s11.json,,,,
50_10_1439_5_S_1-9.dat,c9147e6b8b3bcab1863b62202baffbeee4e1fce0791b4e6309397c4037406da7,50,10,pop20_b2000,29,20,20,20,0.9,0.9,0.3,randomized_lpt,ScheduleCrossover,ScheduleMutation,Tchebycheff,Cmax/H; TEC/max_cost,2000,2000,2000,0,0.0,0,0.0,2000,20,2.3384825150001234,1.1692412575000617,12,72,1569986647/5000000,14,7,11,14,3,12,7,10,12,2,0.05,0.06597222222222222,0.27068735293103446,0.38454425079022986,"[1, 2, 3, 4, 2]","[9, 0, 1, 1, 1]",1,1,12,20,viable_unique_exact_nondominated,runs/50_10_1439_5_S_1-9__pop20_b2000__s29.json,,,,
50_10_1439_5_S_1-9.dat,c9147e6b8b3bcab1863b62202baffbeee4e1fce0791b4e6309397c4037406da7,50,10,pop20_b2000,47,20,20,20,0.9,0.9,0.3,randomized_lpt,ScheduleCrossover,ScheduleMutation,Tchebycheff,Cmax/H; TEC/max_cost,2000,2000,2000,0,0.0,0,0.0,2000,20,2.333331348999991,1.1666656744999955,7,69,595909579/1875000,10,6,7,8,2,7,6,6,7,2,0.04791666666666667,0.11875,0.2739814156321839,0.397751577658046,"[5, 1, 0, 0, 1]","[3, 2, 0, 1, 1]",1,1,7,20,viable_unique_exact_nondominated,runs/50_10_1439_5_S_1-9__pop20_b2000__s47.json,,,,
50_10_1439_5_S_1-9.dat,c9147e6b8b3bcab1863b62202baffbeee4e1fce0791b4e6309397c4037406da7,50,10,pop20_b8000,11,20,20,20,0.9,0.9,0.3,randomized_lpt,ScheduleCrossover,ScheduleMutation,Tchebycheff,Cmax/H; TEC/max_cost,8000,8000,8000,0,0.0,0,0.0,8000,20,8.896951466000019,1.1121189332500023,14,78,1378618951/6000000,19,10,19,18,3,14,10,14,14,3,0.05416666666666667,0.11666666666666667,0.19807743548850576,0.386228387887931,"[7, 2, 1, 2, 2]","[8, 4, 0, 1, 1]",1,1,14,20,viable_unique_exact_nondominated,runs/50_10_1439_5_S_1-9__pop20_b8000__s11.json,,,,
50_10_1439_5_S_1-9.dat,c9147e6b8b3bcab1863b62202baffbeee4e1fce0791b4e6309397c4037406da7,50,10,pop20_b8000,29,20,20,20,0.9,0.9,0.3,randomized_lpt,ScheduleCrossover,ScheduleMutation,Tchebycheff,Cmax/H; TEC/max_cost,8000,8000,8000,0,0.0,0,0.0,8000,20,8.918397917999982,1.1147997397499978,13,72,460454307/2000000,19,10,18,18,6,13,9,13,13,5,0.05,0.07569444444444444,0.19847168405172413,0.38454425079022986,"[2, 3, 4, 2, 2]","[9, 3, 0, 0, 1]",1,1,13,20,viable_unique_exact_nondominated,runs/50_10_1439_5_S_1-9__pop20_b8000__s29.json,,,,
50_10_1439_5_S_1-9.dat,c9147e6b8b3bcab1863b62202baffbeee4e1fce0791b4e6309397c4037406da7,50,10,pop20_b8000,47,20,20,20,0.9,0.9,0.3,randomized_lpt,ScheduleCrossover,ScheduleMutation,Tchebycheff,Cmax/H; TEC/max_cost,8000,8000,8000,0,0.0,0,0.0,8000,20,8.88415897599998,1.1105198719999976,17,69,1396244923/6000000,19,12,19,19,1,17,12,17,17,1,0.04791666666666667,0.1111111111111111,0.20060990272988505,0.397751577658046,"[3, 6, 3, 2, 3]","[12, 2, 2, 0, 1]",1,1,17,20,viable_unique_exact_nondominated,runs/50_10_1439_5_S_1-9__pop20_b8000__s47.json,,,,
50_10_1439_5_S_1-9.dat,c9147e6b8b3bcab1863b62202baffbeee4e1fce0791b4e6309397c4037406da7,50,10,pop50_b2000,11,50,50,20,0.9,0.9,0.3,randomized_lpt,ScheduleCrossover,ScheduleMutation,Tchebycheff,Cmax/H; TEC/max_cost,2000,2000,2000,0,0.0,0,0.0,2000,50,2.5564638859998468,1.2782319429999234,6,73,19482187/60000,16,6,10,10,2,6,5,6,6,1,0.050694444444444445,0.06875,0.27991647988505747,0.3924234242816092,"[3, 2, 0, 0, 1]","[2, 2, 0, 1, 1]",1,1,6,50,viable_unique_exact_nondominated,runs/50_10_1439_5_S_1-9__pop50_b2000__s11.json,,,,
50_10_1439_5_S_1-9.dat,c9147e6b8b3bcab1863b62202baffbeee4e1fce0791b4e6309397c4037406da7,50,10,pop50_b2000,29,50,50,20,0.9,0.9,0.3,randomized_lpt,ScheduleCrossover,ScheduleMutation,Tchebycheff,Cmax/H; TEC/max_cost,2000,2000,2000,0,0.0,0,0.0,2000,50,2.5524668699999893,1.2762334349999946,4,71,326322597/1000000,19,3,6,19,1,4,3,3,4,1,0.049305555555555554,0.05555555555555555,0.28131258362068967,0.3722564507183908,"[1, 0, 0, 1, 2]","[1, 1, 1, 0, 1]",1,1,4,50,viable_unique_exact_nondominated,runs/50_10_1439_5_S_1-9__pop50_b2000__s29.json,,,,
50_10_1439_5_S_1-9.dat,c9147e6b8b3bcab1863b62202baffbeee4e1fce0791b4e6309397c4037406da7,50,10,pop50_b2000,47,50,50,20,0.9,0.9,0.3,randomized_lpt,ScheduleCrossover,ScheduleMutation,Tchebycheff,Cmax/H; TEC/max_cost,2000,2000,2000,0,0.0,0,0.0,2000,50,2.545432670000082,1.272716335000041,7,73,765196387/2400000,17,7,9,15,2,7,6,6,6,1,0.050694444444444445,0.06180555555555556,0.27485502406609197,0.37855515129310346,"[3, 1, 2, 0, 1]","[4, 0, 2, 0, 1]",1,1,7,50,viable_unique_exact_nondominated,runs/50_10_1439_5_S_1-9__pop50_b2000__s47.json,,,,
50_10_1439_5_S_1-9.dat,c9147e6b8b3bcab1863b62202baffbeee4e1fce0791b4e6309397c4037406da7,50,10,pop50_b8000,11,50,50,20,0.9,0.9,0.3,randomized_lpt,ScheduleCrossover,ScheduleMutation,Tchebycheff,Cmax/H; TEC/max_cost,8000,8000,8000,0,0.0,0,0.0,8000,50,9.132088402000136,1.141511050250017,17,73,618506979/2500000,29,5,18,27,3,17,4,13,17,2,0.050694444444444445,0.06875,0.21327826862068966,0.36571030119252873,"[3, 3, 4, 3, 4]","[13, 0, 1, 1, 2]",1,1,17,50,viable_unique_exact_nondominated,runs/50_10_1439_5_S_1-9__pop50_b8000__s11.json,,,,
50_10_1439_5_S_1-9.dat,c9147e6b8b3bcab1863b62202baffbeee4e1fce0791b4e6309397c4037406da7,50,10,pop50_b8000,29,50,50,20,0.9,0.9,0.3,randomized_lpt,ScheduleCrossover,ScheduleMutation,Tchebycheff,Cmax/H; TEC/max_cost,8000,8000,8000,0,0.0,0,0.0,8000,50,9.106343270000025,1.138292908750003,18,71,7664666837/30000000,32,7,24,28,1,18,7,16,17,1,0.049305555555555554,0.10833333333333334,0.22024904704022988,0.3727388254310345,"[11, 4, 1, 0, 2]","[13, 3, 0, 1, 1]",1,1,18,50,viable_unique_exact_nondominated,runs/50_10_1439_5_S_1-9__pop50_b8000__s29.json,,,,
50_10_1439_5_S_1-9.dat,c9147e6b8b3bcab1863b62202baffbeee4e1fce0791b4e6309397c4037406da7,50,10,pop50_b8000,47,50,50,20,0.9,0.9,0.3,randomized_lpt,ScheduleCrossover,ScheduleMutation,Tchebycheff,Cmax/H; TEC/max_cost,8000,8000,8000,0,0.0,0,0.0,8000,50,9.108696376000125,1.1385870470000157,10,73,13491309581/60000000,25,5,12,22,3,10,5,9,10,3,0.050694444444444445,0.07222222222222222,0.19384065489942529,0.3785192051005747,"[2, 3, 4, 0, 1]","[8, 1, 0, 0, 1]",1,1,10,50,viable_unique_exact_nondominated,runs/50_10_1439_5_S_1-9__pop50_b8000__s47.json,,,,
50_10_1439_5_S_1-9.dat,c9147e6b8b3bcab1863b62202baffbeee4e1fce0791b4e6309397c4037406da7,50,10,pop100_b2000,11,100,100,20,0.9,0.9,0.3,randomized_lpt,ScheduleCrossover,ScheduleMutation,Tchebycheff,Cmax/H; TEC/max_cost,2000,2000,2000,0,0.0,0,0.0,2000,100,2.8824596249999104,1.4412298124999552,8,73,2939130831/10000000,21,8,17,15,1,8,5,7,7,1,0.050694444444444445,0.06527777777777778,0.2533733475,0.4381330665229885,"[3, 2, 1, 0, 2]","[3, 4, 0, 0, 1]",1,1,8,100,viable_unique_exact_nondominated,runs/50_10_1439_5_S_1-9__pop100_b2000__s11.json,,,,
50_10_1439_5_S_1-9.dat,c9147e6b8b3bcab1863b62202baffbeee4e1fce0791b4e6309397c4037406da7,50,10,pop100_b2000,29,100,100,20,0.9,0.9,0.3,randomized_lpt,ScheduleCrossover,ScheduleMutation,Tchebycheff,Cmax/H; TEC/max_cost,2000,2000,2000,0,0.0,0,0.0,2000,100,2.898692618000041,1.4493463090000205,10,70,17979282349/60000000,28,7,25,28,2,10,5,9,10,1,0.04861111111111111,0.12361111111111112,0.2583230222557471,0.3348385514942529,"[6, 2, 0, 0, 2]","[5, 2, 1, 0, 2]",1,1,10,100,viable_unique_exact_nondominated,runs/50_10_1439_5_S_1-9__pop100_b2000__s29.json,,,,
50_10_1439_5_S_1-9.dat,c9147e6b8b3bcab1863b62202baffbeee4e1fce0791b4e6309397c4037406da7,50,10,pop100_b2000,47,100,100,20,0.9,0.9,0.3,randomized_lpt,ScheduleCrossover,ScheduleMutation,Tchebycheff,Cmax/H; TEC/max_cost,2000,2000,2000,0,0.0,0,0.0,2000,100,2.8605703989999256,1.4302851994999628,14,65,18269045581/60000000,26,11,20,23,1,14,8,13,13,1,0.04513888888888889,0.08055555555555556,0.2624862870833333,0.34687264102011495,"[2, 4, 3, 0, 5]","[5, 5, 1, 1, 2]",1,1,14,100,viable_unique_exact_nondominated,runs/50_10_1439_5_S_1-9__pop100_b2000__s47.json,,,,
50_10_1439_5_S_1-9.dat,c9147e6b8b3bcab1863b62202baffbeee4e1fce0791b4e6309397c4037406da7,50,10,pop100_b8000,11,100,100,20,0.9,0.9,0.3,randomized_lpt,ScheduleCrossover,ScheduleMutation,Tchebycheff,Cmax/H; TEC/max_cost,8000,8000,8000,0,0.0,0,0.0,8000,100,9.474393138999858,1.1842991423749822,15,70,4346981133/20000000,23,11,19,19,3,15,10,14,14,3,0.04861111111111111,0.12083333333333333,0.1873698764224138,0.2989232031178161,"[9, 4, 1, 0, 1]","[6, 1, 2, 3, 3]",1,1,15,100,viable_unique_exact_nondominated,runs/50_10_1439_5_S_1-9__pop100_b8000__s11.json,,,,
50_10_1439_5_S_1-9.dat,c9147e6b8b3bcab1863b62202baffbeee4e1fce0791b4e6309397c4037406da7,50,10,pop100_b8000,29,100,100,20,0.9,0.9,0.3,randomized_lpt,ScheduleCrossover,ScheduleMutation,Tchebycheff,Cmax/H; TEC/max_cost,8000,8000,8000,0,0.0,0,0.0,8000,100,9.39643233300012,1.174554041625015,13,70,2377940543/10000000,28,8,24,25,11,13,6,12,13,10,0.04861111111111111,0.0625,0.20499487439655173,0.3164985721551724,"[3, 2, 4, 1, 3]","[8, 3, 1, 0, 1]",1,1,13,100,viable_unique_exact_nondominated,runs/50_10_1439_5_S_1-9__pop100_b8000__s29.json,,,,
50_10_1439_5_S_1-9.dat,c9147e6b8b3bcab1863b62202baffbeee4e1fce0791b4e6309397c4037406da7,50,10,pop100_b8000,47,100,100,20,0.9,0.9,0.3,randomized_lpt,ScheduleCrossover,ScheduleMutation,Tchebycheff,Cmax/H; TEC/max_cost,8000,8000,8000,0,0.0,0,0.0,8000,100,9.486805069999946,1.1858506337499932,17,65,228346727/1000000,34,7,21,34,8,17,5,13,17,7,0.04513888888888889,0.06666666666666667,0.19685062672413794,0.34403868958333333,"[2, 2, 4, 6, 3]","[9, 5, 0, 0, 3]",1,1,17,100,viable_unique_exact_nondominated,runs/50_10_1439_5_S_1-9__pop100_b8000__s47.json,,,,
50_10_1439_5_S_1-9.dat,c9147e6b8b3bcab1863b62202baffbeee4e1fce0791b4e6309397c4037406da7,50,10,neighbors05,11,50,50,5,0.9,0.9,0.3,randomized_lpt,ScheduleCrossover,ScheduleMutation,Tchebycheff,Cmax/H; TEC/max_cost,2000,2000,2000,0,0.0,0,0.0,2000,50,2.5525350630000503,1.2762675315000251,11,72,9358341967/30000000,22,11,16,21,3,11,8,11,11,3,0.05,0.06875,0.26891787261494254,0.4046854822413793,"[3, 1, 1, 3, 3]","[7, 2, 1, 0, 1]",1,1,11,50,viable_unique_exact_nondominated,runs/50_10_1439_5_S_1-9__neighbors05__s11.json,,,,
50_10_1439_5_S_1-9.dat,c9147e6b8b3bcab1863b62202baffbeee4e1fce0791b4e6309397c4037406da7,50,10,neighbors05,29,50,50,5,0.9,0.9,0.3,randomized_lpt,ScheduleCrossover,ScheduleMutation,Tchebycheff,Cmax/H; TEC/max_cost,2000,2000,2000,0,0.0,0,0.0,2000,50,2.551738215000114,1.275869107500057,10,71,1818073817/6000000,21,9,16,20,4,10,8,10,10,2,0.049305555555555554,0.06805555555555555,0.2612175024425287,0.3727388254310345,"[3, 2, 1, 2, 2]","[4, 2, 2, 1, 1]",1,1,10,50,viable_unique_exact_nondominated,runs/50_10_1439_5_S_1-9__neighbors05__s29.json,,,,
50_10_1439_5_S_1-9.dat,c9147e6b8b3bcab1863b62202baffbeee4e1fce0791b4e6309397c4037406da7,50,10,neighbors05,47,50,50,5,0.9,0.9,0.3,randomized_lpt,ScheduleCrossover,ScheduleMutation,Tchebycheff,Cmax/H; TEC/max_cost,2000,2000,2000,0,0.0,0,0.0,2000,50,2.509817129000112,1.254908564500056,6,74,18096917957/60000000,15,6,14,14,2,6,5,6,6,1,0.05138888888888889,0.06597222222222222,0.2600131890373563,0.32142575155172415,"[2, 1, 2, 0, 1]","[1, 0, 1, 3, 1]",1,1,6,50,viable_unique_exact_nondominated,runs/50_10_1439_5_S_1-9__neighbors05__s47.json,,,,
50_10_1439_5_S_1-9.dat,c9147e6b8b3bcab1863b62202baffbeee4e1fce0791b4e6309397c4037406da7,50,10,neighbors40,11,50,50,40,0.9,0.9,0.3,randomized_lpt,ScheduleCrossover,ScheduleMutation,Tchebycheff,Cmax/H; TEC/max_cost,2000,2000,2000,0,0.0,0,0.0,2000,50,2.5594438220000484,1.2797219110000242,6,72,2318121997/7500000,23,6,11,20,3,6,4,6,5,3,0.05,0.06388888888888888,0.26645080425287354,0.36971795379310346,"[1, 2, 1, 1, 1]","[3, 2, 0, 0, 1]",1,1,6,50,viable_unique_exact_nondominated,runs/50_10_1439_5_S_1-9__neighbors40__s11.json,,,,
50_10_1439_5_S_1-9.dat,c9147e6b8b3bcab1863b62202baffbeee4e1fce0791b4e6309397c4037406da7,50,10,neighbors40,29,50,50,40,0.9,0.9,0.3,randomized_lpt,ScheduleCrossover,ScheduleMutation,Tchebycheff,Cmax/H; TEC/max_cost,2000,2000,2000,0,0.0,0,0.0,2000,50,2.582275969999955,1.2911379849999776,8,71,16863293609/60000000,21,7,17,17,4,8,4,7,8,3,0.049305555555555554,0.06805555555555555,0.24228870127873564,0.3727388254310345,"[1, 3, 1, 0, 3]","[2, 5, 0, 0, 1]",1,1,8,50,viable_unique_exact_nondominated,runs/50_10_1439_5_S_1-9__neighbors40__s29.json,,,,
50_10_1439_5_S_1-9.dat,c9147e6b8b3bcab1863b62202baffbeee4e1fce0791b4e6309397c4037406da7,50,10,neighbors40,47,50,50,40,0.9,0.9,0.3,randomized_lpt,ScheduleCrossover,ScheduleMutation,Tchebycheff,Cmax/H; TEC/max_cost,2000,2000,2000,0,0.0,0,0.0,2000,50,2.562140985000042,1.281070492500021,8,75,243261011/750000,11,6,10,11,3,8,5,7,8,2,0.052083333333333336,0.0798611111111111,0.2796103574712644,0.32776063022988505,"[2, 0, 1, 2, 3]","[2, 1, 3, 1, 1]",1,1,8,50,viable_unique_exact_nondominated,runs/50_10_1439_5_S_1-9__neighbors40__s47.json,,,,
50_10_1439_5_S_1-9.dat,c9147e6b8b3bcab1863b62202baffbeee4e1fce0791b4e6309397c4037406da7,50,10,mating_global,11,50,50,20,0.0,0.9,0.3,randomized_lpt,ScheduleCrossover,ScheduleMutation,Tchebycheff,Cmax/H; TEC/max_cost,2000,2000,2000,0,0.0,0,0.0,2000,50,2.5181685569998535,1.2590842784999268,8,74,18791820289/60000000,17,5,10,16,2,8,5,7,8,2,0.05138888888888889,0.1125,0.2699974179454023,0.4085829771551724,"[7, 0, 0, 0, 1]","[4, 3, 0, 0, 1]",1,1,8,50,viable_unique_exact_nondominated,runs/50_10_1439_5_S_1-9__mating_global__s11.json,,,,
50_10_1439_5_S_1-9.dat,c9147e6b8b3bcab1863b62202baffbeee4e1fce0791b4e6309397c4037406da7,50,10,mating_global,29,50,50,20,0.0,0.9,0.3,randomized_lpt,ScheduleCrossover,ScheduleMutation,Tchebycheff,Cmax/H; TEC/max_cost,2000,2000,2000,0,0.0,0,0.0,2000,50,2.524973818000035,1.2624869090000175,10,71,6370223201/20000000,19,5,17,14,2,10,4,9,7,1,0.049305555555555554,0.10069444444444445,0.27457858625,0.3727388254310345,"[6, 2, 0, 0, 2]","[6, 2, 1, 0, 1]",1,1,10,50,viable_unique_exact_nondominated,runs/50_10_1439_5_S_1-9__mating_global__s29.json,,,,
50_10_1439_5_S_1-9.dat,c9147e6b8b3bcab1863b62202baffbeee4e1fce0791b4e6309397c4037406da7,50,10,mating_global,47,50,50,20,0.0,0.9,0.3,randomized_lpt,ScheduleCrossover,ScheduleMutation,Tchebycheff,Cmax/H; TEC/max_cost,2000,2000,2000,0,0.0,0,0.0,2000,50,2.5190821579999465,1.2595410789999733,6,71,19863098459/60000000,16,5,8,13,2,6,4,5,6,2,0.049305555555555554,0.06111111111111111,0.28538934567528734,0.3980832102729885,"[2, 1, 1, 0, 2]","[4, 0, 0, 0, 2]",1,1,6,50,viable_unique_exact_nondominated,runs/50_10_1439_5_S_1-9__mating_global__s47.json,,,,
250_10_1439_5_S_1-9.dat,9b1e592319e4dcdc8df7c50abe2b11aba12ca2ab27fd528ac1d0a262c02ca62c,250,10,pop20_b2000,11,20,20,20,0.9,0.9,0.3,randomized_lpt,ScheduleCrossover,ScheduleMutation,Tchebycheff,Cmax/H; TEC/max_cost,2000,2000,2000,0,0.0,0,0.0,2000,20,8.207283975999871,4.103641987999936,11,378,24377381057/12000000,16,9,16,15,3,11,9,11,11,3,0.2625,0.29097222222222224,0.32707268095583103,0.3529830010653142,"[3, 3, 3, 1, 1]","[4, 4, 1, 1, 1]",1,1,11,20,viable_unique_exact_nondominated,runs/250_10_1439_5_S_1-9__pop20_b2000__s11.json,,,,
250_10_1439_5_S_1-9.dat,9b1e592319e4dcdc8df7c50abe2b11aba12ca2ab27fd528ac1d0a262c02ca62c,250,10,pop20_b2000,29,20,20,20,0.9,0.9,0.3,randomized_lpt,ScheduleCrossover,ScheduleMutation,Tchebycheff,Cmax/H; TEC/max_cost,2000,2000,2000,0,0.0,0,0.0,2000,20,8.113582128999951,4.056791064499976,5,377,4449799303/2000000,8,2,6,7,2,5,2,3,5,2,0.26180555555555557,0.26875,0.35821923224923524,0.37939362893790585,"[2, 1, 1, 0, 1]","[3, 1, 0, 0, 1]",1,1,5,20,viable_unique_exact_nondominated,runs/250_10_1439_5_S_1-9__pop20_b2000__s29.json,,,,
250_10_1439_5_S_1-9.dat,9b1e592319e4dcdc8df7c50abe2b11aba12ca2ab27fd528ac1d0a262c02ca62c,250,10,pop20_b2000,47,20,20,20,0.9,0.9,0.3,randomized_lpt,ScheduleCrossover,ScheduleMutation,Tchebycheff,Cmax/H; TEC/max_cost,2000,2000,2000,0,0.0,0,0.0,2000,20,8.176312948000032,4.088156474000016,9,378,128133343157/60000000,14,8,14,10,1,9,7,9,7,1,0.2625,0.29305555555555557,0.34383444200343477,0.3566862573847475,"[4, 4, 0, 0, 1]","[4, 1, 1, 2, 1]",1,1,9,20,viable_unique_exact_nondominated,runs/250_10_1439_5_S_1-9__pop20_b2000__s47.json,,,,
250_10_1439_5_S_1-9.dat,9b1e592319e4dcdc8df7c50abe2b11aba12ca2ab27fd528ac1d0a262c02ca62c,250,10,pop20_b8000,11,20,20,20,0.9,0.9,0.3,randomized_lpt,ScheduleCrossover,ScheduleMutation,Tchebycheff,Cmax/H; TEC/max_cost,8000,8000,8000,0,0.0,0,0.0,8000,20,30.227690014000018,3.7784612517500022,11,375,13969244591/7500000,18,7,17,14,1,11,6,11,9,1,0.2604166666666667,0.2777777777777778,0.2998818137927333,0.3277901597971341,"[2, 3, 2, 2, 2]","[5, 4, 0, 0, 2]",1,1,11,20,viable_unique_exact_nondominated,runs/250_10_1439_5_S_1-9__pop20_b8000__s11.json,,,,
250_10_1439_5_S_1-9.dat,9b1e592319e4dcdc8df7c50abe2b11aba12ca2ab27fd528ac1d0a262c02ca62c,250,10,pop20_b8000,29,20,20,20,0.9,0.9,0.3,randomized_lpt,ScheduleCrossover,ScheduleMutation,Tchebycheff,Cmax/H; TEC/max_cost,8000,8000,8000,0,0.0,0,0.0,8000,20,30.336896890000162,3.7921121112500207,8,376,124104452711/60000000,15,6,12,10,5,8,5,7,7,5,0.2611111111111111,0.2881944444444444,0.3330232724494177,0.3658274099339881,"[4, 2, 1, 0, 1]","[4, 0, 1, 2, 1]",1,1,8,20,viable_unique_exact_nondominated,runs/250_10_1439_5_S_1-9__pop20_b8000__s29.json,,,,
250_10_1439_5_S_1-9.dat,9b1e592319e4dcdc8df7c50abe2b11aba12ca2ab27fd528ac1d0a262c02ca62c,250,10,pop20_b8000,47,20,20,20,0.9,0.9,0.3,randomized_lpt,ScheduleCrossover,ScheduleMutation,Tchebycheff,Cmax/H; TEC/max_cost,8000,8000,8000,0,0.0,0,0.0,8000,20,30.51438938399997,3.814298672999996,13,375,40241724317/20000000,18,8,16,18,2,13,6,11,13,2,0.2604166666666667,0.2833333333333333,0.3239552754548382,0.3434850798341652,"[3, 5, 1, 1, 3]","[5, 3, 1, 1, 3]",1,1,13,20,viable_unique_exact_nondominated,runs/250_10_1439_5_S_1-9__pop20_b8000__s47.json,,,,
250_10_1439_5_S_1-9.dat,9b1e592319e4dcdc8df7c50abe2b11aba12ca2ab27fd528ac1d0a262c02ca62c,250,10,pop50_b2000,11,50,50,20,0.9,0.9,0.3,randomized_lpt,ScheduleCrossover,ScheduleMutation,Tchebycheff,Cmax/H; TEC/max_cost,2000,2000,2000,0,0.0,0,0.0,2000,50,9.262431165999942,4.631215582999971,9,369,41222967989/20000000,14,7,12,11,3,9,7,9,9,1,0.25625,0.275,0.3318545160924167,0.3768004832555144,"[3, 1, 2, 0, 3]","[2, 0, 6, 0, 1]",1,1,9,50,viable_unique_exact_nondominated,runs/250_10_1439_5_S_1-9__pop50_b2000__s11.json,,,,
250_10_1439_5_S_1-9.dat,9b1e592319e4dcdc8df7c50abe2b11aba12ca2ab27fd528ac1d0a262c02ca62c,250,10,pop50_b2000,29,50,50,20,0.9,0.9,0.3,randomized_lpt,ScheduleCrossover,ScheduleMutation,Tchebycheff,Cmax/H; TEC/max_cost,2000,2000,2000,0,0.0,0,0.0,2000,50,9.18088759300008,4.59044379650004,9,378,41817602429/20000000,19,5,13,15,5,9,4,6,9,4,0.2625,0.28680555555555554,0.3366414621558525,0.37630073856061824,"[5, 2, 1, 0, 1]","[4, 0, 1, 0, 4]",1,1,9,50,viable_unique_exact_nondominated,runs/250_10_1439_5_S_1-9__pop50_b2000__s29.json,,,,
250_10_1439_5_S_1-9.dat,9b1e592319e4dcdc8df7c50abe2b11aba12ca2ab27fd528ac1d0a262c02ca62c,250,10,pop50_b2000,47,50,50,20,0.9,0.9,0.3,randomized_lpt,ScheduleCrossover,ScheduleMutation,Tchebycheff,Cmax/H; TEC/max_cost,2000,2000,2000,0,0.0,0,0.0,2000,50,9.238609902000007,4.619304951000004,8,376,126489801973/60000000,13,7,12,9,1,8,7,8,6,1,0.2611111111111111,0.27291666666666664,0.3394241452610959,0.3872001365722106,"[2, 1, 1, 2, 2]","[6, 0, 0, 0, 2]",1,1,8,50,viable_unique_exact_nondominated,runs/250_10_1439_5_S_1-9__pop50_b2000__s47.json,,,,
250_10_1439_5_S_1-9.dat,9b1e592319e4dcdc8df7c50abe2b11aba12ca2ab27fd528ac1d0a262c02ca62c,250,10,pop50_b8000,11,50,50,20,0.9,0.9,0.3,randomized_lpt,ScheduleCrossover,ScheduleMutation,Tchebycheff,Cmax/H; TEC/max_cost,8000,8000,8000,0,0.0,0,0.0,8000,50,31.416032566000013,3.9270040707500016,8,369,35984212747/20000000,21,6,10,20,6,8,5,7,8,5,0.25625,0.26458333333333334,0.28968131337143777,0.3245602705924972,"[2, 1, 3, 0, 2]","[4, 2, 0, 0, 2]",1,1,8,50,viable_unique_exact_nondominated,runs/250_10_1439_5_S_1-9__pop50_b8000__s11.json,,,,
250_10_1439_5_S_1-9.dat,9b1e592319e4dcdc8df7c50abe2b11aba12ca2ab27fd528ac1d0a262c02ca62c,250,10,pop50_b8000,29,50,50,20,0.9,0.9,0.3,randomized_lpt,ScheduleCrossover,ScheduleMutation,Tchebycheff,Cmax/H; TEC/max_cost,8000,8000,8000,0,0.0,0,0.0,8000,50,31.338109090000216,3.917263636250027,8,376,29483199023/15000000,17,5,13,14,3,8,5,8,7,2,0.2611111111111111,0.28402777777777777,0.3164621802500939,0.37811780299468684,"[4, 3, 0, 0, 1]","[5, 0, 0, 0, 3]",1,1,8,50,viable_unique_exact_nondominated,runs/250_10_1439_5_S_1-9__pop50_b8000__s29.json,,,,
250_10_1439_5_S_1-9.dat,9b1e592319e4dcdc8df7c50abe2b11aba12ca2ab27fd528ac1d0a262c02ca62c,250,10,pop50_b8000,47,50,50,20,0.9,0.9,0.3,randomized_lpt,ScheduleCrossover,ScheduleMutation,Tchebycheff,Cmax/H; TEC/max_cost,8000,8000,8000,0,0.0,0,0.0,8000,50,31.563751207999985,3.9454689009999986,7,375,3870175993/2000000,23,6,18,19,3,7,5,7,7,2,0.2604166666666667,0.28194444444444444,0.3115582026243761,0.34607363434497934,"[4, 1, 1, 0, 1]","[5, 0, 1, 0, 1]",1,1,7,50,viable_unique_exact_nondominated,runs/250_10_1439_5_S_1-9__pop50_b8000__s47.json,,,,
250_10_1439_5_S_1-9.dat,9b1e592319e4dcdc8df7c50abe2b11aba12ca2ab27fd528ac1d0a262c02ca62c,250,10,pop100_b2000,11,100,100,20,0.9,0.9,0.3,randomized_lpt,ScheduleCrossover,ScheduleMutation,Tchebycheff,Cmax/H; TEC/max_cost,2000,2000,2000,0,0.0,0,0.0,2000,100,11.157142653999927,5.578571326999963,5,381,5051116117/2400000,14,7,11,11,1,5,4,5,5,1,0.26458333333333334,0.27361111111111114,0.3388555329925401,0.3568093960714861,"[1, 1, 1, 1, 1]","[1, 0, 0, 1, 3]",1,1,5,100,viable_unique_exact_nondominated,runs/250_10_1439_5_S_1-9__pop100_b2000__s11.json,,,,
250_10_1439_5_S_1-9.dat,9b1e592319e4dcdc8df7c50abe2b11aba12ca2ab27fd528ac1d0a262c02ca62c,250,10,pop100_b2000,29,100,100,20,0.9,0.9,0.3,randomized_lpt,ScheduleCrossover,ScheduleMutation,Tchebycheff,Cmax/H; TEC/max_cost,2000,2000,2000,0,0.0,0,0.0,2000,100,11.051798929000142,5.525899464500071,5,374,121051221151/60000000,21,6,20,16,5,5,5,5,5,2,0.25972222222222224,0.27569444444444446,0.3248301968308914,0.3702183024794719,"[1, 1, 0, 1, 2]","[4, 0, 0, 0, 1]",1,1,5,100,viable_unique_exact_nondominated,runs/250_10_1439_5_S_1-9__pop100_b2000__s29.json,,,,
250_10_1439_5_S_1-9.dat,9b1e592319e4dcdc8df7c50abe2b11aba12ca2ab27fd528ac1d0a262c02ca62c,250,10,pop100_b2000,47,100,100,20,0.9,0.9,0.3,randomized_lpt,ScheduleCrossover,ScheduleMutation,Tchebycheff,Cmax/H; TEC/max_cost,2000,2000,2000,0,0.0,0,0.0,2000,100,11.08947759900002,5.54473879950001,3,377,25163706013/12000000,9,2,7,6,3,3,2,3,3,2,0.26180555555555557,0.2743055555555556,0.337622846736972,0.3817957645575055,"[2, 0, 0, 0, 1]","[1, 0, 0, 0, 2]",1,1,3,100,viable_unique_exact_nondominated,runs/250_10_1439_5_S_1-9__pop100_b2000__s47.json,,,,
250_10_1439_5_S_1-9.dat,9b1e592319e4dcdc8df7c50abe2b11aba12ca2ab27fd528ac1d0a262c02ca62c,250,10,pop100_b8000,11,100,100,20,0.9,0.9,0.3,randomized_lpt,ScheduleCrossover,ScheduleMutation,Tchebycheff,Cmax/H; TEC/max_cost,8000,8000,8000,0,0.0,0,0.0,8000,100,33.156675834,4.144584479249999,11,373,117815596291/60000000,20,11,17,16,2,11,9,11,9,2,0.2590277777777778,0.3055555555555556,0.31614768499704826,0.3407816594080395,"[5, 3, 0, 2, 1]","[5, 2, 1, 1, 2]",1,1,11,100,viable_unique_exact_nondominated,runs/250_10_1439_5_S_1-9__pop100_b8000__s11.json,,,,
250_10_1439_5_S_1-9.dat,9b1e592319e4dcdc8df7c50abe2b11aba12ca2ab27fd528ac1d0a262c02ca62c,250,10,pop100_b8000,29,100,100,20,0.9,0.9,0.3,randomized_lpt,ScheduleCrossover,ScheduleMutation,Tchebycheff,Cmax/H; TEC/max_cost,8000,8000,8000,0,0.0,0,0.0,8000,100,32.98073777500008,4.12259222187501,10,374,18113284931/10000000,19,6,18,19,3,10,5,10,10,2,0.25972222222222224,0.2875,0.2916323447270971,0.3127229308780121,"[4, 2, 1, 2, 1]","[3, 1, 3, 2, 1]",1,1,10,100,viable_unique_exact_nondominated,runs/250_10_1439_5_S_1-9__pop100_b8000__s29.json,,,,
250_10_1439_5_S_1-9.dat,9b1e592319e4dcdc8df7c50abe2b11aba12ca2ab27fd528ac1d0a262c02ca62c,250,10,pop100_b8000,47,100,100,20,0.9,0.9,0.3,randomized_lpt,ScheduleCrossover,ScheduleMutation,Tchebycheff,Cmax/H; TEC/max_cost,8000,8000,8000,0,0.0,0,0.0,8000,100,32.848349994000046,4.106043749250006,16,377,2499417709/1250000,31,10,25,28,3,16,7,15,15,3,0.26180555555555557,0.30694444444444446,0.3219343370149734,0.37446838465893845,"[7, 6, 0, 0, 3]","[8, 2, 2, 0, 4]",1,1,16,100,viable_unique_exact_nondominated,runs/250_10_1439_5_S_1-9__pop100_b8000__s47.json,,,,
250_10_1439_5_S_1-9.dat,9b1e592319e4dcdc8df7c50abe2b11aba12ca2ab27fd528ac1d0a262c02ca62c,250,10,neighbors05,11,50,50,5,0.9,0.9,0.3,randomized_lpt,ScheduleCrossover,ScheduleMutation,Tchebycheff,Cmax/H; TEC/max_cost,2000,2000,2000,0,0.0,0,0.0,2000,50,9.254463148000013,4.627231574000007,5,368,121848909371/60000000,19,6,15,16,1,5,3,5,5,1,0.25555555555555554,0.28888888888888886,0.3269707222964633,0.374299680759942,"[2, 0, 0, 1, 2]","[4, 0, 0, 0, 1]",1,1,5,50,viable_unique_exact_nondominated,runs/250_10_1439_5_S_1-9__neighbors05__s11.json,,,,
250_10_1439_5_S_1-9.dat,9b1e592319e4dcdc8df7c50abe2b11aba12ca2ab27fd528ac1d0a262c02ca62c,250,10,neighbors05,29,50,50,5,0.9,0.9,0.3,randomized_lpt,ScheduleCrossover,ScheduleMutation,Tchebycheff,Cmax/H; TEC/max_cost,2000,2000,2000,0,0.0,0,0.0,2000,50,9.236273627999935,4.618136813999968,9,377,123402319211/60000000,16,10,14,14,6,9,8,9,9,4,0.26180555555555557,0.30416666666666664,0.3311391595851446,0.34966245787849515,"[4, 3, 0, 1, 1]","[2, 2, 1, 1, 3]",1,1,9,50,viable_unique_exact_nondominated,runs/250_10_1439_5_S_1-9__neighbors05__s29.json,,,,
250_10_1439_5_S_1-9.dat,9b1e592319e4dcdc8df7c50abe2b11aba12ca2ab27fd528ac1d0a262c02ca62c,250,10,neighbors05,47,50,50,5,0.9,0.9,0.3,randomized_lpt,ScheduleCrossover,ScheduleMutation,Tchebycheff,Cmax/H; TEC/max_cost,2000,2000,2000,0,0.0,0,0.0,2000,50,9.30151601600005,4.650758008000025,17,379,121092251573/60000000,22,16,20,18,2,17,15,17,16,2,0.26319444444444445,0.3020833333333333,0.324940298322868,0.384409267321419,"[4, 2, 5, 4, 2]","[8, 4, 1, 0, 4]",1,1,17,50,viable_unique_exact_nondominated,runs/250_10_1439_5_S_1-9__neighbors05__s47.json,,,,
250_10_1439_5_S_1-9.dat,9b1e592319e4dcdc8df7c50abe2b11aba12ca2ab27fd528ac1d0a262c02ca62c,250,10,neighbors40,11,50,50,40,0.9,0.9,0.3,randomized_lpt,ScheduleCrossover,ScheduleMutation,Tchebycheff,Cmax/H; TEC/max_cost,2000,2000,2000,0,0.0,0,0.0,2000,50,9.355550040000026,4.677775020000013,1,374,40492620021/20000000,10,1,1,10,1,1,1,1,1,1,0.25972222222222224,0.25972222222222224,0.3259750444453389,0.3259750444453389,"[1, 0, 0, 0, 0]","[1, 0, 0, 0, 0]",1,1,1,50,viable_unique_exact_nondominated,runs/250_10_1439_5_S_1-9__neighbors40__s11.json,,,,
250_10_1439_5_S_1-9.dat,9b1e592319e4dcdc8df7c50abe2b11aba12ca2ab27fd528ac1d0a262c02ca62c,250,10,neighbors40,29,50,50,40,0.9,0.9,0.3,randomized_lpt,ScheduleCrossover,ScheduleMutation,Tchebycheff,Cmax/H; TEC/max_cost,2000,2000,2000,0,0.0,0,0.0,2000,50,9.195303211999999,4.5976516059999994,7,379,25517161631/12000000,16,3,14,14,1,7,3,7,7,1,0.26319444444444445,0.2708333333333333,0.34236518047281705,0.38837218471260665,"[3, 2, 0, 1, 1]","[4, 2, 0, 0, 1]",1,1,7,50,viable_unique_exact_nondominated,runs/250_10_1439_5_S_1-9__neighbors40__s29.json,,,,
250_10_1439_5_S_1-9.dat,9b1e592319e4dcdc8df7c50abe2b11aba12ca2ab27fd528ac1d0a262c02ca62c,250,10,neighbors40,47,50,50,40,0.9,0.9,0.3,randomized_lpt,ScheduleCrossover,ScheduleMutation,Tchebycheff,Cmax/H; TEC/max_cost,2000,2000,2000,0,0.0,0,0.0,2000,50,9.266678612000078,4.633339306000039,6,376,11872334999/6000000,10,4,7,8,1,6,3,5,5,1,0.2611111111111111,0.27847222222222223,0.31858356139644717,0.3282627039660817,"[3, 0, 0, 1, 2]","[2, 0, 0, 1, 3]",1,1,6,50,viable_unique_exact_nondominated,runs/250_10_1439_5_S_1-9__neighbors40__s47.json,,,,
250_10_1439_5_S_1-9.dat,9b1e592319e4dcdc8df7c50abe2b11aba12ca2ab27fd528ac1d0a262c02ca62c,250,10,mating_global,11,50,50,20,0.0,0.9,0.3,randomized_lpt,ScheduleCrossover,ScheduleMutation,Tchebycheff,Cmax/H; TEC/max_cost,2000,2000,2000,0,0.0,0,0.0,2000,50,9.322368267999991,4.6611841339999955,6,366,44973523031/20000000,14,2,11,10,1,6,2,6,6,1,0.25416666666666665,0.2673611111111111,0.3620473597729834,0.37022943390489993,"[2, 2, 0, 0, 2]","[2, 0, 2, 0, 2]",1,1,6,50,viable_unique_exact_nondominated,runs/250_10_1439_5_S_1-9__mating_global__s11.json,,,,
250_10_1439_5_S_1-9.dat,9b1e592319e4dcdc8df7c50abe2b11aba12ca2ab27fd528ac1d0a262c02ca62c,250,10,mating_global,29,50,50,20,0.0,0.9,0.3,randomized_lpt,ScheduleCrossover,ScheduleMutation,Tchebycheff,Cmax/H; TEC/max_cost,2000,2000,2000,0,0.0,0,0.0,2000,50,9.38363949099994,4.69181974549997,3,370,63532638523/30000000,7,2,6,5,2,3,2,3,3,1,0.2569444444444444,0.2722222222222222,0.3409683814898299,0.34323546736435356,"[1, 0, 1, 0, 1]","[2, 0, 0, 0, 1]",1,1,3,50,viable_unique_exact_nondominated,runs/250_10_1439_5_S_1-9__mating_global__s29.json,,,,
250_10_1439_5_S_1-9.dat,9b1e592319e4dcdc8df7c50abe2b11aba12ca2ab27fd528ac1d0a262c02ca62c,250,10,mating_global,47,50,50,20,0.0,0.9,0.3,randomized_lpt,ScheduleCrossover,ScheduleMutation,Tchebycheff,Cmax/H; TEC/max_cost,2000,2000,2000,0,0.0,0,0.0,2000,50,9.24621385599994,4.62310692799997,4,375,126422590849/60000000,16,3,11,13,2,4,2,4,4,1,0.2604166666666667,0.2625,0.3392437901813986,0.3480579300381044,"[1, 1, 0, 1, 1]","[2, 1, 0, 0, 1]",1,1,4,50,viable_unique_exact_nondominated,runs/250_10_1439_5_S_1-9__mating_global__s47.json,,,,
