instance,population_size,seed,coverage_8000_by_2000,coverage_2000_by_8000,front_2000,front_8000
14_2_1439_3_S_1-9_derivada.dat,20,11,0.0,0.8333333333333334,18,20
14_2_1439_3_S_1-9_derivada.dat,20,29,0.05,0.7222222222222222,18,20
14_2_1439_3_S_1-9_derivada.dat,20,47,0.15,0.631578947368421,19,20
14_2_1439_3_S_1-9_derivada.dat,50,11,0.14583333333333334,0.8709677419354839,31,48
14_2_1439_3_S_1-9_derivada.dat,50,29,0.022727272727272728,0.9090909090909091,33,44
14_2_1439_3_S_1-9_derivada.dat,50,47,0.0,0.8823529411764706,17,43
14_2_1439_3_S_1-9_derivada.dat,100,11,0.028985507246376812,0.9428571428571428,35,69
14_2_1439_3_S_1-9_derivada.dat,100,29,0.014705882352941176,1.0,30,68
14_2_1439_3_S_1-9_derivada.dat,100,47,0.0,1.0,38,45
250_10_1439_5_S_1-9.dat,20,11,0.0,1.0,11,11
250_10_1439_5_S_1-9.dat,20,29,0.0,1.0,5,8
250_10_1439_5_S_1-9.dat,20,47,0.0,1.0,9,13
250_10_1439_5_S_1-9.dat,50,11,0.0,1.0,9,8
250_10_1439_5_S_1-9.dat,50,29,0.125,0.6666666666666666,9,8
250_10_1439_5_S_1-9.dat,50,47,0.0,1.0,8,7
250_10_1439_5_S_1-9.dat,100,11,0.0,1.0,5,11
250_10_1439_5_S_1-9.dat,100,29,0.0,1.0,5,10
250_10_1439_5_S_1-9.dat,100,47,0.0,1.0,3,16
50_10_1439_5_S_1-9.dat,20,11,0.07142857142857142,0.8888888888888888,9,14
50_10_1439_5_S_1-9.dat,20,29,0.07692307692307693,1.0,12,13
50_10_1439_5_S_1-9.dat,20,47,0.058823529411764705,0.8571428571428571,7,17
50_10_1439_5_S_1-9.dat,50,11,0.058823529411764705,0.8333333333333334,6,17
50_10_1439_5_S_1-9.dat,50,29,0.05555555555555555,0.75,4,18
50_10_1439_5_S_1-9.dat,50,47,0.0,0.7142857142857143,7,10
50_10_1439_5_S_1-9.dat,100,11,0.0,1.0,8,15
50_10_1439_5_S_1-9.dat,100,29,0.0,1.0,10,13
50_10_1439_5_S_1-9.dat,100,47,0.0,1.0,14,17
6_2_1439_3_S_1-9.dat,20,11,0.4375,0.5882352941176471,17,16
6_2_1439_3_S_1-9.dat,20,29,0.4117647058823529,0.6666666666666666,15,17
6_2_1439_3_S_1-9.dat,20,47,0.7368421052631579,0.9444444444444444,18,19
6_2_1439_3_S_1-9.dat,50,11,0.41379310344827586,0.9545454545454546,22,29
6_2_1439_3_S_1-9.dat,50,29,0.2916666666666667,0.8636363636363636,22,24
6_2_1439_3_S_1-9.dat,50,47,0.5714285714285714,1.0,20,28
6_2_1439_3_S_1-9.dat,100,11,0.1875,0.9375,16,32
6_2_1439_3_S_1-9.dat,100,29,0.15625,1.0,26,32
6_2_1439_3_S_1-9.dat,100,47,0.17142857142857143,1.0,16,35
