instance,seed,variant,control_n_neighbors,variant_n_neighbors,control_prob_neighbor_mating,variant_prob_neighbor_mating,front_control,front_variant,variant_covered_by_control,control_covered_by_variant,cmax_min_control,cmax_min_variant,tec_min_control,tec_min_variant,rejection_control,rejection_variant,population_schedules_control,population_schedules_variant
14_2_1439_3_S_1-9_derivada.dat,11,neighbors05,20,5,0.9,0.9,31,18,0.6111111111111112,0.0967741935483871,208,207,910336259/7500000,682425339/5000000,0.0,0.0,33,23
14_2_1439_3_S_1-9_derivada.dat,29,neighbors05,20,5,0.9,0.9,33,28,0.5,0.15151515151515152,210,209,94634683/750000,234060641/1875000,0.0,0.0,37,34
14_2_1439_3_S_1-9_derivada.dat,47,neighbors05,20,5,0.9,0.9,17,19,0.7368421052631579,0.058823529411764705,212,205,670222743/5000000,116231341/750000,0.0,0.0,24,32
250_10_1439_5_S_1-9.dat,11,neighbors05,20,5,0.9,0.9,9,5,0.0,1.0,369,368,41222967989/20000000,121848909371/60000000,0.0,0.0,14,19
250_10_1439_5_S_1-9.dat,29,neighbors05,20,5,0.9,0.9,9,9,0.2222222222222222,0.6666666666666666,378,377,41817602429/20000000,123402319211/60000000,0.0,0.0,19,16
250_10_1439_5_S_1-9.dat,47,neighbors05,20,5,0.9,0.9,8,17,0.47058823529411764,0.0,376,379,126489801973/60000000,121092251573/60000000,0.0,0.0,13,22
50_10_1439_5_S_1-9.dat,11,neighbors05,20,5,0.9,0.9,6,11,0.09090909090909091,0.3333333333333333,73,72,19482187/60000,9358341967/30000000,0.0,0.0,16,22
50_10_1439_5_S_1-9.dat,29,neighbors05,20,5,0.9,0.9,4,10,0.2,0.5,71,71,326322597/1000000,1818073817/6000000,0.0,0.0,19,21
50_10_1439_5_S_1-9.dat,47,neighbors05,20,5,0.9,0.9,7,6,0.5,0.2857142857142857,73,74,765196387/2400000,18096917957/60000000,0.0,0.0,17,15
6_2_1439_3_S_1-9.dat,11,neighbors05,20,5,0.9,0.9,22,13,0.7692307692307693,0.18181818181818182,94,96,33524857/250000,10540073/78125,0.0,0.0,26,15
6_2_1439_3_S_1-9.dat,29,neighbors05,20,5,0.9,0.9,22,11,0.7272727272727273,0.09090909090909091,96,96,33524857/250000,351728531/2500000,0.0,0.0,29,20
6_2_1439_3_S_1-9.dat,47,neighbors05,20,5,0.9,0.9,20,16,0.4375,0.45,94,94,33524857/250000,10540073/78125,0.0,0.0,24,24
14_2_1439_3_S_1-9_derivada.dat,11,neighbors40,20,40,0.9,0.9,31,22,0.45454545454545453,0.0967741935483871,208,212,910336259/7500000,1793862317/15000000,0.0,0.0,33,28
14_2_1439_3_S_1-9_derivada.dat,29,neighbors40,20,40,0.9,0.9,33,30,0.03333333333333333,0.7272727272727273,210,203,94634683/750000,126206479/1000000,0.0,0.0,37,34
14_2_1439_3_S_1-9_derivada.dat,47,neighbors40,20,40,0.9,0.9,17,30,0.1,0.8823529411764706,212,210,670222743/5000000,38431721/312500,0.0,0.0,24,35
250_10_1439_5_S_1-9.dat,11,neighbors40,20,40,0.9,0.9,9,1,0.0,0.6666666666666666,369,374,41222967989/20000000,40492620021/20000000,0.0,0.0,14,10
250_10_1439_5_S_1-9.dat,29,neighbors40,20,40,0.9,0.9,9,7,0.42857142857142855,0.3333333333333333,378,379,41817602429/20000000,25517161631/12000000,0.0,0.0,19,16
250_10_1439_5_S_1-9.dat,47,neighbors40,20,40,0.9,0.9,8,6,0.0,1.0,376,376,126489801973/60000000,11872334999/6000000,0.0,0.0,13,10
50_10_1439_5_S_1-9.dat,11,neighbors40,20,40,0.9,0.9,6,6,0.0,0.5,73,72,19482187/60000,2318121997/7500000,0.0,0.0,16,23
50_10_1439_5_S_1-9.dat,29,neighbors40,20,40,0.9,0.9,4,8,0.125,0.5,71,71,326322597/1000000,16863293609/60000000,0.0,0.0,19,21
50_10_1439_5_S_1-9.dat,47,neighbors40,20,40,0.9,0.9,7,8,0.875,0.2857142857142857,73,75,765196387/2400000,243261011/750000,0.0,0.0,17,11
6_2_1439_3_S_1-9.dat,11,neighbors40,20,40,0.9,0.9,22,18,0.3888888888888889,0.5,94,94,33524857/250000,33524857/250000,0.0,0.0,26,25
6_2_1439_3_S_1-9.dat,29,neighbors40,20,40,0.9,0.9,22,23,0.34782608695652173,0.7727272727272727,96,94,33524857/250000,33524857/250000,0.0,0.0,29,28
6_2_1439_3_S_1-9.dat,47,neighbors40,20,40,0.9,0.9,20,27,0.48148148148148145,0.75,94,96,33524857/250000,33524857/250000,0.0,0.0,24,29
14_2_1439_3_S_1-9_derivada.dat,11,mating_global,20,20,0.9,0.0,31,25,0.96,0.0,208,210,910336259/7500000,18739701/125000,0.0,0.0,33,26
14_2_1439_3_S_1-9_derivada.dat,29,mating_global,20,20,0.9,0.0,33,25,0.88,0.0,210,210,94634683/750000,4101605651/30000000,0.0,0.0,37,32
14_2_1439_3_S_1-9_derivada.dat,47,mating_global,20,20,0.9,0.0,17,25,0.2,0.5882352941176471,212,207,670222743/5000000,382331867/3000000,0.0,0.0,24,31
250_10_1439_5_S_1-9.dat,11,mating_global,20,20,0.9,0.0,9,6,0.6666666666666666,0.1111111111111111,369,366,41222967989/20000000,44973523031/20000000,0.0,0.0,14,14
250_10_1439_5_S_1-9.dat,29,mating_global,20,20,0.9,0.0,9,3,0.3333333333333333,0.5555555555555556,378,370,41817602429/20000000,63532638523/30000000,0.0,0.0,19,7
250_10_1439_5_S_1-9.dat,47,mating_global,20,20,0.9,0.0,8,4,0.0,1.0,376,375,126489801973/60000000,126422590849/60000000,0.0,0.0,13,16
50_10_1439_5_S_1-9.dat,11,mating_global,20,20,0.9,0.0,6,8,0.5,0.16666666666666666,73,74,19482187/60000,18791820289/60000000,0.0,0.0,16,17
50_10_1439_5_S_1-9.dat,29,mating_global,20,20,0.9,0.0,4,10,0.7,0.25,71,71,326322597/1000000,6370223201/20000000,0.0,0.0,19,19
50_10_1439_5_S_1-9.dat,47,mating_global,20,20,0.9,0.0,7,6,0.5,0.2857142857142857,73,71,765196387/2400000,19863098459/60000000,0.0,0.0,17,16
6_2_1439_3_S_1-9.dat,11,mating_global,20,20,0.9,0.0,22,18,0.6666666666666666,0.13636363636363635,94,97,33524857/250000,1026777433/7500000,0.0,0.0,26,24
6_2_1439_3_S_1-9.dat,29,mating_global,20,20,0.9,0.0,22,14,0.5,0.36363636363636365,96,96,33524857/250000,10540073/78125,0.0,0.0,29,19
6_2_1439_3_S_1-9.dat,47,mating_global,20,20,0.9,0.0,20,13,0.5384615384615384,0.2,94,96,33524857/250000,137150077/1000000,0.0,0.0,24,21
