instance,n,configuration,population_size,max_evaluations,front_median,front_min,front_max,cmax_min_median,tec_min_median_float,tec_min_exact_by_seed,rejection_rate_median,fallbacks_median,seconds_median,milliseconds_per_evaluation_median,population_schedules_median,front_schedules_median,population_allocation_order_mode_wait_medians,front_allocation_order_mode_wait_medians,cmax_h_range_union,tec_max_cost_range_union
14_2_1439_3_S_1-9_derivada.dat,14,pop20_b2000,20,2000,18,18,19,210,129.96625593333334,s11:128111117/937500;s29:143186811/1250000;s47:1949493839/15000000,0.0,0,0.8950703789998897,0.44753518949994486,19,18,9/19/16/2,9/18/16/2,0.145833-0.338194,0.098750-0.238275
14_2_1439_3_S_1-9_derivada.dat,14,pop20_b8000,20,8000,20,20,20,210,106.73828086666667,s11:1601074213/15000000;s29:1529795557/15000000;s47:822722911/7500000,0.0,0,3.5848045860000184,0.4481005732500023,20,20,7/15/18/1,7/15/18/1,0.143056-0.407639,0.087919-0.233868
14_2_1439_3_S_1-9_derivada.dat,14,pop50_b2000,50,2000,31,17,33,210,126.17957733333333,s11:910336259/7500000;s29:94634683/750000;s47:670222743/5000000,0.0,0,0.8821656449999864,0.4410828224999932,33,31,9/18/30/4,9/15/29/4,0.144444-0.324306,0.104636-0.236002
14_2_1439_3_S_1-9_derivada.dat,14,pop50_b8000,50,8000,44,43,48,208,108.83015446666667,s11:506778977/5000000;s29:112938577/1000000;s47:1632452317/15000000,0.0,0,3.5332397540000784,0.4416549692500098,49,44,8/29/37/4,8/28/35/4,0.143056-0.369444,0.087376-0.235575
14_2_1439_3_S_1-9_derivada.dat,14,pop100_b2000,100,2000,35,30,38,206,129.918909,s11:906010471/7500000;s29:129918909/1000000;s47:196613521/1500000,0.0,0,0.9015487090000533,0.4507743545000267,44,35,7/27/35/3,7/20/32/2,0.142361-0.321528,0.104139-0.241044
14_2_1439_3_S_1-9_derivada.dat,14,pop100_b8000,100,8000,68,45,69,206,107.74547926666666,s11:1616182189/15000000;s29:175113709/1500000;s47:1607950279/15000000,0.0,0,3.614671299000065,0.45183391237500814,77,68,8/34/63/4,8/30/59/3,0.142361-0.363889,0.092411-0.236002
250_10_1439_5_S_1-9.dat,250,pop20_b2000,20,2000,9,5,11,378,2135.5557192833335,s11:24377381057/12000000;s29:4449799303/2000000;s47:128133343157/60000000,0.0,0,8.176312948000032,4.088156474000016,14,9,8/14/10/2,7/9/7/2,0.261806-0.293056,0.327073-0.379394
250_10_1439_5_S_1-9.dat,250,pop20_b8000,20,8000,11,8,13,375,2012.08621585,s11:13969244591/7500000;s29:124104452711/60000000;s47:40241724317/20000000,0.0,0,30.336896890000162,3.7921121112500207,18,11,7/16/14/2,6/11/9/2,0.260417-0.288194,0.299882-0.365827
250_10_1439_5_S_1-9.dat,250,pop50_b2000,50,2000,9,8,9,376,2090.88012145,s11:41222967989/20000000;s29:41817602429/20000000;s47:126489801973/60000000,0.0,0,9.238609902000007,4.619304951000004,14,9,7/12/11/3,7/8/9/1,0.256250-0.286806,0.331855-0.387200
250_10_1439_5_S_1-9.dat,250,pop50_b8000,50,8000,8,7,8,375,1935.0879965,s11:35984212747/20000000;s29:29483199023/15000000;s47:3870175993/2000000,0.0,0,31.416032566000013,3.9270040707500016,21,8,6/13/19/3,5/7/7/2,0.256250-0.284028,0.289681-0.378118
250_10_1439_5_S_1-9.dat,250,pop100_b2000,100,2000,5,3,5,377,2096.9755010833333,s11:5051116117/2400000;s29:121051221151/60000000;s47:25163706013/12000000,0.0,0,11.08947759900002,5.54473879950001,14,5,6/11/11/3,4/5/5/2,0.259722-0.275694,0.324830-0.381796
250_10_1439_5_S_1-9.dat,250,pop100_b8000,100,8000,11,10,16,374,1963.5932715166666,s11:117815596291/60000000;s29:18113284931/10000000;s47:2499417709/1250000,0.0,0,32.98073777500008,4.12259222187501,20,11,10/18/19/3,7/11/10/2,0.259028-0.306944,0.291632-0.374468
50_10_1439_5_S_1-9.dat,50,pop20_b2000,20,2000,9,7,12,72,313.9973294,s11:3064159017/10000000;s29:1569986647/5000000;s47:595909579/1875000,0.0,0,2.3384825150001234,1.1692412575000617,13,9,7/11/13/2,7/8/9/2,0.047917-0.118750,0.264152-0.397752
50_10_1439_5_S_1-9.dat,50,pop20_b8000,20,8000,14,13,17,72,230.2271535,s11:1378618951/6000000;s29:460454307/2000000;s47:1396244923/6000000,0.0,0,8.896951466000019,1.1121189332500023,19,14,10/19/18/3,10/14/14/3,0.047917-0.116667,0.198077-0.397752
50_10_1439_5_S_1-9.dat,50,pop50_b2000,50,2000,6,4,7,73,324.7031166666667,s11:19482187/60000;s29:326322597/1000000;s47:765196387/2400000,0.0,0,2.5524668699999893,1.2762334349999946,17,6,6/9/15/2,5/6/6/1,0.049306-0.068750,0.274855-0.392423
50_10_1439_5_S_1-9.dat,50,pop50_b8000,50,8000,17,10,18,73,247.4027916,s11:618506979/2500000;s29:7664666837/30000000;s47:13491309581/60000000,0.0,0,9.108696376000125,1.1385870470000157,29,17,5/18/27/3,5/13/17/2,0.049306-0.108333,0.193841-0.378519
50_10_1439_5_S_1-9.dat,50,pop100_b2000,100,2000,10,8,14,70,299.65470581666665,s11:2939130831/10000000;s29:17979282349/60000000;s47:18269045581/60000000,0.0,0,2.8824596249999104,1.4412298124999552,26,10,8/20/23/1,5/9/10/1,0.045139-0.123611,0.253373-0.438133
50_10_1439_5_S_1-9.dat,50,pop100_b8000,100,8000,15,13,17,70,228.346727,s11:4346981133/20000000;s29:2377940543/10000000;s47:228346727/1000000,0.0,0,9.474393138999858,1.1842991423749822,28,15,8/21/25/8,6/13/14/7,0.045139-0.120833,0.187370-0.344039
6_2_1439_3_S_1-9.dat,6,pop20_b2000,20,2000,17,15,18,94,134.099428,s11:33524857/250000;s29:33524857/250000;s47:33524857/250000,0.0,0,0.7318090329999904,0.3659045164999952,18,17,4/9/12/1,4/8/12/1,0.065278-0.157639,0.206625-0.384549
6_2_1439_3_S_1-9.dat,6,pop20_b8000,20,8000,17,16,19,94,134.099428,s11:33524857/250000;s29:33524857/250000;s47:33524857/250000,0.0,0,2.9347230000000195,0.36684037500000244,19,17,4/8/13/1,4/8/12/1,0.065278-0.157639,0.206625-0.384549
6_2_1439_3_S_1-9.dat,6,pop50_b2000,50,2000,22,20,22,94,134.099428,s11:33524857/250000;s29:33524857/250000;s47:33524857/250000,0.0,0,0.7305624780000244,0.3652812390000122,26,22,5/12/17/1,5/10/16/1,0.065278-0.155556,0.206625-0.393216
6_2_1439_3_S_1-9.dat,6,pop50_b8000,50,8000,28,24,29,94,134.099428,s11:33524857/250000;s29:33524857/250000;s47:33524857/250000,0.0,0,2.9573622059999707,0.36967027574999634,31,28,5/14/20/1,5/12/19/1,0.065278-0.155556,0.206625-0.393216
6_2_1439_3_S_1-9.dat,6,pop100_b2000,100,2000,16,16,26,95,134.9129344,s11:10540073/78125;s29:33524857/250000;s47:689817917/5000000,0.0,0,0.7329796219999025,0.36648981099995126,26,16,4/12/17/2,4/8/13/2,0.065278-0.154861,0.206625-0.388466
6_2_1439_3_S_1-9.dat,6,pop100_b8000,100,8000,32,32,35,94,134.099428,s11:33524857/250000;s29:33524857/250000;s47:33524857/250000,0.0,0,2.948779760999969,0.3685974701249961,42,32,5/13/28/1,4/8/25/1,0.065278-0.153472,0.206625-0.384549
